x_linear_H0,y_linear_H0,x_linear_H1,y_linear_H1,x_circular_H0,y_circular_H0,x_circular_H1,y_circular_H1,x_elliptical_H0,y_elliptical_H0,x_elliptical_H1,y_elliptical_H1
0,0,0,0,0,0,0,0,0,0,0,0
-2.9762491e-08,0,-2.976161e-08,-1.8690853e-10,-2.1045259e-08,-1.3246443e-10,-2.1044012e-08,-2.6462637e-10,-2.5521125e-08,-9.6382029e-11,-2.5519916e-08,-2.5665306e-10
-1.1939774e-07,0,-1.1938363e-07,-1.4984829e-09,-8.4426951e-08,-1.0644434e-09,-8.4406954e-08,-2.1239554e-09,-1.0238272e-07,-7.7449637e-10,-1.0236333e-07,-2.05938e-09
-2.6941451e-07,0,-2.6934294e-07,-5.0679051e-09,-1.9050483e-07,-3.6084056e-09,-1.9040333e-07,-7.1913812e-09,-2.3102104e-07,-2.6255007e-09,-2.3092264e-07,-6.9707755e-09
-4.8030396e-07,0,-4.8007737e-07,-1.2036979e-08,-3.3962619e-07,-8.5908489e-09,-3.3930459e-07,-1.7099848e-08,-4.1185725e-07,-6.2507607e-09,-4.1154553e-07,-1.6570617e-08
-7.5253904e-07,0,-7.5198498e-07,-2.3555387e-08,-5.3212546e-07,-1.6852176e-08,-5.3133835e-07,-3.3500913e-08,-6.4529691e-07,-1.2261759e-08,-6.4453416e-07,-3.2454926e-08
-1.086574e-06,0,-1.0854234e-06,-4.0779943e-08,-7.6832388e-07,-2.924657e-08,-7.6668772e-07,-5.8063792e-08,-9.3172956e-07,-2.1280005e-08,-9.301444e-07,-5.623502e-08
-1.482844e-06,0,-1.480709e-06,-6.4873819e-08,-1.048529e-06,-4.6641857e-08,-1.0454905e-06,-9.2474372e-08,-1.2715282e-06,-3.3936936e-08,-1.2685851e-06,-8.9536526e-08
-1.9417641e-06,0,-1.9381166e-06,-9.7005759e-08,-1.3730346e-06,-6.9919361e-08,-1.3678388e-06,-1.384342e-07,-1.665049e-06,-5.0873807e-08,-1.6600174e-06,-1.3399838e-07
-2.4637294e-06,0,-2.4578786e-06,-1.3834928e-07,-1.7421198e-06,-9.9973743e-08,-1.7337777e-06,-1.9765946e-07,-2.1126305e-06,-7.2741583e-08,-2.104554e-06,-1.9127179e-07
-3.0491139e-06,0,-3.0401841e-06,-1.9008189e-07,-2.1560491e-06,-1.3771284e-07,-2.1433055e-06,-2.718799e-07,-2.6145936e-06,-1.0020081e-07,-2.6022584e-06,-2.6301923e-07
-3.6982701e-06,0,-3.6851788e-06,-2.5338422e-07,-2.6150719e-06,-1.8405751e-07,-2.5963724e-06,-3.6283782e-07,-3.1712405e-06,-1.3392151e-07,-3.1531443e-06,-3.5091336e-07
-4.4115289e-06,0,-4.3929642e-06,-3.2943926e-07,-3.119422e-06,-2.399414e-07,-3.0928801e-06,-4.722869e-07,-3.7828548e-06,-1.7458301e-07,-3.7571751e-06,-4.5663593e-07
-5.1891984e-06,0,-5.1635968e-06,-4.1943147e-07,-3.6693174e-06,-3.0631082e-07,-3.6326814e-06,-6.0199119e-07,-4.4497009e-06,-2.2287386e-07,-4.414263e-06,-5.8187673e-07
-6.0315638e-06,0,-5.9970879e-06,-5.2454597e-07,-4.2649596e-06,-3.8412449e-07,-4.2155791e-06,-7.537239e-07,-5.1720233e-06,-2.7949162e-07,-5.1242685e-06,-7.2833247e-07
-6.9388866e-06,0,-6.8934027e-06,-6.4596766e-07,-4.9065338e-06,-4.7435337e-07,-4.8413264e-06,-9.2926629e-07,-5.9500462e-06,-3.4514277e-07,-5.887e-06,-8.9770562e-07
-7.9114044e-06,0,-7.8524602e-06,-7.8488035e-07,-5.5942077e-06,-5.7798041e-07,-5.5096251e-06,-1.1304065e-06,-6.7839733e-06,-4.2054252e-07,-6.7022127e-06,-1.0917033e-06
-8.94933e-06,0,-8.8741321e-06,-9.424659e-07,-6.3281319e-06,-6.9600035e-07,-6.2201265e-06,-1.3589384e-06,-7.6739872e-06,-5.0641464e-07,-7.569609e-06,-1.312036e-06
-1.0052851e-05,0,-9.9582431e-06,-1.1199033e-06,-7.1084392e-06,-8.2941947e-07,-6.9724296e-06,-1.6166601e-06,-8.6202487e-06,-6.0349131e-07,-8.4888369e-06,-1.5604167e-06
-1.1222129e-05,0,-1.110457e-05,-1.3183677e-06,-7.9352439e-06,-9.7925534e-07,-7.7660817e-06,-1.9053734e-06,-9.6228967e-06,-7.1251292e-07,-9.4594904e-06,-1.8385592e-06
-1.2457301e-05,0,-1.231284e-05,-1.5390297e-06,-8.808642e-06,-1.1465366e-06,-8.6005775e-06,-2.2268817e-06,-1.0682047e-05,-8.3422789e-07,-1.0481109e-05,-2.1481773e-06
-1.3758474e-05,0,-1.3582733e-05,-1.7830543e-06,-9.7287106e-06,-1.3323025e-06,-9.4753586e-06,-2.5829891e-06,-1.1797795e-05,-9.6939248e-07,-1.1553175e-05,-2.4909832e-06
-1.5125732e-05,0,-1.491388e-05,-2.0515998e-06,-1.0695507e-05,-1.5376031e-06,-1.0389813e-05,-2.9754996e-06,-1.2970208e-05,-1.1187706e-06,-1.2675118e-05,-2.8686869e-06
-1.6559126e-05,0,-1.6305861e-05,-2.3458173e-06,-1.170907e-05,-1.7634984e-06,-1.1343276e-05,-3.4062149e-06,-1.4199333e-05,-1.2831336e-06,-1.384631e-05,-3.2829941e-06
-1.8058683e-05,0,-1.7758206e-05,-2.6668494e-06,-1.2769417e-05,-2.0110585e-06,-1.2335029e-05,-3.8769339e-06,-1.5485193e-05,-1.46326e-06,-1.5066066e-05,-3.7356056e-06
-1.96244e-05,0,-1.9270396e-05,-3.0158294e-06,-1.3876546e-05,-2.2813629e-06,-1.3364296e-05,-4.389451e-06,-1.6827784e-05,-1.6599353e-06,-1.6333645e-05,-4.2282157e-06
-2.1256243e-05,0,-2.0841861e-05,-3.3938804e-06,-1.5030434e-05,-2.5755005e-06,-1.4430251e-05,-4.9455546e-06,-1.8227078e-05,-1.8739519e-06,-1.7648249e-05,-4.7625109e-06
-2.2954151e-05,0,-2.2471979e-05,-3.8021141e-06,-1.6231036e-05,-2.8945694e-06,-1.5532011e-05,-5.5470262e-06,-1.9683022e-05,-2.1061086e-06,-1.9009023e-05,-5.3401688e-06
-2.4718029e-05,0,-2.4160077e-05,-4.2416303e-06,-1.7478286e-05,-3.2396759e-06,-1.6668637e-05,-6.1956386e-06,-2.1195535e-05,-2.3572105e-06,-2.0415053e-05,-5.9628564e-06
-2.6547754e-05,0,-2.5905433e-05,-4.7135152e-06,-1.8772097e-05,-3.611935e-06,-1.7839136e-05,-6.8931547e-06,-2.2764511e-05,-2.6280688e-06,-2.1865368e-05,-6.6322292e-06
-2.8443171e-05,0,-2.7707269e-05,-5.2188413e-06,-2.0112359e-05,-4.0124695e-06,-1.9042461e-05,-7.6413263e-06,-2.4389818e-05,-2.9195004e-06,-2.335894e-05,-7.3499293e-06
-3.0404092e-05,0,-2.9564759e-05,-5.7586657e-06,-2.149894e-05,-4.4424098e-06,-2.0277506e-05,-8.4418922e-06,-2.6071294e-05,-3.2323279e-06,-2.4894682e-05,-8.1175848e-06
-3.2430299e-05,0,-3.1477023e-05,-6.3340294e-06,-2.2931684e-05,-4.9028933e-06,-2.1543114e-05,-9.2965772e-06,-2.7808752e-05,-3.5673789e-06,-2.6471448e-05,-8.9368077e-06
-3.4521538e-05,0,-3.3443128e-05,-6.9459566e-06,-2.4410413e-05,-5.3950646e-06,-2.2838069e-05,-1.0207091e-05,-2.9601974e-05,-3.9254861e-06,-2.8088034e-05,-9.8091929e-06
-3.6677524e-05,0,-3.546209e-05,-7.5954531e-06,-2.5934926e-05,-5.9200745e-06,-2.41611e-05,-1.1175125e-05,-3.1450718e-05,-4.3074869e-06,-2.9743179e-05,-1.0736317e-05
-3.8897939e-05,0,-3.7532873e-05,-8.2835058e-06,-2.7504996e-05,-6.47908e-06,-2.5510882e-05,-1.2202354e-05,-3.3354707e-05,-4.7142232e-06,-3.1435562e-05,-1.1719736e-05
-4.1182427e-05,0,-3.9654386e-05,-9.0110817e-06,-2.9120374e-05,-7.0732435e-06,-2.6886032e-05,-1.3290432e-05,-3.531364e-05,-5.1465406e-06,-3.3163804e-05,-1.2760985e-05
-4.3530602e-05,0,-4.1825488e-05,-9.7791264e-06,-3.0780784e-05,-7.7037329e-06,-2.8285115e-05,-1.444099e-05,-3.7327183e-05,-5.605289e-06,-3.4926468e-05,-1.3861576e-05
-4.594204e-05,0,-4.4044983e-05,-1.0588564e-05,-3.2485928e-05,-8.3717205e-06,-2.9706636e-05,-1.565564e-05,-3.9394975e-05,-6.0913214e-06,-3.6722057e-05,-1.5022999e-05
-4.8416283e-05,0,-4.6311623e-05,-1.1440295e-05,-3.4235482e-05,-9.0783833e-06,-3.1149048e-05,-1.6935966e-05,-4.151662e-05,-6.6054941e-06,-3.8549017e-05,-1.6246714e-05
-5.0952835e-05,0,-4.8624109e-05,-1.2335196e-05,-3.6029095e-05,-9.8249019e-06,-3.2610749e-05,-1.8283527e-05,-4.3691696e-05,-7.1486662e-06,-4.0405737e-05,-1.7534158e-05
-5.3551166e-05,0,-5.0981087e-05,-1.3274119e-05,-3.7866393e-05,-1.061246e-05,-3.4090082e-05,-1.9699857e-05,-4.5919746e-05,-7.7216992e-06,-4.2290546e-05,-1.8886737e-05
-5.6210708e-05,0,-5.3381153e-05,-1.4257889e-05,-3.9746973e-05,-1.1442246e-05,-3.5585333e-05,-2.1186459e-05,-4.8200285e-05,-8.3254569e-06,-4.4201717e-05,-2.0305829e-05
-5.8930857e-05,0,-5.5822847e-05,-1.5287305e-05,-4.1670408e-05,-1.2315448e-05,-3.7094736e-05,-2.2744805e-05,-5.0532793e-05,-8.9608049e-06,-4.6137463e-05,-2.1792779e-05
-6.1710969e-05,0,-5.830466e-05,-1.6363139e-05,-4.3636245e-05,-1.3233259e-05,-3.8616471e-05,-2.4376337e-05,-5.2916719e-05,-9.6286101e-06,-4.8095943e-05,-2.3348901e-05
-6.4550365e-05,0,-6.0825029e-05,-1.7486131e-05,-4.5644001e-05,-1.419687e-05,-4.0148663e-05,-2.6082464e-05,-5.5351481e-05,-1.032974e-05,-5.0075256e-05,-2.4975473e-05
-6.7448326e-05,0,-6.3382339e-05,-1.8656994e-05,-4.7693169e-05,-1.5207477e-05,-4.1689386e-05,-2.7864557e-05,-5.7836462e-05,-1.1065065e-05,-5.2073447e-05,-2.6673739e-05
-7.0404095e-05,0,-6.5974926e-05,-1.9876408e-05,-4.9783213e-05,-1.6266274e-05,-4.3236658e-05,-2.9723954e-05,-6.0371014e-05,-1.1835452e-05,-5.4088503e-05,-2.8444905e-05
-7.3416876e-05,0,-6.860107e-05,-2.1145023e-05,-5.1913571e-05,-1.7374454e-05,-4.4788448e-05,-3.1661954e-05,-6.2954452e-05,-1.2641772e-05,-5.6118355e-05,-3.0290138e-05
-7.6485835e-05,0,-7.1259004e-05,-2.2463454e-05,-5.4083652e-05,-1.8533213e-05,-4.634267e-05,-3.3679816e-05,-6.5586062e-05,-1.3484893e-05,-5.8160882e-05,-3.2210567e-05
-7.9610095e-05,0,-7.3946908e-05,-2.3832284e-05,-5.6292838e-05,-1.9743742e-05,-4.7897188e-05,-3.5778758e-05,-6.8265093e-05,-1.4365682e-05,-6.0213903e-05,-3.4207276e-05
-8.2788742e-05,0,-7.6662911e-05,-2.5252061e-05,-5.8540481e-05,-2.1007232e-05,-4.9449816e-05,-3.7959957e-05,-7.099076e-05,-1.5285007e-05,-6.2275188e-05,-3.6281311e-05
-8.6020821e-05,0,-7.9405093e-05,-2.6723295e-05,-6.0825906e-05,-2.2324873e-05,-5.0998318e-05,-4.0224544e-05,-7.3762246e-05,-1.6243731e-05,-6.4342449e-05,-3.8433669e-05
-8.9305338e-05,0,-8.2171484e-05,-2.8246463e-05,-6.314841e-05,-2.369785e-05,-5.2540406e-05,-4.2573607e-05,-7.6578695e-05,-1.7242719e-05,-6.6413347e-05,-4.0665306e-05
-9.2641255e-05,0,-8.4960064e-05,-2.9822001e-05,-6.5507259e-05,-2.5127346e-05,-5.4073745e-05,-4.5008184e-05,-7.943922e-05,-1.828283e-05,-6.8485491e-05,-4.2977126e-05
-9.6027495e-05,0,-8.7768766e-05,-3.1450309e-05,-6.7901693e-05,-2.6614539e-05,-5.5595953e-05,-4.7529268e-05,-8.2342898e-05,-1.9364922e-05,-7.0556436e-05,-4.5369989e-05
-9.9462941e-05,0,-9.0595472e-05,-3.3131746e-05,-7.033092e-05,-2.8160604e-05,-5.7104598e-05,-5.0137798e-05,-8.5288769e-05,-2.0489849e-05,-7.2623688e-05,-4.7844702e-05
-0.00010294643,0,-9.3438018e-05,-3.4866632e-05,-7.2794121e-05,-2.9766708e-05,-5.8597202e-05,-5.2834666e-05,-8.8275838e-05,-2.1658461e-05,-7.4684703e-05,-5.0402022e-05
-0.00010647677,0,-9.6294192e-05,-3.6655243e-05,-7.5290446e-05,-3.1434014e-05,-6.0071244e-05,-5.5620707e-05,-9.1303076e-05,-2.2871605e-05,-7.6736886e-05,-5.3042653e-05
-0.00011005271,0,-9.9161736e-05,-3.8497817e-05,-7.7819015e-05,-3.316368e-05,-6.1524155e-05,-5.8496704e-05,-9.4369417e-05,-2.4130121e-05,-7.8777593e-05,-5.5767246e-05
-0.00011367296,0,-0.00010203835,-4.0394544e-05,-8.0378921e-05,-3.4956854e-05,-6.2953324e-05,-6.1463383e-05,-9.7473759e-05,-2.5434847e-05,-8.0804135e-05,-5.8576394e-05
-0.0001173362,0,-0.00010492167,-4.2345576e-05,-8.2969224e-05,-3.6814678e-05,-6.4356095e-05,-6.4521414e-05,-0.00010061496,-2.6786613e-05,-8.2813774e-05,-6.1470637e-05
-0.00012104106,0,-0.00010780932,-4.4351015e-05,-8.5588956e-05,-3.8738286e-05,-6.5729773e-05,-6.7671406e-05,-0.00010379185,-2.8186243e-05,-8.4803726e-05,-6.4450453e-05
-0.00012478613,0,-0.00011069885,-4.6410919e-05,-8.8237119e-05,-4.0728802e-05,-6.7071619e-05,-7.0913911e-05,-0.00010700322,-2.9634556e-05,-8.6771162e-05,-6.7516263e-05
-0.00012856995,0,-0.00011358777,-4.8525303e-05,-9.0912684e-05,-4.278734e-05,-6.8378857e-05,-7.4249416e-05,-0.00011024782,-3.1132363e-05,-8.8713212e-05,-7.0668427e-05
-0.00013239103,0,-0.00011647358,-5.0694129e-05,-9.3614592e-05,-4.4915006e-05,-6.9648669e-05,-7.7678347e-05,-0.00011352437,-3.2680467e-05,-9.0626959e-05,-7.3907242e-05
-0.00013624782,0,-0.0001193537,-5.2917315e-05,-9.6341755e-05,-4.7112892e-05,-7.0878202e-05,-8.1201064e-05,-0.00011683154,-3.4279664e-05,-9.2509447e-05,-7.7232942e-05
-0.00014013874,0,-0.00012222552,-5.519473e-05,-9.9093054e-05,-4.9382081e-05,-7.2064565e-05,-8.4817864e-05,-0.00012016798,-3.5930742e-05,-9.435768e-05,-8.0645697e-05
-0.00014406217,0,-0.0001250864,-5.7526192e-05,-0.00010186734,-5.1723642e-05,-7.3204834e-05,-8.8528974e-05,-0.00012353229,-3.7634477e-05,-9.6168621e-05,-8.4145611e-05
-0.00014801644,0,-0.00012793365,-5.991147e-05,-0.00010466343,-5.4138631e-05,-7.4296048e-05,-9.2334553e-05,-0.00012692305,-3.939164e-05,-9.7939196e-05,-8.773272e-05
-0.00015199984,0,-0.00013076456,-6.2350281e-05,-0.00010748012,-5.6628091e-05,-7.5335216e-05,-9.6234691e-05,-0.00013033879,-4.1202988e-05,-9.9666294e-05,-9.1406993e-05
-0.00015601061,0,-0.00013357635,-6.484229e-05,-0.00011031616,-5.9193051e-05,-7.6319315e-05,-0.00010022941,-0.00013377799,-4.3069271e-05,-0.00010134677,-9.5168328e-05
-0.00016004696,0,-0.00013636623,-6.7387112e-05,-0.00011317029,-6.1834523e-05,-7.724529e-05,-0.00010431865,-0.00013723913,-4.4991224e-05,-0.00010297744,-9.9016554e-05
-0.00016410704,0,-0.00013913138,-6.9984306e-05,-0.0001160412,-6.4553504e-05,-7.8110061e-05,-0.00010850228,-0.00014072063,-4.6969573e-05,-0.00010455509,-0.00010295143
-0.00016818898,0,-0.00014186893,-7.263338e-05,-0.00011892757,-6.7350976e-05,-7.8910518e-05,-0.00011278011,-0.00014422086,-4.9005033e-05,-0.00010607648,-0.00010697263
-0.00017229086,0,-0.00014457598,-7.5333785e-05,-0.00012182803,-7.0227902e-05,-7.9643527e-05,-0.00011715186,-0.00014773819,-5.1098304e-05,-0.00010753833,-0.00011107977
-0.00017641069,0,-0.00014724959,-7.8084919e-05,-0.0001247412,-7.3185227e-05,-8.0305931e-05,-0.00012161716,-0.00015127092,-5.3250074e-05,-0.00010893734,-0.00011527239
-0.00018054648,0,-0.00014988682,-8.0886123e-05,-0.00012766564,-7.6223878e-05,-8.0894547e-05,-0.00012617559,-0.00015481733,-5.5461018e-05,-0.00011027018,-0.00011954994
-0.00018469618,0,-0.00015248467,-8.3736684e-05,-0.00013059992,-7.9344761e-05,-8.1406176e-05,-0.00013082663,-0.00015837567,-5.7731794e-05,-0.0001115335,-0.0001239118
-0.00018885769,0,-0.00015504013,-8.6635831e-05,-0.00013354255,-8.2548765e-05,-8.1837595e-05,-0.00013556968,-0.00016194413,-6.0063049e-05,-0.00011272392,-0.00012835728
-0.00019302887,0,-0.00015755015,-8.9582735e-05,-0.00013649202,-8.5836754e-05,-8.2185566e-05,-0.00014040407,-0.00016552089,-6.2455412e-05,-0.00011383804,-0.00013288559
-0.00019720755,0,-0.00016001166,-9.2576512e-05,-0.00013944679,-8.9209573e-05,-8.2446837e-05,-0.00014532904,-0.00016910408,-6.4909499e-05,-0.00011487243,-0.00013749589
-0.00020139151,0,-0.00016242158,-9.5616217e-05,-0.0001424053,-9.2668044e-05,-8.2618137e-05,-0.00015034375,-0.00017269179,-6.7425906e-05,-0.00011582367,-0.00014218724
-0.00020557849,0,-0.00016477678,-9.8700848e-05,-0.00014536595,-9.6212965e-05,-8.2696188e-05,-0.00015544726,-0.0001762821,-7.0005215e-05,-0.00011668828,-0.0001469586
-0.0002097662,0,-0.00016707413,-0.00010182934,-0.0001483271,-9.9845111e-05,-8.2677698e-05,-0.00016063856,-0.00017987303,-7.2647989e-05,-0.00011746281,-0.0001518089
-0.00021395229,0,-0.00016931047,-0.00010500059,-0.00015128712,-0.00010356523,-8.2559368e-05,-0.00016591655,-0.00018346258,-7.5354775e-05,-0.00011814378,-0.00015673693
-0.00021813439,0,-0.00017148264,-0.00010821339,-0.00015424431,-0.00010737405,-8.2337892e-05,-0.00017128004,-0.00018704869,-7.8126098e-05,-0.00011872768,-0.00016174142
-0.00022231007,0,-0.00017358743,-0.00011146652,-0.00015719696,-0.00011127227,-8.2009959e-05,-0.00017672776,-0.00019062931,-8.0962466e-05,-0.00011921101,-0.00016682103
-0.00022647688,0,-0.00017562164,-0.00011475868,-0.00016014334,-0.00011526055,-8.1572256e-05,-0.00018225833,-0.00019420232,-8.3864369e-05,-0.00011959026,-0.00017197431
-0.00023063231,0,-0.00017758205,-0.00011808849,-0.00016308167,-0.00011933955,-8.1021468e-05,-0.0001878703,-0.00019776558,-8.6832274e-05,-0.00011986192,-0.00017719974
-0.00023477384,0,-0.00017946543,-0.00012145455,-0.00016601018,-0.00012350987,-8.0354281e-05,-0.00019356211,-0.00020131691,-8.9866627e-05,-0.00012002246,-0.00018249569
-0.00023889889,0,-0.00018126854,-0.00012485537,-0.00016892703,-0.0001277721,-7.9567386e-05,-0.00019933214,-0.00020485411,-9.2967856e-05,-0.00012006837,-0.00018786047
-0.00024300485,0,-0.00018298812,-0.0001282894,-0.00017183038,-0.00013212679,-7.8657479e-05,-0.00020517864,-0.00020837494,-9.6136364e-05,-0.00011999613,-0.00019329229
-0.00024708907,0,-0.00018462091,-0.00013175504,-0.00017471836,-0.00013657448,-7.7621261e-05,-0.00021109979,-0.00021187713,-9.9372532e-05,-0.00011980221,-0.00019878926
-0.00025114887,0,-0.00018616366,-0.00013525062,-0.00017758907,-0.00014111565,-7.6455446e-05,-0.00021709367,-0.00021535838,-0.00010267672,-0.00011948312,-0.00020434942
-0.00025518152,0,-0.00018761308,-0.00013877441,-0.00018044058,-0.00014575077,-7.5156757e-05,-0.00022315826,-0.00021881635,-0.00010604926,-0.00011903533,-0.00020997072
-0.00025918427,0,-0.00018896592,-0.00014232463,-0.00018327096,-0.00015048026,-7.3721934e-05,-0.00022929147,-0.00022224868,-0.00010949047,-0.00011845536,-0.00021565099
-0.00026315434,0,-0.00019021889,-0.00014589941,-0.00018607822,-0.00015530451,-7.2147729e-05,-0.00023549107,-0.00022565299,-0.00011300063,-0.00011773973,-0.00022138801
-0.00026708889,0,-0.00019136874,-0.00014949685,-0.00018886037,-0.00016022389,-7.0430916e-05,-0.00024175478,-0.00022902684,-0.00011658,-0.00011688496,-0.00022717944
-0.00027098508,0,-0.00019241219,-0.00015311498,-0.00019161539,-0.00016523871,-6.8568289e-05,-0.0002480802,-0.00023236779,-0.00012022882,-0.0001158876,-0.00023302287
-0.00027484,0,-0.00019334599,-0.00015675175,-0.00019434123,-0.00017034927,-6.6556663e-05,-0.00025446484,-0.00023567336,-0.0001239473,-0.00011474421,-0.00023891577
-0.00027865075,0,-0.00019416688,-0.00016040506,-0.00019703583,-0.00017555581,-6.4392882e-05,-0.0002609061,-0.00023894104,-0.00012773562,-0.00011345139,-0.00024485556
-0.00028241436,0,-0.00019487161,-0.00016407277,-0.00019969711,-0.00018085855,-6.2073814e-05,-0.00026740131,-0.00024216831,-0.00013159393,-0.00011200575,-0.00025083953
-0.00028612785,0,-0.00019545696,-0.00016775264,-0.00020232294,-0.00018625767,-5.959636e-05,-0.00027394768,-0.00024535261,-0.00013552236,-0.00011040391,-0.00025686489
-0.00028978822,0,-0.00019591971,-0.00017144239,-0.00020491121,-0.00019175329,-5.6957451e-05,-0.00028054233,-0.00024849135,-0.00013952101,-0.00010864254,-0.00026292878
-0.00029339241,0,-0.00019625664,-0.00017513969,-0.00020745977,-0.00019734552,-5.4154055e-05,-0.00028718228,-0.00025158192,-0.00014358996,-0.00010671833,-0.00026902822
-0.00029693737,0,-0.00019646457,-0.00017884213,-0.00020996643,-0.00020303441,-5.1183177e-05,-0.00029386446,-0.0002546217,-0.00014772923,-0.00010462802,-0.00027516015
-0.00030042,0,-0.00019654033,-0.00018254725,-0.00021242902,-0.00020881997,-4.804186e-05,-0.0003005857,-0.00025760802,-0.00015193884,-0.00010236836,-0.00028132141
-0.00030383716,0,-0.00019648076,-0.00018625253,-0.00021484532,-0.00021470217,-4.4727193e-05,-0.00030734272,-0.00026053822,-0.00015621878,-9.9936159e-05,-0.00028750877
-0.00030718573,0,-0.00019628276,-0.00018995539,-0.00021721311,-0.00022068095,-4.1236305e-05,-0.00031413217,-0.00026340959,-0.00016056898,-9.732825e-05,-0.00029371889
-0.00031046251,0,-0.00019594321,-0.00019365318,-0.00021953015,-0.00022675619,-3.7566376e-05,-0.00032095058,-0.00026621941,-0.00016498936,-9.4541519e-05,-0.00029994834
-0.00031366433,0,-0.00019545904,-0.00019734321,-0.00022179418,-0.00023292773,-3.3714635e-05,-0.00032779438,-0.00026896495,-0.00016947982,-9.1572897e-05,-0.00030619361
-0.00031678797,0,-0.0001948272,-0.00020102273,-0.00022400292,-0.00023919538,-2.9678362e-05,-0.00033465993,-0.00027164344,-0.0001740402,-8.8419359e-05,-0.00031245109
-0.00031983018,0,-0.00019404469,-0.00020468891,-0.00022615409,-0.00024555887,-2.5454894e-05,-0.00034154347,-0.00027425211,-0.00017867032,-8.5077936e-05,-0.0003187171
-0.00032278771,0,-0.00019310852,-0.0002083389,-0.00022824538,-0.00025201792,-2.1041624e-05,-0.00034844115,-0.00027678817,-0.00018336997,-8.1545708e-05,-0.00032498783
-0.00032565728,0,-0.00019201576,-0.00021196977,-0.00023027447,-0.00025857219,-1.6436006e-05,-0.00035534903,-0.00027924881,-0.0001881389,-7.7819812e-05,-0.00033125943
-0.0003284356,0,-0.00019076349,-0.00021557853,-0.00023223904,-0.00026522129,-1.1635556e-05,-0.00036226308,-0.0002816312,-0.00019297683,-7.3897446e-05,-0.00033752793
-0.00033111936,0,-0.00018934884,-0.00021916216,-0.00023413674,-0.00027196478,-6.6378558e-06,-0.00036917914,-0.00028393251,-0.00019788344,-6.9775867e-05,-0.00034378928
-0.00033370523,0,-0.00018776901,-0.00022271756,-0.00023596523,-0.00027880218,-1.4405542e-06,-0.00037609301,-0.00028614987,-0.00020285838,-6.5452395e-05,-0.00035003936
-0.00033618987,0,-0.0001860212,-0.0002262416,-0.00023772214,-0.00028573295,3.9586285e-06,-0.00038300037,-0.00028828043,-0.00020790126,-6.0924419e-05,-0.00035627393
-0.00033856993,0,-0.00018410268,-0.00022973108,-0.00023940509,-0.00029275652,9.5618993e-06,-0.00038989679,-0.00029032132,-0.00021301165,-5.6189396e-05,-0.0003624887
-0.00034084204,0,-0.00018201078,-0.00023318275,-0.00024101172,-0.00029987224,1.537139e-05,-0.00039677779,-0.00029226964,-0.0002181891,-5.1244854e-05,-0.00036867927
-0.00034300282,0,-0.00017974286,-0.00023659333,-0.00024253962,-0.00030707943,2.1389152e-05,-0.00040363877,-0.0002941225,-0.0002234331,-4.6088398e-05,-0.00037484118
-0.0003450489,0,-0.00017729634,-0.00023995947,-0.00024398642,-0.00031437736,2.7617159e-05,-0.00041047504,-0.00029587699,-0.00022874313,-4.0717707e-05,-0.00038096988
-0.00034697688,0,-0.00017466869,-0.00024327778,-0.00024534971,-0.00032176523,3.4057299e-05,-0.00041728183,-0.00029753022,-0.0002341186,-3.5130543e-05,-0.00038706072
-0.00034878336,0,-0.00017185746,-0.00024654482,-0.00024662708,-0.00032924221,4.0711373e-05,-0.0004240543,-0.00029907926,-0.0002395589,-2.9324749e-05,-0.000393109
-0.00035046493,0,-0.00016886024,-0.0002497571,-0.00024781613,-0.00033680741,4.7581096e-05,-0.00043078749,-0.0003005212,-0.00024506339,-2.3298253e-05,-0.00039910992
-0.00035201819,0,-0.00016567469,-0.00025291111,-0.00024891445,-0.00034445987,5.4668088e-05,-0.00043747637,-0.00030185311,-0.00025063137,-1.7049073e-05,-0.00040505861
-0.00035343973,0,-0.00016229852,-0.00025600326,-0.00024991963,-0.00035219859,6.1973879e-05,-0.00044411583,-0.00030307207,-0.00025626211,-1.0575314e-05,-0.00041095013
-0.00035472614,0,-0.00015872954,-0.00025902994,-0.00025082926,-0.00036002251,6.9499898e-05,-0.00045070069,-0.00030417515,-0.00026195485,-3.875178e-06,-0.00041677945
-0.000355874,0,-0.00015496559,-0.00026198749,-0.00025164092,-0.00036793053,7.7247479e-05,-0.00045722565,-0.00030515944,-0.00026770879,3.0530389e-06,-0.0004225415
-0.00035687991,0,-0.0001510046,-0.00026487222,-0.00025235221,-0.00037592148,8.521785e-05,-0.00046368537,-0.000306022,-0.00027352306,1.0210941e-05,-0.00042823109
-0.00035774047,0,-0.00014684459,-0.0002676804,-0.00025296071,-0.00038399414,9.3412138e-05,-0.00047007441,-0.00030675992,-0.00027939678,1.7600033e-05,-0.00043384299
-0.00035845228,0,-0.00014248364,-0.00027040826,-0.00025346404,-0.00039214723,0.00010183136,-0.00047638726,-0.00030737029,-0.00028532902,2.5221714e-05,-0.00043937191
-0.00035901194,0,-0.00013791989,-0.00027305198,-0.00025385978,-0.0004003794,0.00011047643,-0.00048261834,-0.0003078502,-0.00029131881,3.3077276e-05,-0.00044481248
-0.00035941607,0,-0.0001331516,-0.00027560773,-0.00025414554,-0.00040868928,0.00011934814,-0.00048876199,-0.00030819674,-0.00029736513,4.1167904e-05,-0.00045015925
-0.00035966131,0,-0.00012817707,-0.00027807163,-0.00025431895,-0.00041707541,0.00012844717,-0.00049481247,-0.00030840703,-0.00030346693,4.949467e-05,-0.00045540674
-0.00035974428,0,-0.00012299473,-0.00028043979,-0.00025437762,-0.00042553628,0.00013777409,-0.000500764,-0.00030847818,-0.00030962312,5.8058531e-05,-0.00046054938
-0.00035966165,0,-0.00011760307,-0.00028270827,-0.00025431919,-0.00043407032,0.00014732935,-0.00050661069,-0.00030840732,-0.00031583255,6.6860327e-05,-0.00046558156
-0.00035941008,0,-0.00011200066,-0.00028487311,-0.0002541413,-0.00044267593,0.00015711326,-0.00051234663,-0.0003081916,-0.00032209405,7.590078e-05,-0.0004704976
-0.00035898625,0,-0.00010618619,-0.00028693032,-0.00025384161,-0.0004513514,0.00016712604,-0.00051796582,-0.00030782817,-0.00032840638,8.5180489e-05,-0.00047529178
-0.00035838687,0,-0.00010015843,-0.00028887589,-0.00025341779,-0.00046009501,0.00017736774,-0.0005234622,-0.00030731421,-0.00033476829,9.4699928e-05,-0.00047995831
-0.00035760867,0,-9.391625e-05,-0.0002907058,-0.00025286751,-0.00046890495,0.00018783832,-0.00052882965,-0.0003066469,-0.00034117846,0.00010445945,-0.00048449136
-0.00035664838,0,-8.7458605e-05,-0.00029241598,-0.00025218849,-0.00047777936,0.00019853758,-0.000534062,-0.00030582346,-0.00034763555,0.00011445926,-0.00048888504
-0.00035550279,0,-8.0784567e-05,-0.00029400238,-0.00025137843,-0.00048671633,0.00020946521,-0.00053915303,-0.00030484112,-0.00035413815,0.00012469945,-0.00049313344
-0.00035416868,0,-7.3893304e-05,-0.00029546089,-0.00025043507,-0.00049571388,0.00022062075,-0.00054409646,-0.00030369714,-0.00036068482,0.00013517998,-0.00049723057
-0.00035264288,0,-6.678409e-05,-0.00029678741,-0.00024935617,-0.00050476996,0.00023200359,-0.00054888596,-0.00030238877,-0.0003672741,0.00014590065,-0.00050117044
-0.00035092224,0,-5.9456306e-05,-0.00029797784,-0.0002481395,-0.0005138825,0.000243613,-0.00055351514,-0.00030091334,-0.00037390444,0.00015686115,-0.00050494698
-0.00034900366,0,-5.1909442e-05,-0.00029902805,-0.00024678285,-0.00052304932,0.00025544811,-0.0005579776,-0.00029926817,-0.00038057428,0.00016806101,-0.00050855411
-0.00034688404,0,-4.4143099e-05,-0.00029993389,-0.00024528406,-0.00053226821,0.00026750787,-0.00056226687,-0.00029745061,-0.00038728201,0.00017949961,-0.00051198572
-0.00034456034,0,-3.6156992e-05,-0.00030069124,-0.00024364096,-0.0005415369,0.00027979114,-0.00056637645,-0.00029545806,-0.00039402597,0.00019117621,-0.00051523564
-0.00034202956,0,-2.7950951e-05,-0.00030129594,-0.00024185142,-0.00055085305,0.00029229657,-0.0005702998,-0.00029328793,-0.00040080447,0.0002030899,-0.00051829771
-0.00033928872,0,-1.9524922e-05,-0.00030174385,-0.00023991335,-0.00056021427,0.0003050227,-0.00057403035,-0.00029093767,-0.00040761575,0.00021523962,-0.00052116571
-0.00033633489,0,-1.0878973e-05,-0.00030203081,-0.00023782468,-0.00056961809,0.0003179679,-0.0005775615,-0.00028840479,-0.00041445804,0.00022762417,-0.00052383343
-0.00033316519,0,-2.0132897e-06,-0.00030215269,-0.00023558336,-0.00057906201,0.00033113039,-0.00058088662,-0.00028568679,-0.0004213295,0.0002402422,-0.00052629462
-0.00032977677,0,7.0718157e-06,-0.00030210535,-0.00023318739,-0.00058854345,0.00034450824,-0.00058399906,-0.00028278125,-0.00042822826,0.00025309217,-0.00052854301
-0.00032616685,0,1.6375908e-05,-0.00030188465,-0.00023063479,-0.00059805977,0.00035809934,-0.00058689215,-0.00027968577,-0.0004351524,0.00026617243,-0.00053057234
-0.00032233268,0,2.5898424e-05,-0.00030148647,-0.00022792362,-0.00060760829,0.00037190143,-0.00058955918,-0.00027639799,-0.00044209997,0.00027948113,-0.00053237632
-0.00031827156,0,3.5638674e-05,-0.00030090669,-0.00022505198,-0.00061718625,0.0003859121,-0.00059199345,-0.00027291561,-0.00044906896,0.00029301626,-0.00053394865
-0.00031398085,0,4.5595835e-05,-0.00030014122,-0.00022201799,-0.00062679084,0.00040012877,-0.00059418825,-0.00026923636,-0.00045605733,0.00030677568,-0.00053528305
-0.00030945797,0,5.5768953e-05,-0.00029918598,-0.00021881983,-0.0006364192,0.00041454867,-0.00059613685,-0.00026535802,-0.00046306298,0.00032075706,-0.00053637321
-0.00030470039,0,6.615694e-05,-0.00029803691,-0.00021545572,-0.00064606838,0.0004291689,-0.00059783251,-0.00026127843,-0.0004700838,0.00033495789,-0.00053721286
-0.00029970565,0,7.6758574e-05,-0.00029668996,-0.00021192389,-0.00065573542,0.00044398637,-0.0005992685,-0.00025699547,-0.0004771176,0.00034937551,-0.00053779569
-0.00029447132,0,8.7572494e-05,-0.00029514112,-0.00020822267,-0.00066541726,0.00045899782,-0.00060043809,-0.00025250707,-0.00048416217,0.00036400709,-0.00053811545
-0.00028899507,0,9.85972e-05,-0.0002933864,-0.00020435037,-0.0006751108,0.00047419982,-0.00060133455,-0.00024781122,-0.00049121526,0.00037884961,-0.00053816586
-0.00028327461,0,0.00010983105,-0.00029142185,-0.0002003054,-0.0006848129,0.00048958877,-0.00060195117,-0.00024290598,-0.00049827457,0.0003938999,-0.00053794068
-0.00027730774,0,0.00012127227,-0.00028924353,-0.00019608619,-0.00069452033,0.0005051609,-0.00060228125,-0.00023778943,-0.00050533777,0.00040915459,-0.00053743369
-0.00027109232,0,0.00013291893,-0.00028684756,-0.00019169122,-0.00070422983,0.00052091226,-0.00060231809,-0.00023245975,-0.00051240246,0.00042461016,-0.00053663868
-0.00026462627,0,0.00014476896,-0.00028423007,-0.00018711903,-0.00071393807,0.00053683871,-0.00060205504,-0.00022691515,-0.00051946624,0.00044026288,-0.0005355495
-0.00025790759,0,0.00015682014,-0.00028138727,-0.00018236821,-0.00072364167,0.00055293596,-0.00060148546,-0.00022115394,-0.00052652665,0.00045610887,-0.00053415999
-0.00025093437,0,0.00016907012,-0.00027831536,-0.00017743739,-0.0007333372,0.00056919951,-0.00060060272,-0.00021517445,-0.00053358119,0.00047214405,-0.00053246405
-0.00024370476,0,0.00018151638,-0.00027501064,-0.00017232529,-0.00074302118,0.00058562472,-0.00059940027,-0.00020897511,-0.00054062732,0.00048836418,-0.00053045563
-0.00023621699,0,0.00019415626,-0.00027146943,-0.00016703064,-0.00075269006,0.00060220673,-0.00059787154,-0.0002025544,-0.00054766246,0.0005047648,-0.00052812869
-0.0002284694,0,0.00020698695,-0.0002676881,-0.00016155226,-0.00076234025,0.00061894052,-0.00059601005,-0.00019591089,-0.00055468401,0.00052134131,-0.00052547727
-0.00022046037,0,0.00022000548,-0.00026366307,-0.00015588902,-0.00077196811,0.00063582088,-0.00059380933,-0.00018904321,-0.0005616893,0.0005380889,-0.00052249544
-0.0002121884,0,0.00023320874,-0.00025939085,-0.00015003985,-0.00078156994,0.00065284243,-0.00059126298,-0.00018195005,-0.00056867566,0.00055500258,-0.00051917733
-0.00020365206,0,0.00024659346,-0.00025486797,-0.00014400375,-0.000791142,0.0006699996,-0.00058836464,-0.0001746302,-0.00057564036,0.00057207717,-0.00051551715
-0.00019485003,0,0.00026015621,-0.00025009105,-0.00013777978,-0.0008006805,0.00068728663,-0.00058510802,-0.00016708252,-0.00058258064,0.00058930732,-0.00051150914
-0.00018578106,0,0.00027389341,-0.00024505677,-0.00013136705,-0.00081018159,0.00070469758,-0.00058148688,-0.00015930595,-0.0005894937,0.00060668747,-0.00050714763
-0.00017644401,0,0.00028780132,-0.00023976186,-0.00012476476,-0.00081964139,0.00072222634,-0.00057749505,-0.00015129949,-0.00059637671,0.00062421189,-0.00050242701
-0.00016683783,0,0.00030187605,-0.00023420315,-0.00011797216,-0.00082905596,0.0007398666,-0.00057312644,-0.00014306226,-0.00060322682,0.00064187466,-0.00049734176
-0.00015696157,0,0.00031611355,-0.00022837753,-0.00011098859,-0.00083842131,0.00075761186,-0.00056837502,-0.00013459343,-0.00061004111,0.00065966965,-0.00049188642
-0.00014681438,0,0.00033050959,-0.00022228197,-0.00010381344,-0.00084773343,0.00077545547,-0.00056323486,-0.00012589229,-0.00061681667,0.00067759058,-0.00048605564
-0.00013639551,0,0.00034505982,-0.00021591353,-9.6446187e-05,-0.00085698824,0.00079339055,-0.00055770008,-0.00011695818,-0.00062355054,0.00069563096,-0.00047984414
-0.00012570432,0,0.00035975971,-0.00020926933,-8.8886374e-05,-0.00086618163,0.00081141007,-0.00055176493,-0.00010779056,-0.00063023971,0.00071378411,-0.00047324674
-0.00011474027,0,0.00037460455,-0.0002023466,-8.1133623e-05,-0.00087530944,0.00082950681,-0.00054542371,-9.838897e-05,-0.00063688117,0.00073204316,-0.00046625836
-0.00010350294,0,0.00038958951,-0.00019514266,-7.3187632e-05,-0.00088436749,0.00084767336,-0.00053867086,-8.875304e-05,-0.00064347187,0.00075040106,-0.000458874
-9.1992013e-05,0,0.00040470957,-0.0001876549,-6.5048176e-05,-0.00089335154,0.00086590213,-0.0005315009,-7.88825e-05,-0.00065000872,0.00076885058,-0.00045108881
-8.0207281e-05,0,0.00041995956,-0.00017988084,-5.6715112e-05,-0.00090225732,0.00088418534,-0.00052390844,-6.8777176e-05,-0.00065648863,0.00078738428,-0.000442898
-6.8148655e-05,0,0.00043533415,-0.00017181806,-4.8188376e-05,-0.00091108052,0.00090251506,-0.00051588825,-5.8436989e-05,-0.00066290845,0.00080599455,-0.00043429694
-5.5816162e-05,0,0.00045082786,-0.00016346427,-3.9467986e-05,-0.00091981681,0.00092088314,-0.00050743516,-4.7861964e-05,-0.00066926503,0.00082467358,-0.0004252811
-4.3209946e-05,0,0.00046643502,-0.00015481729,-3.0554046e-05,-0.00092846179,0.00093928128,-0.00049854417,-3.7052223e-05,-0.00067555518,0.00084341341,-0.00041584606
-3.0330272e-05,0,0.00048214983,-0.00014587501,-2.1446741e-05,-0.00093701108,0.00095770098,-0.00048921037,-2.6007994e-05,-0.0006817757,0.00086220584,-0.00040598755
-1.7177527e-05,0,0.0004979663,-0.00013663548,-1.2146346e-05,-0.00094546021,0.00097613357,-0.000479429,-1.4729608e-05,-0.00068792335,0.00088104253,-0.00039570142
-3.7522209e-06,0,0.00051387832,-0.00012709683,-2.6532209e-06,-0.00095380473,0.00099457022,-0.00046919543,-3.2175029e-06,-0.00069399488,0.00089991494,-0.00038498367
9.9450108e-06,0,0.00052987959,-0.00011725732,7.0321845e-06,-0.00096204014,0.0010130019,-0.00045850517,8.5277764e-06,-0.00069998702,0.00091881435,-0.00037383044
2.3913405e-05,0,0.00054596365,-0.00010711533,1.6909331e-05,-0.0009701619,0.0010314194,-0.00044735387,2.0505576e-05,-0.00070589647,0.00093773186,-0.000362238
3.815207e-05,0,0.0005621239,-9.666935e-05,2.6977588e-05,-0.00097816548,0.0010498134,-0.00043573734,3.271513e-05,-0.00071171993,0.00095665839,-0.0003502028
5.2659984e-05,0,0.00057835357,-8.5918019e-05,3.7236231e-05,-0.00098604629,0.0010681744,-0.00042365153,4.5155563e-05,-0.00071745406,0.00097558468,-0.0003377214
6.7435991e-05,0,0.00059464573,-7.4860089e-05,4.7684446e-05,-0.00099379974,0.0010864926,-0.00041109257,5.7825885e-05,-0.00072309552,0.0009945013,-0.00032479058
8.2478802e-05,0,0.00061099332,-6.3494448e-05,5.832132e-05,-0.0010014212,0.0011047582,-0.00039805673,7.0724989e-05,-0.00072864095,0.0010133986,-0.00031140723
9.7786994e-05,0,0.00062738908,-5.1820121e-05,6.9145847e-05,-0.0010089061,0.0011229611,-0.00038454046,8.3851656e-05,-0.00073408698,0.0010322669,-0.00029756844
0.00011335901,0,0.00064382564,-3.9836266e-05,8.0156921e-05,-0.0010162496,0.0011410912,-0.0003705404,9.7204545e-05,-0.00073943023,0.0010510962,-0.00028327147
0.00012919314,0,0.00066029544,-2.7542188e-05,9.1353342e-05,-0.0010234473,0.0011591381,-0.00035605334,0.0001107822,-0.00074466729,0.0010698763,-0.00026851375
0.00014528754,0,0.0006767908,-1.4937329e-05,0.00010273381,-0.0010304943,0.0011770913,-0.00034107626,0.00012458304,-0.00074979475,0.001088597,-0.0002532929
0.00016164025,0,0.00069330386,-2.021284e-06,0.00011429692,-0.001037386,0.0011949401,-0.00032560635,0.00013860537,-0.00075480921,0.0011072479,-0.00023760671
0.00017824913,0,0.00070982664,1.1206207e-05,0.00012604117,-0.0010441177,0.0012126737,-0.00030964096,0.00015284736,-0.00075970724,0.0011258182,-0.00022145319
0.0001951119,0,0.00072635099,2.4745251e-05,0.00013796495,-0.0010506847,0.0012302811,-0.00029317766,0.00016730708,-0.00076448542,0.0011442973,-0.00020483053
0.00021222617,0,0.00074286862,3.85958e-05,0.00015006656,-0.0010570822,0.0012477512,-0.00027621422,0.00018198244,-0.0007691403,0.0011626742,-0.00018773712
0.00022958936,0,0.0007593711,5.2757646e-05,0.00016234419,-0.0010633056,0.0012650728,-0.0002587486,0.00019687125,-0.00077366846,0.0011809378,-0.00017017154
0.00024719876,0,0.00077584985,6.7230425e-05,0.00017479592,-0.0010693501,0.0012822344,-0.000240779,0.00021197119,-0.00077806645,0.0011990769,-0.00015213261
0.00026505152,0,0.00079229615,8.2013607e-05,0.00018741973,-0.0010752109,0.0012992246,-0.00022230381,0.0002272798,-0.00078233085,0.0012170801,-0.00013361934
0.00028314462,0,0.00080870114,9.7106496e-05,0.00020021348,-0.0010808834,0.0013160316,-0.00020332165,0.00024279451,-0.00078645821,0.0012349358,-0.00011463098
0.0003014749,0,0.00082505584,0.00011250823,0.00021317495,-0.0010863629,0.0013326436,-0.00018383137,0.0002585126,-0.00079044509,0.0012526324,-9.5166963e-05
0.00032003905,0,0.00084135112,0.00012821777,0.00022630178,-0.0010916446,0.0013490487,-0.00016383204,0.00027443122,-0.00079428808,0.0012701581,-7.5226986e-05
0.00033883359,0,0.0008575777,0.00014423392,0.00023959153,-0.0010967238,0.0013652348,-0.00014332298,0.00029054741,-0.00079798375,0.001287501,-5.4810959e-05
0.0003578549,0,0.0008737262,0.00016055528,0.00025304163,-0.0011015958,0.0013811898,-0.00012230373,0.00030685805,-0.00080152868,0.0013046488,-3.3919027e-05
0.00037709921,0,0.0008897871,0.00017718031,0.00026664941,-0.001106256,0.0013969014,-0.00010077409,0.0003233599,-0.00080491946,0.0013215895,-1.2551577e-05
0.00039656257,0,0.00090575076,0.00019410724,0.00028041208,-0.0011106997,0.0014123571,-7.8734096e-05,0.00034004959,-0.00080815271,0.0013383107,9.2907664e-06
0.00041624088,0,0.00092160739,0.00021133417,0.00029432675,-0.0011149222,0.0014275445,-5.6184041e-05,0.00035692361,-0.00081122504,0.0013547999,3.1607128e-05
0.00043612991,0,0.00093734713,0.00022885898,0.00030839042,-0.0011189189,0.0014424509,-3.3124475e-05,0.00037397831,-0.00081413308,0.0013710446,5.4396386e-05
0.00045622524,0,0.00095295995,0.00024667937,0.00032259996,-0.0011226852,0.0014570636,-9.5562063e-06,0.00039120991,-0.00081687348,0.001387032,7.7657163e-05
0.00047652229,0,0.00096843574,0.00026479284,0.00033695214,-0.0011262165,0.0014713697,1.451969e-05,0.00040861449,-0.0008194429,0.0014027495,0.00010138782
0.00049701634,0,0.00098376428,0.00028319674,0.00035144362,-0.0011295083,0.0014853565,3.9101871e-05,0.00042618799,-0.00082183803,0.001418184,0.00012558647
0.00051770249,0,0.00099893521,0.00030188817,0.00036607094,-0.001132556,0.0014990109,6.4188722e-05,0.00044392623,-0.00082405556,0.0014333226,0.00015025094
0.0005385757,0,0.0010139381,0.00032086407,0.00038083053,-0.0011353552,0.0015123198,8.9778348e-05,0.00046182485,-0.00082609224,0.0014481522,0.00017537881
0.00055963075,0,0.0010287624,0.00034012117,0.0003957187,-0.0011379013,0.0015252701,0.00011586858,0.00047987941,-0.00082794481,0.0014626596,0.00020096737
0.00058086226,0,0.0010433974,0.000359656,0.00041073165,-0.00114019,0.0015378486,0.00014245695,0.00049808528,-0.00082961006,0.0014768315,0.00022701365
0.00060226471,0,0.0010578325,0.00037946491,0.00042586546,-0.0011422168,0.0015500419,0.00016954071,0.00051643772,-0.00083108478,0.0014906547,0.00025351438
0.00062383238,0,0.0010720568,0.000399544,0.0004411161,-0.0011439774,0.0015618368,0.00019711684,0.00053493185,-0.00083236581,0.0015041156,0.00028046603
0.00064555942,0,0.0010860593,0.00041988921,0.00045647944,-0.0011454675,0.0015732198,0.00022518199,0.00055356263,-0.00083345002,0.0015172008,0.00030786477
0.0006674398,0,0.0010998292,0.00044049625,0.00047195121,-0.0011466829,0.0015841776,0.00025373252,0.00057232491,-0.00083433433,0.0015298968,0.00033570649
0.00068946735,0,0.0011133552,0.00046136062,0.00048752704,-0.0011476192,0.0015946965,0.0002827645,0.00059121337,-0.00083501565,0.0015421898,0.00036398678
0.00071163571,0,0.0011266262,0.00048247764,0.00050320243,-0.0011482725,0.0016047631,0.00031227369,0.00061022258,-0.00083549097,0.0015540663,0.00039270095
0.00073393837,0,0.0011396311,0.00050384238,0.0005189728,-0.0011486386,0.0016143639,0.00034225553,0.00062934696,-0.00083575731,0.0015655125,0.00042184399
0.00075636866,0,0.0011523585,0.00052544972,0.00053483341,-0.0011487133,0.0016234852,0.00037270516,0.00064858077,-0.00083581172,0.0015765147,0.00045141061
0.00077891975,0,0.0011647971,0.00054729432,0.00055077943,-0.0011484928,0.0016321135,0.0004036174,0.00066791817,-0.00083565129,0.0015870591,0.0004813952
0.00080158464,0,0.0011769354,0.00056937063,0.00056680594,-0.0011479732,0.0016402351,0.00043498674,0.00068735316,-0.00083527318,0.0015971318,0.00051179186
0.00082435619,0,0.0011887619,0.00059167288,0.00058290785,-0.0011471505,0.0016478363,0.00046680737,0.0007068796,-0.00083467457,0.001606719,0.00054259437
0.00084722707,0,0.0012002653,0.00061419507,0.00059908001,-0.0011460209,0.0016549037,0.00049907314,0.00072649122,-0.00083385271,0.0016158069,0.00057379622
0.00087018982,0,0.0012114338,0.00063693102,0.00061531712,-0.0011445808,0.0016614235,0.00053177757,0.00074618162,-0.00083280488,0.0016243816,0.00060539055
0.0008932368,0,0.001222256,0.0006598743,0.0006316138,-0.0011428265,0.0016673822,0.00056491387,0.00076594424,-0.00083152844,0.0016324291,0.00063737023
0.00091636023,0,0.0012327201,0.00068301826,0.00064796453,-0.0011407544,0.0016727662,0.00059847489,0.00078577241,-0.00083002078,0.0016399357,0.00066972778
0.00093955215,0,0.0012428145,0.00070635605,0.0006643637,-0.0011383611,0.0016775619,0.00063245318,0.00080565932,-0.00082827935,0.0016468874,0.00070245541
0.00096280447,0,0.0012525275,0.00072988058,0.00068080557,-0.001135643,0.0016817558,0.00066684093,0.00082559802,-0.00082630168,0.0016532705,0.00073554502
0.00098610892,0,0.0012618474,0.00075358456,0.00069728431,-0.001132597,0.0016853344,0.00070162999,0.00084558143,-0.00082408534,0.001659071,0.00076898817
0.0010094571,0,0.0012707625,0.00077746046,0.00071379396,-0.0011292196,0.0016882843,0.00073681187,0.00086560233,-0.00082162797,0.0016642752,0.00080277612
0.0010328404,0,0.001279261,0.00080150054,0.00073032848,-0.0011255079,0.001690592,0.00077237777,0.00088565338,-0.00081892728,0.0016688693,0.00083689979
0.0010562502,0,0.0012873312,0.00082569683,0.00074688171,-0.0011214587,0.0016922444,0.00080831849,0.00090572711,-0.00081598103,0.0016728396,0.00087134977
0.0010796776,0,0.0012949614,0.00085004115,0.00076344736,-0.001117069,0.0016932281,0.00084462454,0.00092581592,-0.00081278707,0.0016761725,0.00090611633
0.0011031136,0,0.0013021399,0.00087452509,0.00078001908,-0.001112336,0.00169353,0.00088128604,0.00094591208,-0.00080934331,0.0016788544,0.00094118942
0.0011265489,0,0.0013088548,0.00089914003,0.00079659038,-0.0011072569,0.001693137,0.0009182928,0.00096600773,-0.00080564773,0.0016808716,0.00097655864
0.0011499744,0,0.0013150947,0.00092387711,0.00081315469,-0.0011018291,0.001692036,0.00095563424,0.0009860949,-0.0008016984,0.0016822108,0.0010122133
0.0011733805,0,0.0013208477,0.00094872727,0.00082970532,-0.0010960499,0.0016902143,0.00099329946,0.0010061655,-0.00079749344,0.0016828585,0.0010481423
0.0011967577,0,0.0013261022,0.00097368121,0.00084623549,-0.001089917,0.001687659,0.0010312772,0.0010262113,-0.00079303109,0.0016828016,0.0010843343
0.0012200962,0,0.0013308467,0.00099872944,0.00086273832,-0.001083428,0.0016843574,0.0010695559,0.0010462239,-0.00078830964,0.0016820267,0.0011207776
0.0012433862,0,0.0013350696,0.0010238622,0.00087920683,-0.0010765806,0.0016802971,0.0011081235,0.0010661949,-0.00078332746,0.0016805208,0.0011574601
0.0012666177,0,0.0013387593,0.0010490696,0.00089563396,-0.0010693728,0.0016754656,0.0011469677,0.0010861157,-0.00077808302,0.001678271,0.0011943695
0.0012897805,0,0.0013419045,0.0010743415,0.00091201253,-0.0010618026,0.0016698507,0.0011860759,0.0011059776,-0.00077257488,0.0016752643,0.0012314931
0.0013128644,0,0.0013444938,0.0010996674,0.00092833528,-0.0010538681,0.0016634402,0.0012254351,0.0011257719,-0.00076680167,0.0016714881,0.0012688178
0.0013358589,0,0.0013465158,0.0011250368,0.00094459487,-0.0010455676,0.0016562222,0.0012650318,0.0011454895,-0.00076076214,0.0016669297,0.0013063303
0.0013587535,0,0.0013479593,0.0011504389,0.00096078385,-0.0010368994,0.0016481848,0.0013048524,0.0011651216,-0.0007544551,0.0016615768,0.0013440168
0.0013815377,0,0.0013488131,0.0011758627,0.00097689469,-0.001027862,0.0016393166,0.0013448827,0.0011846588,-0.00074787949,0.0016554171,0.0013818635
0.0014042006,0,0.0013490662,0.0012012969,0.00099291977,-0.0010184542,0.001629606,0.0013851084,0.0012040921,-0.00074103431,0.0016484384,0.0014198558
0.0014267314,0,0.0013487076,0.0012267301,0.0010088514,-0.0010086748,0.0016190418,0.0014255147,0.001223412,-0.00073391868,0.0016406288,0.0014579793
0.0014491189,0,0.0013477264,0.0012521508,0.0010246818,-0.0009985225,0.0016076129,0.0014660864,0.0012426092,-0.00072653183,0.0016319766,0.0014962187
0.0014713523,0,0.0013461119,0.0012775469,0.0010404032,-0.00098799654,0.0015953086,0.0015068081,0.0012616741,-0.00071887308,0.0016224701,0.001534559
0.0014934201,0,0.0013438534,0.0013029066,0.0010560075,-0.0009770961,0.0015821182,0.001547664,0.0012805971,-0.00071094184,0.001612098,0.0015729843
0.0015153111,0,0.0013409403,0.0013282176,0.0010714867,-0.00096582053,0.0015680313,0.0015886379,0.0012993685,-0.00070273766,0.0016008491,0.0016114787
0.0015370138,0,0.0013373624,0.0013534673,0.0010868329,-0.00095416934,0.0015530377,0.0016297133,0.0013179785,-0.00069426017,0.0015887124,0.001650026
0.0015585168,0,0.0013331092,0.0013786433,0.0011020378,-0.00094214218,0.0015371277,0.0016708733,0.0013364171,-0.00068550913,0.0015756774,0.0016886096
0.0015798083,0,0.0013281708,0.0014037326,0.0011170932,-0.00092973886,0.0015202914,0.0017121007,0.0013546744,-0.00067648439,0.0015617333,0.0017272126
0.0016008767,0,0.0013225371,0.0014287223,0.0011319908,-0.00091695936,0.0015025195,0.0017533782,0.0013727404,-0.00066718594,0.00154687,0.0017658177
0.0016217101,0,0.0013161983,0.0014535992,0.0011467222,-0.0009038038,0.001483803,0.0017946877,0.001390605,-0.00065761386,0.0015310775,0.0018044075
0.0016422967,0,0.0013091448,0.0014783497,0.0011612792,-0.00089027247,0.0014641328,0.0018360111,0.0014082578,-0.00064776837,0.0015143461,0.0018429641
0.0016626245,0,0.0013013671,0.0015029605,0.0011756531,-0.00087636582,0.0014435005,0.0018773299,0.0014256888,-0.0006376498,0.0014966661,0.0018814694
0.0016826814,0,0.001292856,0.0015274178,0.0011898354,-0.00086208448,0.0014218978,0.0019186253,0.0014428874,-0.00062725859,0.0014780286,0.0019199049
0.0017024553,0,0.0012836023,0.0015517076,0.0012038177,-0.00084742921,0.0013993168,0.0019598781,0.0014598434,-0.00061659532,0.0014584245,0.0019582521
0.001721934,0,0.001273597,0.0015758158,0.0012175912,-0.000832401,0.0013757498,0.0020010688,0.0014765462,-0.00060566069,0.0014378452,0.0019964918
0.0017411051,0,0.0012628316,0.0015997283,0.0012311473,-0.00081700096,0.0013511895,0.0020421776,0.0014929853,-0.00059445551,0.0014162825,0.0020346047
0.0017599565,0,0.0012512975,0.0016234305,0.0012444772,-0.0008012304,0.001325629,0.0020831845,0.0015091503,-0.00058298075,0.0013937282,0.0020725714
0.0017784757,0,0.0012389864,0.001646908,0.0012575722,-0.0007850908,0.0012990614,0.002124069,0.0015250303,-0.00057123746,0.0013701749,0.002110372
0.0017966503,0,0.0012258903,0.001670146,0.0012704236,-0.00076858382,0.0012714807,0.0021648104,0.0015406149,-0.00055922687,0.001345615,0.0021479863
0.0018144677,0,0.0012120012,0.0016931296,0.0012830224,-0.00075171132,0.0012428808,0.0022053877,0.0015558932,-0.00054695032,0.0013200416,0.0021853939
0.0018319155,0,0.0011973118,0.0017158437,0.0012953599,-0.00073447531,0.0012132562,0.0022457797,0.0015708546,-0.00053440928,0.0012934481,0.0022225743
0.0018489811,0,0.0011818145,0.0017382734,0.0013074271,-0.000716878,0.0011826017,0.0022859647,0.0015854882,-0.00052160536,0.0012658282,0.0022595065
0.0018656519,0,0.0011655023,0.0017604031,0.0013192151,-0.0006989218,0.0011509125,0.0023259209,0.0015997833,-0.00050854031,0.0012371758,0.0022961693
0.0018819152,0,0.0011483683,0.0017822176,0.001330715,-0.00068060929,0.0011181842,0.0023656261,0.001613729,-0.000495216,0.0012074856,0.0023325414
0.0018977585,0,0.0011304061,0.0018037012,0.0013419179,-0.00066194325,0.0010844127,0.002405058,0.0016273145,-0.00048163446,0.0011767522,0.0023686011
0.0019131689,0,0.0011116093,0.0018248383,0.0013528147,-0.00064292666,0.0010495945,0.0024441938,0.0016405288,-0.00046779786,0.001144971,0.0024043266
0.0019281339,0,0.0010919719,0.0018456131,0.0013633966,-0.00062356268,0.0010137264,0.0024830106,0.0016533612,-0.00045370849,0.0011121376,0.0024396957
0.0019426408,0,0.0010714881,0.0018660096,0.0013736545,-0.00060385467,0.0009768057,0.0025214853,0.0016658007,-0.00043936881,0.0010782479,0.0024746861
0.0019566768,0,0.0010501527,0.001886012,0.0013835794,-0.00058380619,0.00093883002,0.0025595944,0.0016778365,-0.0004247814,0.0010432986,0.0025092752
0.0019702292,0,0.0010279604,0.001905604,0.0013931624,-0.000563421,0.00089979754,0.0025973142,0.0016894576,-0.00040994899,0.0010072864,0.0025434405
0.0019832854,0,0.0010049065,0.0019247694,0.0014023946,-0.00054270305,0.00085970683,0.0026346209,0.0017006532,-0.00039487447,0.00097020867,0.0025771588
0.0019958327,0,0.00098098639,0.0019434921,0.0014112668,-0.00052165652,0.00081855696,0.0026714903,0.0017114124,-0.00037956087,0.00093206323,0.002610407
0.0020078583,0,0.00095619604,0.0019617555,0.0014197702,-0.00050028575,0.00077634743,0.0027078981,0.0017217243,-0.00036401135,0.00089284827,0.0026431619
0.0020193498,0,0.00093053159,0.0019795434,0.0014278959,-0.00047859533,0.00073307826,0.0027438198,0.0017315782,-0.00034822925,0.00085256248,0.0026753999
0.0020302944,0,0.00090398955,0.001996839,0.001435635,-0.00045659002,0.00068874993,0.0027792305,0.0017409631,-0.00033221804,0.00081120504,0.0027070974
0.0020406797,0,0.00087656679,0.0020136259,0.0014429784,-0.0004342748,0.00064336342,0.0028141054,0.0017498684,-0.00031598133,0.00076877557,0.0027382305
0.002050493,0,0.00084826054,0.0020298875,0.0014499175,-0.00041165486,0.0005969202,0.0028484193,0.0017582833,-0.00029952291,0.00072527421,0.0027687752
0.002059722,0,0.00081906837,0.002045607,0.0014564434,-0.0003887356,0.00054942228,0.002882147,0.001766197,-0.0002828467,0.00068070156,0.0027987074
0.0020683541,0,0.00078898824,0.0020607678,0.0014625472,-0.00036552263,0.00050087216,0.0029152629,0.001773599,-0.00026595678,0.00063505876,0.0028280028
0.002076377,0,0.00075801848,0.002075353,0.0014682203,-0.00034202175,0.00045127288,0.0029477414,0.0017804786,-0.00024885738,0.00058834744,0.0028566371
0.0020837784,0,0.0007261578,0.002089346,0.0014734539,-0.000318239,0.00040062799,0.0029795568,0.0017868253,-0.00023155288,0.00054056975,0.0028845858
0.0020905462,0,0.00069340531,0.0021027298,0.0014782394,-0.00029418061,0.0003489416,0.0030106831,0.0017926286,-0.00021404784,0.00049172836,0.0029118241
0.0020966681,0,0.00065976048,0.0021154877,0.0014825682,-0.00026985304,0.00029621835,0.0030410943,0.001797878,-0.00019634693,0.00044182649,0.0029383274
0.002102132,0,0.00062522324,0.0021276028,0.0014864318,-0.00024526295,0.00024246346,0.0030707642,0.0018025633,-0.00017845501,0.00039086788,0.0029640709
0.0021069261,0,0.00058979388,0.0021390583,0.0014898217,-0.00022041721,0.00018768267,0.0030996666,0.0018066742,-0.00016037708,0.00033885683,0.0029890297
0.0021110384,0,0.00055347312,0.0021498374,0.0014927296,-0.00019532291,0.00013188232,0.0031277751,0.0018102005,-0.00014211829,0.0002857982,0.0030131788
0.0021144572,0,0.00051626212,0.0021599234,0.001495147,-0.00016998737,7.5069304e-05,0.0031550632,0.0018131321,-0.00012368398,0.00023169739,0.0030364933
0.0021171708,0,0.00047816245,0.0021692993,0.0014970659,-0.00014441808,1.7251096e-05,0.0031815044,0.001815459,-0.00010507959,0.00017656038,0.003058948
0.0021191677,0,0.00043917611,0.0021779486,0.0014984779,-0.00011862279,-4.1564241e-05,0.003207072,0.0018171713,-8.631076e-05,0.00012039373,0.0030805179
0.0021204365,0,0.00039930555,0.0021858545,0.001499375,-9.2609442e-05,-0.00010136805,0.0032317395,0.0018182593,-6.7383266e-05,6.320458e-05,0.0031011778
0.0021209659,0,0.00035855367,0.0021930003,0.0014997494,-6.6386186e-05,-0.0001621511,0.00325548,0.0018187133,-4.8303045e-05,5.0006415e-06,0.0031209025
0.0021207447,0,0.00031692381,0.0021993695,0.001499593,-3.9961396e-05,-0.00022390351,0.0032782669,0.0018185236,-2.9076186e-05,-5.4209767e-05,0.0031396671
0.002119762,0,0.00027441977,0.0022049455,0.0014988981,-1.3343655e-05,-0.00028661485,0.0033000735,0.001817681,-9.708935e-06,-0.00011441773,0.0031574462
0.002118007,0,0.00023104583,0.002209712,0.0014976571,1.3458242e-05,-0.00035027404,0.0033208728,0.001816176,9.7923093e-06,-0.00017561373,0.0031742148
0.0021154688,0,0.00018680672,0.0022136525,0.0014958623,4.0435286e-05,-0.00041486939,0.0033406382,0.0018139995,2.9420992e-05,-0.00023778765,0.0031899479
0.0021121371,0,0.00014170764,0.0022167508,0.0014935064,6.7578261e-05,-0.0004803886,0.0033593429,0.0018111426,4.9170407e-05,-0.00030092873,0.0032046202
0.0021080014,0,9.5754278e-05,0.0022189907,0.0014905821,9.4877736e-05,-0.00054681872,0.0033769602,0.0018075963,6.9033693e-05,-0.00036502561,0.003218207
0.0021030516,0,4.8952812e-05,0.0022203562,0.0014870821,0.00012232407,-0.00061414619,0.0033934633,0.0018033519,8.9003836e-05,-0.00043006632,0.0032306831
0.0020972778,0,1.3099008e-06,0.0022208314,0.0014829994,0.00014990742,-0.00068235681,0.0034088257,0.0017984009,0.00010907367,-0.00049603822,0.0032420239
0.0020906701,0,-4.7167304e-05,0.0022204004,0.001478327,0.00017761774,-0.00075143574,0.0034230208,0.0017927349,0.00012923589,-0.00056292806,0.0032522046
0.002083219,0,-9.6471149e-05,0.0022190476,0.0014730583,0.00020544475,-0.00082136749,0.0034360222,0.0017863456,0.00014948301,-0.00063072196,0.0032612004
0.0020749151,0,-0.00014659348,0.0022167574,0.0014671865,0.00023337799,-0.00089213593,0.0034478033,0.001779225,0.00016980743,-0.00069940539,0.0032689869
0.0020657492,0,-0.00019752564,0.0022135147,0.0014607053,0.0002614068,-0.00096372429,0.0034583379,0.0017713654,0.00019020139,-0.00076896316,0.0032755397
0.0020557125,0,-0.00024925846,0.002209304,0.0014536082,0.0002895203,-0.0010361151,0.0034675999,0.0017627589,0.00021065696,-0.00083937944,0.0032808346
0.0020447961,0,-0.00030178224,0.0022041105,0.0014458892,0.00031770742,-0.0011092904,0.0034755632,0.0017533982,0.00023116611,-0.00091063775,0.0032848474
0.0020329916,0,-0.00035508679,0.0021979193,0.0014375422,0.00034595689,-0.0011832313,0.003482202,0.001743276,0.00025172061,-0.00098272096,0.0032875542
0.0020202909,0,-0.00040916137,0.0021907159,0.0014285614,0.00037425723,-0.0012579184,0.0034874904,0.0017323852,0.00027231214,-0.0010556113,0.0032889314
0.0020066859,0,-0.00046399475,0.0021824857,0.0014189412,0.00040259679,-0.0013333317,0.003491403,0.001720719,0.0002929322,-0.0011292902,0.0032889553
0.001992169,0,-0.00051957512,0.0021732146,0.0014086762,0.00043096371,-0.0014094505,0.0034939145,0.0017082708,0.00031357216,-0.0012037387,0.0032876027
0.0019767326,0,-0.0005758902,0.0021628887,0.001397761,0.00045934594,-0.0014862534,0.0034949996,0.0016950342,0.00033422326,-0.0012789369,0.0032848504
0.0019603696,0,-0.00063292712,0.0021514941,0.0013861907,0.00048773124,-0.0015637183,0.0034946334,0.0016810031,0.0003548766,-0.0013548644,0.0032806757
0.0019430732,0,-0.00069067251,0.0021390174,0.0013739602,0.00051610719,-0.0016418224,0.0034927913,0.0016661715,0.00037552314,-0.0014315,0.0032750559
0.0019248366,0,-0.00074911245,0.0021254455,0.001361065,0.00054446118,-0.0017205425,0.0034894487,0.0016505338,0.0003961537,-0.001508822,0.0032679687
0.0019056537,0,-0.00080823246,0.0021107652,0.0013475007,0.00057278042,-0.0017998544,0.0034845816,0.0016340846,0.00041675898,-0.0015868079,0.0032593921
0.0018855184,0,-0.00086801756,0.002094964,0.0013332628,0.00060105196,-0.0018797335,0.0034781661,0.0016168187,0.00043732954,-0.0016654346,0.0032493043
0.0018644249,0,-0.00092845218,0.0020780295,0.0013183475,0.00062926264,-0.0019601543,0.0034701785,0.0015987312,0.00045785583,-0.0017446782,0.0032376839
0.001842368,0,-0.00098952022,0.0020599495,0.0013027509,0.00065739916,-0.0020410908,0.0034605955,0.0015798175,0.00047832815,-0.0018245143,0.0032245099
0.0018193424,0,-0.0010512051,0.0020407122,0.0012864694,0.00068544803,-0.0021225162,0.0034493942,0.0015600733,0.0004987367,-0.0019049177,0.0032097615
0.0017953436,0,-0.0011134895,0.0020203063,0.0012694997,0.00071339559,-0.0022044033,0.003436552,0.0015394945,0.00051907153,-0.0019858627,0.0031934182
0.0017703671,0,-0.0011763557,0.0019987205,0.0012518386,0.00074122804,-0.0022867239,0.0034220467,0.0015180773,0.00053932262,-0.0020673227,0.0031754602
0.0017444089,0,-0.0012397856,0.0019759441,0.0012334834,0.0007689314,-0.0023694494,0.0034058563,0.0014958183,0.00055947977,-0.0021492706,0.0031558677
0.0017174652,0,-0.0013037601,0.0019519666,0.0012144313,0.00079649154,-0.0024525503,0.0033879593,0.0014727143,0.00057953272,-0.0022316785,0.0031346215
0.0016895327,0,-0.0013682599,0.0019267779,0.0011946801,0.00082389419,-0.0025359968,0.0033683348,0.0014487624,0.00059947107,-0.002314518,0.0031117029
0.0016606085,0,-0.0014332651,0.0019003683,0.0011742275,0.00085112491,-0.0026197581,0.003346962,0.00142396,0.00061928433,-0.0023977599,0.0030870935
0.0016306898,0,-0.0014987552,0.0018727285,0.0011530718,0.00087816912,-0.002703803,0.0033238207,0.001398305,0.00063896189,-0.0024813744,0.0030607754
0.0015997746,0,-0.0015647091,0.0018438496,0.0011312114,0.00090501213,-0.0027880994,0.0032988912,0.0013717954,0.00065849305,-0.0025653311,0.0030327311
0.0015678608,0,-0.0016311052,0.0018137229,0.001108645,0.00093163907,-0.0028726148,0.0032721541,0.0013444296,0.00067786699,-0.0026495987,0.0030029436
0.0015349471,0,-0.0016979215,0.0017823403,0.0010853715,0.00095803496,-0.002957316,0.0032435907,0.0013162063,0.00069707282,-0.0027341457,0.0029713966
0.0015010324,0,-0.0017651351,0.0017496942,0.0010613902,0.00098418469,-0.0030421691,0.0032131827,0.0012871247,0.00071609955,-0.0028189395,0.002938074
0.0014661161,0,-0.001832723,0.0017157773,0.0010367006,0.001010073,-0.0031271396,0.0031809123,0.0012571842,0.00073493609,-0.0029039471,0.0029029604
0.0014301978,0,-0.0019006612,0.0016805827,0.0010113025,0.0010356846,-0.0032121925,0.0031467623,0.0012263845,0.00075357126,-0.0029891347,0.002866041
0.0013932777,0,-0.0019689256,0.0016441041,0.00098519612,0.001061004,-0.003297292,0.0031107159,0.0011947258,0.00077199383,-0.0030744682,0.0028273014
0.0013553565,0,-0.0020374912,0.0016063355,0.00095838176,0.0010860156,-0.0033824018,0.0030727572,0.0011622086,0.00079019245,-0.0031599125,0.0027867278
0.0013164351,0,-0.0021063326,0.0015672715,0.00093086016,0.0011107038,-0.003467485,0.0030328704,0.0011288338,0.00080815572,-0.0032454321,0.0027443071
0.0012765149,0,-0.0021754241,0.0015269072,0.00090263236,0.0011350527,-0.0035525041,0.0029910408,0.0010946025,0.00082587216,-0.0033309907,0.0027000267
0.0012355979,0,-0.002244739,0.0014852381,0.00087369967,0.0011590465,-0.003637421,0.0029472541,0.0010595165,0.00084333022,-0.0034165516,0.0026538748
0.0011936864,0,-0.0023142505,0.0014422602,0.00084406375,0.0011826693,-0.003722197,0.0029014965,0.0010235776,0.00086051829,-0.0035020775,0.0026058399
0.0011507831,0,-0.0023839311,0.00139797,0.00081372655,0.0012059049,-0.0038067928,0.002853755,0.00098678838,0.00087742471,-0.0035875303,0.0025559115
0.0011068913,0,-0.0024537528,0.0013523647,0.00078269035,0.0012287373,-0.0038911687,0.0028040173,0.00094915147,0.00089403774,-0.0036728714,0.0025040795
0.0010620147,0,-0.002523687,0.0013054419,0.00075095778,0.0012511504,-0.0039752844,0.0027522718,0.00091067007,0.00091034561,-0.0037580617,0.0024503347
0.0010161574,0,-0.0025937047,0.0012571996,0.00071853176,0.0012731277,-0.0040590988,0.0026985074,0.00087134774,0.00092633649,-0.0038430616,0.0023946685
0.00096932399,0,-0.0026637765,0.0012076367,0.00068541556,0.0012946531,-0.0041425706,0.002642714,0.00083118846,0.00094199851,-0.0039278307,0.0023370729
0.00092151967,0,-0.0027338723,0.0011567524,0.00065161281,0.0013157102,-0.0042256578,0.002584882,0.0007901966,0.00095731976,-0.0040123282,0.0022775407
0.00087274999,0,-0.0028039617,0.0011045464,0.00061712744,0.0013362825,-0.004308318,0.0025250026,0.00074837694,0.0009722883,-0.0040965127,0.0022160656
0.00082302102,0,-0.0028740135,0.0010510193,0.00058196374,0.0013563535,-0.0043905081,0.0024630679,0.0007057347,0.00098689216,-0.0041803424,0.0021526418
0.00077233931,0,-0.0029439964,0.000996172,0.00054612636,0.0013759069,-0.0044721848,0.0023990707,0.00066227549,0.0010011193,-0.0042637748,0.0020872645
0.00072071191,0,-0.0030138785,0.00094000613,0.00050962028,0.0013949261,-0.004553304,0.0023330045,0.00061800537,0.0010149578,-0.0043467671,0.0020199295
0.00066814639,0,-0.0030836273,0.00088252389,0.00047245084,0.0014133945,-0.0046338215,0.0022648636,0.0005729308,0.0010283956,-0.0044292758,0.0019506335
0.00061465079,0,-0.0031532101,0.00082372809,0.00043462374,0.0014312956,-0.0047136922,0.0021946434,0.00052705871,0.0010414205,-0.004511257,0.001879374
0.00056023368,0,-0.0032225934,0.00076362219,0.00039614504,0.0014486129,-0.004792871,0.0021223399,0.00048039642,0.0010540207,-0.0045926663,0.0018061493
0.00050490413,0,-0.0032917436,0.00070221027,0.00035702113,0.0014653297,-0.004871312,0.0020479499,0.00043295172,0.0010661839,-0.0046734589,0.0017309586
0.00044867172,0,-0.0033606265,0.00063949703,0.00031725882,0.0014814295,-0.0049489693,0.0019714713,0.00038473283,0.0010778983,-0.0047535894,0.0016538018
0.00039154656,0,-0.0034292075,0.00057548785,0.00027686523,0.0014968957,-0.0050257961,0.0018929028,0.00033574841,0.0010891516,-0.0048330123,0.0015746798
0.00033353927,0,-0.0034974517,0.00051018874,0.00023584788,0.001511712,-0.0051017457,0.0018122439,0.00028600757,0.001099932,-0.0049116812,0.0014935944
0.000274661,0,-0.0035653235,0.0004436064,0.00019421466,0.0015258616,-0.0051767706,0.0017294951,0.00023551986,0.0011102274,-0.0049895498,0.0014105483
0.00021492342,0,-0.0036327872,0.00037574817,0.00015197381,0.0015393282,-0.0052508233,0.0016446579,0.00018429531,0.0011200258,-0.0050665709,0.0013255449
0.00015433874,0,-0.0036998067,0.00030662209,0.00010913397,0.0015520954,-0.0053238558,0.0015577345,0.00013234438,0.0011293153,-0.0051426973,0.0012385888
9.2919694e-05,0,-0.0037663453,0.00023623689,6.5704145e-05,0.0015641468,-0.0053958198,0.0014687283,7.967798e-05,0.001138084,-0.0052178814,0.0011496854
3.067955e-05,0,-0.0038323662,0.00016460197,2.1693718e-05,0.0015754661,-0.0054666666,0.0013776437,2.6307497e-05,0.00114632,-0.005292075,0.001058841
-3.2367884e-05,0,-0.003897832,9.1727445e-05,-2.2887551e-05,0.001586037,-0.0055363474,0.0012844858,-2.7755232e-05,0.0011540114,-0.0053652298,0.00096606294
-9.6208263e-05,0,-0.0039627052,1.7624141e-05,-6.8029515e-05,0.0015958433,-0.005604813,0.001189261,-8.2497905e-05,0.0011611466,-0.0054372971,0.00087135948
-0.0001608267,0,-0.0040269478,-5.7696415e-05,-0.00011372165,0.001604869,-0.0056720138,0.0010919765,-0.00013790776,0.0011677137,-0.005508228,0.00077473988
-0.00022620777,0,-0.0040905215,-0.00013422197,-0.00015995305,0.0016130981,-0.0057379004,0.00099264062,-0.00019397157,0.0011737012,-0.0055779731,0.00067621438
-0.00029233551,0,-0.0041533878,-0.00021193956,-0.00020671242,0.0016205146,-0.0058024228,0.00089126275,-0.00025067563,0.0011790975,-0.005646483,0.00057579424
-0.00035919339,0,-0.0042155077,-0.00029083547,-0.00025398808,0.0016271027,-0.0058655309,0.00078785326,-0.00030800579,0.0011838911,-0.0057137078,0.00047349171
-0.00042676436,0,-0.0042768423,-0.00037089526,-0.00030176797,0.0016328468,-0.0059271745,0.00068242359,-0.00036594742,0.0011880706,-0.0057795977,0.00036932007
-0.00049503082,0,-0.004337352,-0.00045210376,-0.00035003965,0.0016377313,-0.0059873031,0.00057498626,-0.00042448543,0.0011916245,-0.0058441023,0.00026329365
-0.00056397461,0,-0.0043969973,-0.00053444503,-0.00039879027,0.0016417407,-0.0060458661,0.00046555488,-0.00048360424,0.0011945418,-0.0059071714,0.0001554278
-0.00063357704,0,-0.0044557381,-0.00061790242,-0.00044800662,0.0016448598,-0.006102813,0.00035414413,-0.00054328783,0.0011968113,-0.0059687542,4.5738923e-05
-0.00070381886,0,-0.0045135344,-0.00070245847,-0.00049767509,0.0016470733,-0.0061580929,0.00024076981,-0.00060351969,0.0011984219,-0.0060288002,-6.5755497e-05
-0.00077468028,0,-0.0045703459,-0.00078809501,-0.00054778168,0.0016483664,-0.0062116549,0.00012544884,-0.00066428286,0.0011993627,-0.0060872585,-0.00017903692
-0.00084614097,0,-0.0046261319,-0.00087479309,-0.00059831202,0.0016487241,-0.0062634482,8.1992473e-06,-0.00072555989,0.001199623,-0.0061440781,-0.00029408573
-0.00091818004,0,-0.0046808519,-0.00096253299,-0.00064925133,0.0016481318,-0.0063134217,-0.0001109598,-0.00078733289,0.001199192,-0.006199208,-0.00041088121
-0.00099077608,0,-0.0047344649,-0.0010512942,-0.00070058448,0.001646575,-0.0063615246,-0.000232008,-0.00084958348,0.0011980593,-0.0062525971,-0.00052940156
-0.0010639071,0,-0.0047869299,-0.0011410555,-0.00075229593,0.0016440394,-0.0064077059,-0.00035492389,-0.00091229282,0.0011962144,-0.0063041943,-0.00064962388
-0.0011375506,0,-0.0048382058,-0.0012317949,-0.00080436976,0.0016405109,-0.0064519146,-0.00047968486,-0.00097544161,0.001193647,-0.0063539483,-0.00077152416
-0.0012116836,0,-0.0048882512,-0.0013234895,-0.00085678968,0.0016359757,-0.0064941,-0.00060626711,-0.0010390101,0.0011903472,-0.0064018081,-0.00089507726
-0.0012862824,0,-0.0049370248,-0.0014161157,-0.000909539,0.0016304201,-0.0065342111,-0.00073464569,-0.001102978,0.0011863049,-0.0064477225,-0.0010202569
-0.0013613229,0,-0.0049844852,-0.0015096492,-0.00096260067,0.0016238306,-0.0065721974,-0.00086479446,-0.0011673248,0.0011815103,-0.0064916404,-0.0011470358
-0.0014367805,0,-0.0050305908,-0.0016040648,-0.0010159573,0.001616194,-0.0066080083,-0.0009966861,-0.0012320291,0.0011759538,-0.0065335107,-0.0012753854
-0.00151263,0,-0.0050753,-0.0016993367,-0.001069591,0.0016074973,-0.0066415934,-0.0011302921,-0.0012970696,0.0011696261,-0.0065732825,-0.001405276
-0.0015888457,0,-0.0051185712,-0.001795438,-0.0011234836,0.0015977279,-0.0066729024,-0.0012655827,-0.001362424,0.0011625178,-0.0066109051,-0.0015366768
-0.0016654014,0,-0.0051603629,-0.0018923412,-0.0011776166,0.0015868732,-0.0067018853,-0.001402527,-0.0014280699,0.0011546199,-0.0066463277,-0.0016695559
-0.0017422702,0,-0.0052006334,-0.0019900181,-0.0012319711,0.0015749211,-0.0067284924,-0.0015410928,-0.0014939843,0.0011459235,-0.0066794999,-0.0018038803
-0.0018194249,0,-0.0052393411,-0.0020884397,-0.0012865277,0.0015618597,-0.0067526741,-0.0016812468,-0.001560144,0.0011364199,-0.0067103713,-0.0019396156
-0.0018968378,0,-0.0052764445,-0.002187576,-0.0013412669,0.0015476774,-0.0067743811,-0.0018229544,-0.001626525,0.0011261007,-0.0067388918,-0.0020767265
-0.0019744805,0,-0.0053119021,-0.0022873963,-0.0013961685,0.0015323628,-0.0067935645,-0.0019661799,-0.001693103,0.0011149577,-0.0067650116,-0.0022151765
-0.0020523242,0,-0.0053456725,-0.0023878694,-0.0014512124,0.0015159049,-0.0068101755,-0.0021108862,-0.0017598535,0.0011029828,-0.0067886811,-0.0023549277
-0.0021303397,0,-0.0053777144,-0.002488963,-0.0015063777,0.001498293,-0.0068241661,-0.002257035,-0.0018267513,0.0010901683,-0.006809851,-0.0024959414
-0.0022084972,0,-0.0054079866,-0.002590644,-0.0015616434,0.0014795168,-0.0068354882,-0.0024045869,-0.0018937707,0.0010765066,-0.0068284723,-0.0026381775
-0.0022867664,0,-0.0054364481,-0.0026928789,-0.001616988,0.0014595661,-0.0068440944,-0.0025535011,-0.001960886,0.0010619903,-0.0068444965,-0.0027815948
-0.0023651165,0,-0.0054630581,-0.0027956329,-0.0016723899,0.0014384313,-0.0068499376,-0.0027037358,-0.0020280706,0.0010466125,-0.0068578752,-0.0029261509
-0.0024435162,0,-0.0054877757,-0.0028988709,-0.0017278269,0.0014161031,-0.0068529714,-0.0028552476,-0.0020952979,0.0010303663,-0.0068685606,-0.0030718023
-0.002521934,0,-0.0055105607,-0.0030025568,-0.0017832767,0.0013925723,-0.0068531494,-0.0030079923,-0.0021625406,0.0010132452,-0.0068765054,-0.0032185044
-0.0026003377,0,-0.0055313725,-0.0031066537,-0.0018387164,0.0013678305,-0.0068504264,-0.0031619242,-0.0022297711,0.00099524287,-0.0068816625,-0.0033662112
-0.0026786945,0,-0.0055501714,-0.0032111241,-0.001894123,0.0013418693,-0.0068447571,-0.0033169964,-0.0022969616,0.00097635334,-0.0068839854,-0.0035148759
-0.0027569715,0,-0.0055669174,-0.0033159297,-0.0019494732,0.0013146809,-0.0068360973,-0.0034731608,-0.0023640835,0.00095657088,-0.0068834283,-0.0036644502
-0.0028351351,0,-0.0055815713,-0.0034210313,-0.0020047432,0.0012862579,-0.0068244029,-0.003630368,-0.0024311083,0.00093589006,-0.0068799456,-0.0038148848
-0.0029131514,0,-0.0055940937,-0.0035263892,-0.0020599091,0.001256593,-0.006809631,-0.0037885676,-0.0024980067,0.00091430574,-0.0068734926,-0.0039661293
-0.002990986,0,-0.0056044458,-0.0036319627,-0.0021149465,0.0012256798,-0.0067917389,-0.0039477077,-0.0025647493,0.00089181308,-0.006864025,-0.0041181322
-0.0030686042,0,-0.0056125893,-0.0037377107,-0.0021698308,0.001193512,-0.0067706849,-0.0041077353,-0.0026313064,0.00086840753,-0.0068514991,-0.0042708407
-0.0031459707,0,-0.0056184861,-0.0038435912,-0.0022245372,0.0011600837,-0.0067464277,-0.0042685963,-0.0026976476,0.00084408489,-0.006835872,-0.0044242009
-0.00322305,0,-0.0056220984,-0.0039495613,-0.0022790405,0.0011253896,-0.0067189271,-0.0044302352,-0.0027637425,0.00081884124,-0.0068171014,-0.004578158
-0.003299806,0,-0.0056233889,-0.0040555777,-0.0023333152,0.0010894248,-0.0066881435,-0.0045925955,-0.0028295603,0.000792673,-0.0067951457,-0.0047326557
-0.0033762025,0,-0.0056223209,-0.0041615962,-0.0023873357,0.0010521849,-0.0066540381,-0.0047556192,-0.0028950697,0.00076557694,-0.006769964,-0.004887637
-0.0034522026,0,-0.0056188581,-0.0042675721,-0.0024410759,0.0010136657,-0.0066165729,-0.0049192476,-0.0029602393,0.00073755013,-0.0067415164,-0.0050430435
-0.0035277694,0,-0.0056129645,-0.0043734599,-0.0024945096,0.00097386382,-0.006575711,-0.0050834202,-0.0030250373,0.00070859001,-0.0067097634,-0.0051988159
-0.0036028652,0,-0.0056046048,-0.0044792133,-0.0025476104,0.00093277617,-0.0065314161,-0.005248076,-0.0030894315,0.00067869436,-0.0066746668,-0.0053548936
-0.0036774525,0,-0.0055937442,-0.0045847856,-0.0026003516,0.0008904002,-0.006483653,-0.0054131522,-0.0031533895,0.00064786131,-0.0066361889,-0.0055112153
-0.0037514931,0,-0.0055803485,-0.0046901293,-0.0026527062,0.00084673383,-0.0064323875,-0.0055785854,-0.0032168788,0.00061608936,-0.0065942931,-0.0056677182
-0.0038249484,0,-0.0055643839,-0.0047951963,-0.002704647,0.0008017755,-0.0063775863,-0.0057443106,-0.0032798662,0.00058337737,-0.0065489436,-0.0058243387
-0.00389778,0,-0.0055458176,-0.0048999378,-0.0027561466,0.00075552416,-0.006319217,-0.0059102621,-0.0033423187,0.00054972457,-0.0065001055,-0.0059810121
-0.0039699486,0,-0.0055246169,-0.0050043044,-0.0028071776,0.00070797926,-0.0062572485,-0.0060763727,-0.0034042028,0.00051513058,-0.006447745,-0.0061376728
-0.004041415,0,-0.0055007503,-0.0051082462,-0.002857712,0.00065914081,-0.0061916506,-0.0062425743,-0.0034654848,0.00047959538,-0.0063918293,-0.006294254
-0.0041121397,0,-0.0054741865,-0.0052117127,-0.0029077218,0.00060900931,-0.0061223943,-0.0064087977,-0.0035261307,0.00044311936,-0.0063323266,-0.006450688
-0.0041820828,0,-0.0054448952,-0.0053146527,-0.0029571791,0.00055758585,-0.0060494516,-0.0065749726,-0.0035861064,0.0004057033,-0.0062692063,-0.0066069061
-0.0042512042,0,-0.0054128469,-0.0054170144,-0.0030060553,0.00050487203,-0.0059727959,-0.0067410277,-0.0036453775,0.00036734836,-0.0062024385,-0.0067628387
-0.0043194637,0,-0.0053780125,-0.0055187457,-0.0030543221,0.00045087001,-0.0058924015,-0.0069068904,-0.0037039096,0.00032805612,-0.0061319949,-0.0069184151
-0.0043868208,0,-0.0053403639,-0.0056197937,-0.0031019507,0.00039558253,-0.0058082442,-0.0070724874,-0.0037616678,0.00028782857,-0.0060578481,-0.0070735638
-0.0044532347,0,-0.0052998739,-0.0057201052,-0.0031489125,0.00033901288,-0.0057203009,-0.0072377441,-0.0038186173,0.00024666811,-0.005979972,-0.0072282123
-0.0045186646,0,-0.0052565159,-0.0058196262,-0.0031951784,0.00028116494,-0.0056285497,-0.0074025852,-0.0038747229,0.00020457754,-0.0058983416,-0.0073822872
-0.0045830694,0,-0.0052102643,-0.0059183025,-0.0032407194,0.00022204315,-0.0055329703,-0.0075669342,-0.0039299496,0.00016156013,-0.0058129331,-0.0075357144
-0.0046464079,0,-0.0051610943,-0.0060160793,-0.0032855065,0.00016165256,-0.0054335434,-0.0077307136,-0.0039842619,0.00011761952,-0.0057237243,-0.0076884186
-0.0047086386,0,-0.005108982,-0.0061129014,-0.0033295103,9.9998806e-05,-0.0053302513,-0.0078938452,-0.0040376243,7.2759819e-05,-0.0056306939,-0.0078403239
-0.0047697203,0,-0.0050539044,-0.0062087129,-0.0033727015,3.7088112e-05,-0.0052230777,-0.0080562497,-0.0040900014,2.6985565e-05,-0.0055338221,-0.0079913536
-0.0048296111,0,-0.0049958396,-0.0063034579,-0.0034150508,-2.7072679e-05,-0.0051120074,-0.0082178468,-0.0041413574,-1.9698267e-05,-0.0054330906,-0.0081414301
-0.0048882695,0,-0.0049347665,-0.0063970798,-0.0034565285,-9.2476117e-05,-0.0049970272,-0.0083785557,-0.0041916565,-6.7286258e-05,-0.0053284823,-0.008290475
-0.0049456536,0,-0.004870665,-0.0064895217,-0.0034971052,-0.00015911414,-0.0048781249,-0.0085382943,-0.004240863,-0.00011577254,-0.0052199815,-0.0084384092
-0.0050017217,0,-0.0048035161,-0.0065807263,-0.0035367513,-0.00022697805,-0.00475529,-0.0086969799,-0.004288941,-0.00016515079,-0.0051075741,-0.0085851528
-0.0050564318,0,-0.0047333018,-0.006670636,-0.0035754372,-0.00029605855,-0.0046285136,-0.0088545289,-0.0043358545,-0.00021541424,-0.0049912474,-0.0087306254
-0.005109742,0,-0.004660005,-0.0067591929,-0.0036131332,-0.00036634568,-0.0044977882,-0.0090108572,-0.0043815676,-0.00026655564,-0.0048709902,-0.0088747456
-0.0051616104,0,-0.00458361,-0.0068463386,-0.0036498097,-0.00043782887,-0.0043631081,-0.0091658794,-0.0044260444,-0.0003185673,-0.0047467927,-0.0090174316
-0.0052119951,0,-0.0045041019,-0.0069320145,-0.0036854371,-0.0005104969,-0.004224469,-0.0093195099,-0.004469249,-0.00037144105,-0.0046186469,-0.0091586009
-0.0052608542,0,-0.0044214673,-0.007016162,-0.0037199857,-0.0005843379,-0.0040818683,-0.0094716621,-0.0045111453,-0.00042516827,-0.0044865462,-0.0092981702
-0.0053081459,0,-0.0043356934,-0.0070987219,-0.0037534259,-0.00065933936,-0.0039353051,-0.0096222488,-0.0045516975,-0.00047973985,-0.0043504856,-0.0094360559
-0.0053538283,0,-0.0042467692,-0.0071796349,-0.0037857283,-0.00073548811,-0.0037847803,-0.009771182,-0.0045908699,-0.0005351462,-0.004210462,-0.0095721737
-0.0053978597,0,-0.0041546844,-0.0072588415,-0.0038168632,-0.00081277034,-0.0036302963,-0.0099183734,-0.0046286265,-0.00059137728,-0.0040664735,-0.0097064388
-0.0054401985,0,-0.0040594302,-0.007336282,-0.0038468012,-0.00089117155,-0.0034718574,-0.010063734,-0.0046649317,-0.00064842255,-0.0039185203,-0.0098387659
-0.0054808031,0,-0.0039609989,-0.0074118967,-0.0038755131,-0.00097067663,-0.0033094695,-0.010207174,-0.0046997499,-0.00070627099,-0.0037666042,-0.0099690692
-0.0055196323,0,-0.0038593841,-0.0074856255,-0.0039029695,-0.0010512697,-0.0031431406,-0.010348602,-0.0047330457,-0.0007649111,-0.0036107286,-0.010097263
-0.0055566448,0,-0.0037545808,-0.0075574084,-0.0039291412,-0.0011329344,-0.0029728803,-0.01048793,-0.0047647836,-0.00082433089,-0.0034508987,-0.01022326
-0.0055917996,0,-0.0036465852,-0.0076271852,-0.0039539994,-0.0012156536,-0.0027986998,-0.010625065,-0.0047949286,-0.0008845179,-0.0032871216,-0.010346973
-0.0056250557,0,-0.0035353947,-0.0076948957,-0.003977515,-0.0012994093,-0.0026206127,-0.010759915,-0.0048234455,-0.00094545915,-0.0031194062,-0.010468316
-0.0056563726,0,-0.0034210082,-0.0077604797,-0.0039996594,-0.0013841832,-0.0024386341,-0.010892389,-0.0048502995,-0.0010071412,-0.0029477631,-0.0105872
-0.0056857097,0,-0.0033034261,-0.0078238768,-0.0040204039,-0.001469956,-0.002252781,-0.011022395,-0.0048754559,-0.0010695501,-0.0027722048,-0.010703538
-0.0057130271,0,-0.0031826499,-0.007885027,-0.0040397202,-0.001556708,-0.0020630726,-0.011149839,-0.0048988803,-0.0011326714,-0.0025927457,-0.010817241
-0.0057382846,0,-0.0030586826,-0.0079438699,-0.00405758,-0.0016444186,-0.0018695297,-0.011274629,-0.0049205385,-0.0011964903,-0.0024094021,-0.010928222
-0.0057614429,0,-0.0029315288,-0.0080003454,-0.0040739553,-0.0017330666,-0.0016721752,-0.011396671,-0.0049403965,-0.0012609912,-0.0022221923,-0.011036392
-0.0057824625,0,-0.0028011944,-0.0080543935,-0.0040888184,-0.0018226301,-0.0014710341,-0.011515872,-0.0049584206,-0.0013261582,-0.0020311363,-0.011141662
-0.0058013044,0,-0.0026676866,-0.0081059544,-0.0041021417,-0.0019130867,-0.0012661333,-0.011632138,-0.0049745775,-0.001391975,-0.0018362563,-0.011243943
-0.0058179302,0,-0.0025310144,-0.0081549682,-0.0041138979,-0.002004413,-0.0010575017,-0.011745375,-0.004988834,-0.0014584247,-0.0016375763,-0.011343147
-0.0058323015,0,-0.0023911882,-0.0082013754,-0.00412406,-0.0020965851,-0.0008451703,-0.01185549,-0.0050011573,-0.0015254898,-0.0014351225,-0.011439184
-0.0058443806,0,-0.0022482197,-0.0082451167,-0.0041326012,-0.0021895786,-0.00062917201,-0.011962388,-0.005011515,-0.0015931524,-0.0012289229,-0.011531967
-0.00585413,0,-0.0021021224,-0.0082861329,-0.004139495,-0.002283368,-0.00040954196,-0.012065975,-0.005019875,-0.0016613943,-0.0010190076,-0.011621407
-0.0058615126,0,-0.0019529113,-0.0083243651,-0.0041447153,-0.0023779275,-0.0001863173,-0.012166157,-0.0050262056,-0.0017301964,-0.00080540879,-0.011707413
-0.0058664921,0,-0.0018006028,-0.0083597548,-0.0041482364,-0.0024732305,4.0462706e-05,-0.012262841,-0.0050304755,-0.0017995395,-0.00058816072,-0.0117899
-0.0058690324,0,-0.0016452151,-0.0083922438,-0.0041500326,-0.0025692497,0.00027075669,-0.012355932,-0.0050326537,-0.0018694037,-0.00036729969,-0.011868777
-0.0058690978,0,-0.0014867678,-0.0084217742,-0.0041500789,-0.0026659571,0.00050452117,-0.012445336,-0.0050327099,-0.0019397687,-0.00014286409,-0.011943957
-0.0058666535,0,-0.0013252823,-0.0084482886,-0.0041483505,-0.0027633241,0.0007417105,-0.01253096,-0.0050306138,-0.0020106136,8.5105569e-05,-0.012015352
-0.0058616648,0,-0.0011607816,-0.0084717298,-0.004144823,-0.0028613214,0.00098227691,-0.01261271,-0.0050263361,-0.0020819171,0.00031656664,-0.012082874
-0.0058540981,0,-0.00099329005,-0.0084920412,-0.0041394724,-0.0029599191,0.0012261705,-0.012690494,-0.0050198477,-0.0021536575,0.00055147438,-0.012146437
-0.0058439198,0,-0.00082283405,-0.0085091666,-0.0041322753,-0.0030590866,0.001473339,-0.012764218,-0.0050111199,-0.0022258125,0.00078978186,-0.012205953
-0.0058310973,0,-0.00064944145,-0.0085230506,-0.0041232085,-0.0031587927,0.0017237283,-0.01283379,-0.0050001247,-0.0022983593,0.00103144,-0.012261336
-0.0058155986,0,-0.00047314181,-0.0085336379,-0.0041122492,-0.0032590053,0.0019772819,-0.012899117,-0.0049868347,-0.0023712747,0.0012763976,-0.0123125
-0.0057973922,0,-0.00029396639,-0.008540874,-0.0040993754,-0.003359692,0.0022339411,-0.012960109,-0.0049712228,-0.002444535,0.0015246012,-0.01235936
-0.0057764474,0,-0.00011194815,-0.008544705,-0.0040845651,-0.0034608197,0.0024936449,-0.013016674,-0.0049532628,-0.0025181162,0.0017759953,-0.012401831
-0.0057527342,0,7.287825e-05,-0.0085450777,-0.0040677974,-0.0035623543,0.0027563304,-0.013068721,-0.0049329289,-0.0025919935,0.002030522,-0.012439829
-0.0057262232,0,0.00026047642,-0.0085419395,-0.0040490512,-0.0036642616,0.0030219322,-0.01311616,-0.0049101959,-0.002666142,0.0022881213,-0.012473269
-0.0056968859,0,0.00045080825,-0.0085352384,-0.0040283066,-0.0037665064,0.0032903829,-0.013158902,-0.0048850393,-0.002740536,0.0025487312,-0.01250207
-0.0056646944,0,0.00064383389,-0.0085249232,-0.0040055438,-0.0038690531,0.0035616126,-0.013196859,-0.0048574354,-0.0028151496,0.002812287,-0.01252615
-0.0056296217,0,0.00083951175,-0.0085109437,-0.0039807437,-0.0039718653,0.0038355494,-0.013229941,-0.0048273608,-0.0028899565,0.0030787223,-0.012545426
-0.0055916417,0,0.0010377985,-0.0084932501,-0.0039538878,-0.004074906,0.0041121192,-0.013258062,-0.0047947932,-0.0029649297,0.0033479681,-0.012559818
-0.0055507289,0,0.001238649,-0.0084717937,-0.0039249581,-0.0041781379,0.0043912455,-0.013281136,-0.0047597108,-0.0030400419,0.0036199535,-0.012569247
-0.0055068588,0,0.0014420164,-0.0084465266,-0.0038939372,-0.0042815228,0.0046728497,-0.013299076,-0.0047220925,-0.0031152654,0.0038946051,-0.012573634
-0.0054600078,0,0.001647852,-0.0084174018,-0.0038608085,-0.004385022,0.004956851,-0.013311798,-0.004681918,-0.0031905722,0.0041718474,-0.012572901
-0.005410153,0,0.0018561056,-0.0083843733,-0.0038255559,-0.0044885963,0.0052431662,-0.013319219,-0.0046391679,-0.0032659336,0.0044516027,-0.012566972
-0.0053572727,0,0.0020667248,-0.008347396,-0.0037881639,-0.0045922059,0.0055317101,-0.013321256,-0.0045938234,-0.0033413206,0.004733791,-0.012555771
-0.0053013459,0,0.0022796557,-0.0083064256,-0.0037486176,-0.0046958103,0.0058223952,-0.013317827,-0.0045458666,-0.0034167039,0.0050183302,-0.012539223
-0.0052423527,0,0.0024948426,-0.0082614193,-0.0037069032,-0.0047993687,0.0061151317,-0.013308852,-0.0044952804,-0.0034920536,0.0053051358,-0.012517256
-0.0051802741,0,0.0027122279,-0.0082123349,-0.003663007,-0.0049028396,0.0064098279,-0.013294251,-0.0044420484,-0.0035673398,0.0055941213,-0.012489796
-0.0051150922,0,0.0029317523,-0.0081591317,-0.0036169164,-0.0050061809,0.0067063894,-0.013273947,-0.0043861554,-0.0036425317,0.0058851978,-0.012456774
-0.00504679,0,0.0031533548,-0.0081017698,-0.0035686194,-0.0051093503,0.0070047202,-0.013247863,-0.0043275867,-0.0037175984,0.0061782744,-0.01241812
-0.0049753516,0,0.0033769725,-0.0080402106,-0.0035181048,-0.0052123047,0.0073047217,-0.013215923,-0.0042663288,-0.0037925088,0.0064732578,-0.012373766
-0.0049007622,0,0.0036025406,-0.0079744168,-0.0034653622,-0.0053150006,0.0076062934,-0.013178053,-0.0042023689,-0.003867231,0.0067700526,-0.012323644
-0.004823008,0,0.0038299928,-0.0079043522,-0.0034103816,-0.005417394,0.0079093323,-0.013134181,-0.0041356952,-0.0039417331,0.0070685613,-0.012267691
-0.0047420764,0,0.0040592609,-0.007829982,-0.0033531544,-0.0055194404,0.0082137337,-0.013084235,-0.0040662969,-0.0040159828,0.0073686842,-0.012205841
-0.0046579558,0,0.0042902749,-0.0077512725,-0.0032936722,-0.005621095,0.0085193906,-0.013028146,-0.0039941642,-0.0040899474,0.0076703193,-0.012138033
-0.004570636,0,0.004522963,-0.0076681915,-0.0032319277,-0.0057223124,0.0088261937,-0.012965846,-0.003919288,-0.0041635938,0.0079733627,-0.012064206
-0.0044801076,0,0.0047572517,-0.0075807081,-0.0031679145,-0.0058230467,0.0091340319,-0.012897268,-0.0038416606,-0.0042368888,0.0082777083,-0.011984302
-0.0043863627,0,0.0049930658,-0.0074887929,-0.0031016268,-0.0059232517,0.0094427919,-0.012822348,-0.003761275,-0.0043097987,0.0085832477,-0.011898263
-0.0042893945,0,0.0052303283,-0.0073924178,-0.0030330599,-0.0060228809,0.0097523582,-0.012741023,-0.0036781254,-0.0043822895,0.0088898707,-0.011806035
-0.0041891972,0,0.0054689604,-0.0072915562,-0.0029622098,-0.0061218871,0.010062614,-0.012653232,-0.003592207,-0.0044543271,0.0091974648,-0.011707562
-0.0040857666,0,0.0057088817,-0.0071861832,-0.0028890733,-0.006220223,0.010373439,-0.012558915,-0.003503516,-0.004525877,0.0095059156,-0.011602794
-0.0039790996,0,0.00595001,-0.007076275,-0.0028136483,-0.0063178409,0.010684712,-0.012458016,-0.0034120497,-0.0045969045,0.0098151066,-0.01149168
-0.0038691943,0,0.0061922614,-0.0069618099,-0.0027359335,-0.0064146926,0.01099631,-0.012350478,-0.0033178067,-0.0046673744,0.010124919,-0.011374174
-0.0037560502,0,0.0064355504,-0.0068427674,-0.0026559285,-0.0065107296,0.011308108,-0.012236249,-0.0032207864,-0.0047372516,0.010435233,-0.011250228
-0.003639668,0,0.0066797896,-0.0067191287,-0.0025736339,-0.0066059032,0.011619979,-0.012115276,-0.0031209896,-0.0048065006,0.010745925,-0.0111198
-0.00352005,0,0.0069248901,-0.0065908769,-0.0024890512,-0.0067001643,0.011931792,-0.011987511,-0.0030184179,-0.0048750856,0.011056872,-0.010982848
-0.0033971994,0,0.0071707614,-0.0064579964,-0.0024021827,-0.0067934636,0.012243418,-0.011852907,-0.0029130745,-0.0049429708,0.011367946,-0.010839331
-0.0032711212,0,0.0074173113,-0.0063204737,-0.002313032,-0.0068857514,0.012554724,-0.011711419,-0.0028049633,-0.00501012,0.01167902,-0.010689213
-0.0031418216,0,0.0076644458,-0.0061782968,-0.0022216033,-0.0069769778,0.012865575,-0.011563004,-0.0026940898,-0.005076497,0.011989964,-0.010532459
-0.003009308,0,0.0079120697,-0.0060314555,-0.0021279021,-0.0070670927,0.013175834,-0.011407622,-0.0025804603,-0.0051420652,0.012300645,-0.010369036
-0.0028735896,0,0.0081600858,-0.0058799417,-0.0020319347,-0.0071560458,0.013485364,-0.011245235,-0.0024640827,-0.0052067881,0.01261093,-0.010198914
-0.0027346767,0,0.0084083957,-0.0057237488,-0.0019337084,-0.0072437866,0.013794025,-0.011075808,-0.0023449659,-0.0052706289,0.012920683,-0.010022064
-0.0025925811,0,0.008656899,-0.0055628722,-0.0018332317,-0.0073302643,0.014101675,-0.010899307,-0.00222312,-0.0053335507,0.013229768,-0.0098384603
-0.0024473163,0,0.0089054943,-0.0053973092,-0.001730514,-0.007415428,0.014408172,-0.010715703,-0.0020985564,-0.0053955164,0.013538044,-0.0096480809
-0.0022988969,0,0.0091540784,-0.0052270591,-0.0016255656,-0.0074992268,0.01471337,-0.010524967,-0.0019712879,-0.005456489,0.013845372,-0.0094509047
-0.0021473393,0,0.0094025467,-0.005052123,-0.0015183982,-0.0075816094,0.015017124,-0.010327074,-0.0018413282,-0.0055164311,0.014151609,-0.0092469137
-0.0019926611,0,0.009650793,-0.0048725042,-0.0014090242,-0.0076625246,0.015319285,-0.010122001,-0.0017086928,-0.0055753056,0.014456612,-0.0090360926
-0.0018348816,0,0.00989871,-0.0046882078,-0.0012974572,-0.0077419211,0.015619705,-0.0099097285,-0.001573398,-0.005633075,0.014760234,-0.0088184286
-0.0016740216,0,0.010146189,-0.004499241,-0.001183712,-0.0078197474,0.015918233,-0.0096902393,-0.0014354617,-0.005689702,0.01506233,-0.0085939117
-0.0015101034,0,0.010393119,-0.0043056132,-0.0010678043,-0.0078959521,0.016214717,-0.009463519,-0.001294903,-0.005745149,0.01536275,-0.0083625347
-0.0013431507,0,0.010639389,-0.0041073358,-0.00094975099,-0.0079704837,0.016509004,-0.0092295561,-0.0011517422,-0.0057993788,0.015661345,-0.0081242931
-0.0011731891,0,0.010884886,-0.0039044223,-0.00082956995,-0.0080432908,0.016800939,-0.008988342,-0.0010060013,-0.0058523537,0.015957964,-0.0078791853
-0.0010002453,0,0.011129495,-0.0036968883,-0.00070728026,-0.0081143218,0.017090367,-0.0087398711,-0.0008577033,-0.0059040363,0.016252454,-0.0076272125
-0.00082434802,0,0.011373102,-0.0034847516,-0.00058290208,-0.0081835253,0.017377129,-0.0084841406,-0.0007068726,-0.0059543893,0.016544661,-0.007368379
-0.00064552721,0,0.011615589,-0.0032680323,-0.00045645667,-0.00825085,0.017661069,-0.0082211509,-0.00055353502,-0.0060033752,0.01683443,-0.0071026918
-0.00046381458,0,0.011856839,-0.0030467525,-0.00032796644,-0.0083162446,0.017942027,-0.0079509055,-0.00039771772,-0.0060509568,0.017121605,-0.006830161
-0.00027924338,0,0.012096733,-0.0028209367,-0.00019745489,-0.0083796579,0.018219842,-0.0076734109,-0.00023944922,-0.0060970967,0.017406028,-0.0065507999
-9.1848473e-05,0,0.012335151,-0.0025906116,-6.4946678e-05,-0.0084410389,0.018494354,-0.0073886769,-7.8759415e-05,-0.0061417579,0.017687541,-0.0062646245
9.8333676e-05,0,0.01257197,-0.0023558062,6.9532409e-05,-0.0085003365,0.018765401,-0.0070967162,8.4320432e-05,-0.0061849033,0.017965985,-0.0059716544
0.00029126499,0,0.01280707,-0.0021165518,0.00020595545,-0.0085575002,0.019032818,-0.0067975452,0.00024975767,-0.006226496,0.018241198,-0.0056719119
0.00048690577,0,0.013040327,-0.0018728819,0.00034429437,-0.0086124794,0.019296443,-0.0064911832,0.00041751826,-0.0062664992,0.01851302,-0.0053654227
0.00068521471,0,0.013271616,-0.0016248325,0.00048451997,-0.0086652237,0.01955611,-0.0061776529,0.00058756676,-0.0063048764,0.018781287,-0.0050522157
0.00088614885,0,0.013500813,-0.0013724418,0.00062660186,-0.0087156831,0.019811656,-0.0058569805,0.00075986637,-0.006341591,0.019045837,-0.0047323229
0.0010896636,0,0.013727791,-0.0011157505,0.00077050855,-0.0087638079,0.020062913,-0.0055291954,0.00093437886,-0.0063766068,0.019306506,-0.0044057799
0.0012957129,0,0.013952423,-0.00085480164,0.00091620735,-0.0088095484,0.020309715,-0.0051943306,0.0011110646,-0.0064098879,0.01956313,-0.0040726252
0.0015042487,0,0.014174582,-0.00058964058,0.0010636644,-0.0088528554,0.020551895,-0.0048524223,0.0012898826,-0.0064413985,0.019815542,-0.0037329009
0.0017152216,0,0.01439414,-0.00032031519,0.0012128448,-0.0088936802,0.020789286,-0.0045035106,0.0014707904,-0.0064711029,0.020063577,-0.0033866525
0.0019285805,0,0.014610967,-4.6875748e-05,0.0013637124,-0.0089319742,0.02102172,-0.0041476387,0.0016537442,-0.0064989659,0.020307068,-0.0030339287
0.0021442727,0,0.014824933,0.00023062505,0.0015162298,-0.0089676894,0.021249029,-0.0037848536,0.0018386987,-0.0065249524,0.02054585,-0.0026747818
0.0023622438,0,0.015035909,0.00051213203,0.0016703586,-0.0090007779,0.021471044,-0.0034152059,0.0020256073,-0.0065490279,0.020779753,-0.0023092674
0.0025824377,0,0.015243762,0.00079758757,0.0018260592,-0.0090311927,0.021687598,-0.0030387496,0.0022144221,-0.0065711579,0.021008612,-0.0019374448
0.0028047968,0,0.015448361,0.0010869316,0.0019832908,-0.0090588868,0.021898521,-0.0026555425,0.0024050934,-0.0065913083,0.021232258,-0.0015593766
0.0030292618,0,0.015649575,0.0013801014,0.0021420116,-0.0090838141,0.022103645,-0.0022656462,0.0025975706,-0.0066094456,0.021450524,-0.0011751289
0.0032557718,0,0.015847271,0.0016770321,0.0023021783,-0.0091059286,0.022302801,-0.0018691257,0.0027918013,-0.0066255363,0.02166324,-0.00078477144
0.0034842643,0,0.016041316,0.0019776559,0.0024637469,-0.0091251852,0.022495821,-0.0014660499,0.002987732,-0.0066395475,0.02187024,-0.00038837759
0.0037146751,0,0.016231577,0.0022819029,0.002626672,-0.0091415392,0.022682536,-0.0010564914,0.0031853076,-0.0066514468,0.022071354,1.3975835e-05
0.0039469384,0,0.016417921,0.0025897004,0.0027909069,-0.0091549466,0.022862779,-0.00064052657,0.0033844718,-0.0066612021,0.022266416,0.00042220836
0.0041809869,0,0.016600213,0.0029009732,0.0029564042,-0.0091653637,0.023036382,-0.00021823556,0.0035851667,-0.0066687816,0.022455256,0.00083623592
0.0044167516,0,0.016778321,0.0032156439,0.003123115,-0.0091727478,0.023203177,0.00021029768,0.0037873332,-0.0066741544,0.022637708,0.0012559708
0.0046541619,0,0.01695211,0.0035336321,0.0032909894,-0.0091770568,0.023362999,0.0006449854,0.0039909109,-0.0066772896,0.022813604,0.0016813216
0.0048931456,0,0.017121447,0.0038548552,0.0034599764,-0.0091782492,0.023515679,0.001085736,0.0041958378,-0.0066781572,0.022982778,0.0021121934
0.0051336291,0,0.017286197,0.004179228,0.003630024,-0.0091762842,0.023661054,0.001532454,0.0044020507,-0.0066767275,0.023145062,0.0025484874
0.0053755371,0,0.017446226,0.0045066627,0.0038010787,-0.0091711219,0.023798958,0.0019850401,0.004609485,-0.0066729713,0.023300292,0.0029901014
0.0056187927,0,0.017601402,0.0048370692,0.0039730864,-0.009162723,0.023929227,0.0024433912,0.004818075,-0.0066668602,0.023448301,0.0034369293
0.0058633175,0,0.01775159,0.0051703545,0.0041459916,-0.0091510491,0.024051699,0.0029074001,0.0050277533,-0.0066583662,0.023588926,0.0038888613
0.0061090316,0,0.017896657,0.0055064235,0.0043197377,-0.0091360626,0.02416621,0.0033769559,0.0052384514,-0.006647462,0.023722003,0.004345784
0.0063558536,0,0.01803647,0.0058451783,0.0044942672,-0.0091177268,0.0242726,0.0038519438,0.0054500995,-0.0066341207,0.023847369,0.0048075804
0.0066037006,0,0.018170896,0.0061865186,0.0046695215,-0.0090960058,0.024370709,0.004332245,0.0056626266,-0.0066183164,0.023964862,0.0052741296
0.0068524882,0,0.018299804,0.0065303416,0.0048454409,-0.0090708646,0.024460379,0.0048177368,0.0058759601,-0.0066000235,0.024074321,0.0057453071
0.0071021304,0,0.018423062,0.0068765419,0.0050219645,-0.0090422692,0.024541451,0.0053082927,0.0060900266,-0.0065792173,0.024175586,0.0062209847
0.0073525399,0,0.018540537,0.007225012,0.0051990308,-0.0090101866,0.02461377,0.0058037821,0.0063047509,-0.0065558737,0.0242685,0.0067010304
0.0076036279,0,0.018652101,0.0075756414,0.0053765769,-0.0089745845,0.024677181,0.0063040707,0.0065200572,-0.0065299694,0.024352904,0.0071853088
0.0078553043,0,0.018757623,0.0079283175,0.005554539,-0.0089354319,0.024731531,0.0068090202,0.0067358679,-0.0065014817,0.024428644,0.0076736804
0.0081074775,0,0.018856973,0.0082829251,0.0057328523,-0.0088926988,0.024776669,0.0073184884,0.0069521046,-0.0064703888,0.024495563,0.0081660023
0.0083600544,0,0.018950024,0.0086393468,0.0059114511,-0.0088463562,0.024812446,0.0078323291,0.0071686875,-0.0064366696,0.024553511,0.008662128
0.0086129407,0,0.019036648,0.0089974625,0.0060902688,-0.0087963761,0.024838714,0.0083503925,0.0073855357,-0.0064003037,0.024602335,0.0091619071
0.0088660407,0,0.019116719,0.0093571498,0.0062692375,-0.0087427317,0.024855326,0.0088725246,0.0076025672,-0.0063612717,0.024641887,0.0096651858
0.0091192576,0,0.019190112,0.009718284,0.0064482889,-0.0086853973,0.024862139,0.0093985677,0.0078196988,-0.0063195548,0.024672018,0.010171806
0.0093724928,0,0.019256701,0.010080738,0.0066273532,-0.0086243485,0.024859012,0.0099283602,0.0080368463,-0.0062751353,0.024692582,0.010681608
0.009625647,0,0.019316364,0.010444383,0.0068063603,-0.0085595618,0.024845804,0.010461737,0.0082539242,-0.006227996,0.024703436,0.011194425
0.0098786193,0,0.019368978,0.010809086,0.0069852387,-0.0084910152,0.024822379,0.010998528,0.0084708462,-0.006178121,0.024704438,0.011710091
0.010131308,0,0.019414424,0.011174713,0.0071639164,-0.0084186877,0.024788602,0.011538562,0.0086875247,-0.006125495,0.024695449,0.012228432
0.010383609,0,0.019452581,0.011541129,0.0073423203,-0.0083425597,0.024744339,0.01208166,0.0089038712,-0.0060701038,0.024676332,0.012749274
0.010635419,0,0.019483332,0.011908195,0.0075203767,-0.0082626128,0.024689462,0.012627643,0.0091197963,-0.0060119339,0.02464695,0.013272437
0.010886632,0,0.01950656,0.01227577,0.007698011,-0.00817883,0.024623843,0.013176326,0.0093352095,-0.005950973,0.024607172,0.013797739
0.011137141,0,0.01952215,0.012643711,0.0078751477,-0.0080911956,0.024547357,0.013727521,0.0095500193,-0.0058872095,0.024556868,0.014324996
0.011386838,0,0.019529989,0.013011873,0.0080517107,-0.0079996951,0.024459883,0.014281036,0.0097641334,-0.0058206331,0.02449591,0.014854016
0.011635616,0,0.019529966,0.013380109,0.0082276231,-0.0079043155,0.024361302,0.014836677,0.0099774586,-0.0057512343,0.024424174,0.015384608
0.011883364,0,0.019521971,0.01374827,0.0084028073,-0.0078050453,0.024251498,0.015394245,0.010189901,-0.0056790046,0.024341538,0.015916576
0.012129971,0,0.019505896,0.014116203,0.008577185,-0.0077018742,0.024130359,0.015953536,0.010401365,-0.0056039367,0.024247882,0.01644972
0.012375326,0,0.019481634,0.014483757,0.0087506772,-0.0075947936,0.023997774,0.016514345,0.010611755,-0.005526024,0.024143091,0.016983839
0.012619316,0,0.019449083,0.014850775,0.0089232042,-0.007483796,0.023853638,0.017076463,0.010820975,-0.0054452614,0.024027051,0.017518726
0.012861828,0,0.019408139,0.015217101,0.0090946859,-0.0073688757,0.023697848,0.017639676,0.011028927,-0.0053616446,0.023899654,0.018054172
0.013102747,0,0.019358704,0.015582574,0.0092650413,-0.0072500283,0.023530303,0.018203768,0.011235513,-0.0052751705,0.023760791,0.018589965
0.013341958,0,0.01930068,0.015947035,0.009434189,-0.0071272512,0.023350909,0.018768519,0.011440635,-0.005185837,0.02361036,0.019125891
0.013579345,0,0.01923397,0.01631032,0.0096020471,-0.0070005431,0.023159573,0.019333707,0.011644192,-0.0050936433,0.023448262,0.019661731
0.013814792,0,0.019158484,0.016672265,0.009768533,-0.0068699042,0.022956206,0.019899104,0.011846086,-0.0049985896,0.023274399,0.020197265
0.014048181,0,0.019074128,0.017032703,0.0099335638,-0.0067353366,0.022740723,0.020464482,0.012046215,-0.0049006772,0.023088679,0.020732267
0.014279393,0,0.018980817,0.017391466,0.010097056,-0.0065968437,0.022513045,0.021029607,0.012244479,-0.0047999089,0.022891013,0.021266511
0.014508312,0,0.018878464,0.017748385,0.010258926,-0.0064544307,0.022273093,0.021594245,0.012440775,-0.0046962882,0.022681315,0.021799767
0.014734816,0,0.018766987,0.018103288,0.010419088,-0.0063081044,0.022020794,0.022158155,0.012635001,-0.0045898201,0.022459505,0.022331802
0.014958787,0,0.018646305,0.018456003,0.01057746,-0.0061578732,0.021756081,0.022721096,0.012827054,-0.0044805109,0.022225504,0.022862382
0.015180104,0,0.018516341,0.018806355,0.010733955,-0.0060037472,0.021478889,0.023282824,0.013016832,-0.0043683678,0.02197924,0.023391269
0.015398647,0,0.018377021,0.019154168,0.010888488,-0.0058457383,0.021189157,0.02384309,0.013204231,-0.0042533994,0.021720642,0.023918221
0.015614294,0,0.018228272,0.019499266,0.011040973,-0.00568386,0.02088683,0.024401644,0.013389146,-0.0041356156,0.021449647,0.024442997
0.015826924,0,0.018070027,0.01984147,0.011191325,-0.0055181274,0.020571856,0.024958233,0.013571475,-0.0040150274,0.021166192,0.02496535
0.016036415,0,0.017902219,0.0201806,0.011339458,-0.0053485577,0.02024419,0.025512601,0.013751112,-0.0038916473,0.020870222,0.025485033
0.016242645,0,0.017724787,0.020516476,0.011485284,-0.0051751694,0.019903788,0.02606449,0.013927953,-0.0037654889,0.020561685,0.026001795
0.016445491,0,0.017537671,0.020848915,0.011628719,-0.0049979833,0.019550614,0.026613638,0.014101893,-0.003636567,0.020240533,0.026515385
0.016644833,0,0.017340816,0.021177735,0.011769674,-0.0048170214,0.019184635,0.027159782,0.014272826,-0.0035048979,0.019906723,0.027025547
0.016840545,0,0.017134168,0.021502751,0.011908064,-0.004632308,0.018805824,0.027702657,0.014440648,-0.0033704992,0.019560218,0.027532026
0.017032507,0,0.016917678,0.021823777,0.012043801,-0.0044438689,0.018414158,0.028241994,0.014605254,-0.0032333896,0.019200984,0.028034563
0.017220595,0,0.016691301,0.022140629,0.0121768,-0.0042517318,0.01800962,0.028777523,0.014766538,-0.0030935893,0.018828992,0.028532897
0.017404687,0,0.016454994,0.02245312,0.012306972,-0.0040559263,0.017592196,0.029308972,0.014924396,-0.0029511199,0.018444219,0.029026766
0.017584659,0,0.016208719,0.02276106,0.012434232,-0.0038564838,0.017161881,0.029836066,0.015078721,-0.0028060041,0.018046647,0.029515906
0.01776039,0,0.015952441,0.023064264,0.012558492,-0.0036534374,0.016718671,0.03035853,0.015229409,-0.0026582662,0.017636262,0.030000052
0.017931758,0,0.015686129,0.023362541,0.012679667,-0.0034468224,0.016262571,0.030876083,0.015376355,-0.0025079317,0.017213057,0.030478936
0.018098639,0,0.015409755,0.023655702,0.01279767,-0.0032366756,0.01579359,0.031388448,0.015519455,-0.0023550274,0.016777027,0.030952289
0.018260912,0,0.015123295,0.023943557,0.012912415,-0.0030230359,0.015311741,0.031895342,0.015658603,-0.0021995817,0.016328175,0.031419843
0.018418456,0,0.01482673,0.024225915,0.013023815,-0.002805944,0.014817044,0.032396482,0.015793696,-0.0020416241,0.015866509,0.031881324
0.018571149,0,0.014520044,0.024502587,0.013131786,-0.0025854426,0.014309525,0.032891584,0.015924629,-0.0018811858,0.015392043,0.032336461
0.018718871,0,0.014203225,0.024773381,0.013236241,-0.0023615761,0.013789216,0.033380361,0.0160513,-0.001718299,0.014904794,0.03278498
0.018861502,0,0.013876267,0.025038106,0.013337096,-0.002134391,0.013256153,0.033862527,0.016173605,-0.0015529976,0.014404788,0.033226607
0.018998922,0,0.013539165,0.025296571,0.013434266,-0.0019039357,0.012710378,0.034337792,0.016291441,-0.0013853167,0.013892054,0.033661066
0.019131011,0,0.01319192,0.025548585,0.013527668,-0.0016702603,0.012151942,0.034805868,0.016404707,-0.0012152929,0.013366627,0.034088081
0.019257652,0,0.012834537,0.025793956,0.013617216,-0.001433417,0.011580897,0.035266463,0.0165133,-0.001042964,0.01282855,0.034507375
0.019378727,0,0.012467026,0.026032493,0.013702829,-0.0011934598,0.010997305,0.035719288,0.016617121,-0.00086836956,0.012277869,0.034918671
0.019494118,0,0.0120894,0.026264005,0.013784423,-0.0009504448,0.010401232,0.036164049,0.016716068,-0.00069155017,0.011714638,0.035321691
0.01960371,0,0.011701677,0.026488303,0.013861916,-0.00070442985,0.0097927515,0.036600455,0.016810043,-0.000512548,0.011138916,0.035716156
0.019707388,0,0.011303881,0.026705195,0.013935228,-0.00045547476,0.0091719414,0.037028212,0.016898946,-0.00033140656,0.010550767,0.036101788
0.019805037,0,0.010896038,0.026914493,0.014004276,-0.00020364127,0.0085388872,0.037447027,0.016982679,-0.00014817079,0.0099502631,0.036478309
0.019896543,0,0.010478179,0.027116006,0.014068981,5.1006969e-05,0.0078936799,0.037856607,0.017061145,3.7113021e-05,0.0093374816,0.036845441
0.019981796,0,0.010050342,0.027309547,0.014129263,0.00030840439,0.0072364173,0.038256656,0.017134249,0.00022439716,0.0087125059,0.037202903
0.020060683,0,0.009612567,0.027494927,0.014185045,0.00056848353,0.0065672032,0.038646883,0.017201894,0.00041363253,0.0080754255,0.03755042
0.020133095,0,0.0091648997,0.02767196,0.014236248,0.00083117501,0.0058861478,0.039026992,0.017263986,0.00060476865,0.0074263363,0.037887712
0.020198922,0,0.0087073908,0.02784046,0.014282795,0.0010964076,0.0051933678,0.039396691,0.017320433,0.00079775367,0.0067653405,0.038214502
0.020258059,0,0.0082400955,0.028000242,0.014324611,0.001364108,0.0044889863,0.039755687,0.017371142,0.00099253435,0.0060925467,0.038530515
0.020310397,0,0.0077630737,0.028151121,0.01436162,0.0016342012,0.0037731329,0.040103686,0.017416022,0.0011890561,0.0054080698,0.038835472
0.020355834,0,0.0072763905,0.028292915,0.014393748,0.0019066104,0.0030459437,0.040440397,0.017454984,0.0013872628,0.0047120309,0.039129101
0.020394266,0,0.0067801158,0.028425443,0.014420924,0.0021812567,0.0023075612,0.040765529,0.017487939,0.0015870973,0.0040045579,0.039411126
0.02042559,0,0.0062743242,0.028548524,0.014443074,0.0024580593,0.0015581348,0.041078791,0.017514799,0.0017885009,0.003285785,0.039681274
0.020449708,0,0.0057590956,0.028661979,0.014460127,0.0027369359,0.00079782016,0.041379895,0.01753548,0.0019914134,0.0025558529,0.039939274
0.020466521,0,0.0052345147,0.028765632,0.014472016,0.003017802,2.6779707e-05,0.041668551,0.017549897,0.0021957735,0.0018149088,0.040184855
0.020475931,0,0.0047006713,0.028859307,0.01447867,0.0033005714,-0.00075481752,0.041944474,0.017557966,0.0024015185,0.0010631066,0.040417748
0.020477845,0,0.0041576604,0.02894283,0.014480023,0.0035851562,-0.0015467958,0.042207377,0.017559607,0.0026085843,0.00030060647,0.040637687
0.020472169,0,0.0036055819,0.029016029,0.014476009,0.0038714665,-0.0023489729,0.042456977,0.01755474,0.0028169056,-0.00047242445,0.040844405
0.020458812,0,0.0030445409,0.029078735,0.014466564,0.0041594107,-0.0031611597,0.042692992,0.017543286,0.0030264158,-0.0012558126,0.041037639
0.020437684,0,0.0024746475,0.029130779,0.014451625,0.0044488955,-0.0039831606,0.042915142,0.017525169,0.003237047,-0.0020493779,0.041217127
0.020408699,0,0.0018960173,0.029171995,0.014431129,0.0047398258,-0.0048147731,0.043123148,0.017500315,0.0034487298,-0.0028529334,0.041382611
0.020371771,0,0.0013087707,0.029202221,0.014405018,0.0050321046,-0.0056557881,0.043316734,0.01746865,0.0036613939,-0.0036662857,0.041533833
0.020326818,0,0.00071303343,0.029221294,0.014373231,0.0053256334,-0.00650599,0.043495626,0.017430103,0.0038749675,-0.0044892346,0.041670538
0.020273758,0,0.00010893658,0.029229056,0.014335712,0.005620312,-0.0073651561,0.043659554,0.017384604,0.0040893776,-0.0053215733,0.041792475
0.020212514,0,-0.00050338372,0.02922535,0.014292406,0.0059160383,-0.0082330575,0.043808247,0.017332088,0.0043045502,-0.0061630884,0.041899394
0.020143008,0,-0.0011237861,0.029210023,0.014243258,0.0062127088,-0.0091094582,0.04394144,0.017272487,0.0045204097,-0.0070135599,0.041991049
0.020065167,0,-0.0017521238,0.029182924,0.014188216,0.0065102182,-0.0099941158,0.044058871,0.017205739,0.0047368795,-0.0078727609,0.042067197
0.01997892,0,-0.0023882449,0.029143904,0.01412723,0.0068084597,-0.010886781,0.044160278,0.017131782,0.0049538821,-0.0087404581,0.042127598
0.019884197,0,-0.0030319924,0.029092819,0.01406025,0.0071073247,-0.011787198,0.044245404,0.017050558,0.0051713383,-0.0096164114,0.042172014
0.019780932,0,-0.0036832037,0.029029525,0.013987231,0.0074067034,-0.012695105,0.044313996,0.016962009,0.0053891683,-0.010500374,0.042200213
0.019669061,0,-0.0043417112,0.028953884,0.013908127,0.007706484,-0.013610233,0.044365804,0.016866081,0.0056072908,-0.011392094,0.042211964
0.019548524,0,-0.0050073421,0.028865761,0.013822894,0.0080065537,-0.014532305,0.044400581,0.016762721,0.0058256235,-0.012291309,0.042207042
0.019419261,0,-0.0056799181,0.028765021,0.013731491,0.0083067977,-0.015461041,0.044418084,0.016651879,0.0060440831,-0.013197755,0.042185224
0.019281217,0,-0.0063592558,0.028651537,0.013633879,0.0086071002,-0.016396151,0.044418074,0.016533507,0.0062625853,-0.014111159,0.042146292
0.019134339,0,-0.0070451666,0.028525182,0.013530021,0.0089073436,-0.01733734,0.044400317,0.01640756,0.0064810445,-0.01503124,0.042090032
0.018978577,0,-0.0077374566,0.028385834,0.013419881,0.0092074093,-0.018284307,0.044364581,0.016273996,0.0066993743,-0.015957713,0.042016235
0.018813885,0,-0.0084359268,0.028233375,0.013303425,0.0095071769,-0.019236745,0.044310641,0.016132773,0.0069174873,-0.016890287,0.041924695
0.018640217,0,-0.009140373,0.02806769,0.013180624,0.009806525,-0.020194338,0.044238275,0.015983854,0.007135295,-0.017828661,0.041815211
0.018457534,0,-0.0098505857,0.027888668,0.013051447,0.010105331,-0.021156767,0.044147265,0.015827204,0.0073527082,-0.018772532,0.041687588
0.018265796,0,-0.01056635,0.027696204,0.012915868,0.01040347,-0.022123704,0.044037401,0.015662791,0.0075696364,-0.019721587,0.041541635
0.01806497,0,-0.011287447,0.027490193,0.012773863,0.010700818,-0.023094817,0.043908474,0.015490584,0.0077859887,-0.02067551,0.041377166
0.017855024,0,-0.012013652,0.027270538,0.012625408,0.010997247,-0.024069767,0.043760282,0.015310557,0.0080016728,-0.021633977,0.041194
0.017635929,0,-0.012744734,0.027037145,0.012470485,0.011292631,-0.025048209,0.043592629,0.015122684,0.008216596,-0.022596657,0.040991961
0.017407661,0,-0.013480459,0.026789924,0.012309075,0.01158684,-0.026029791,0.043405324,0.014926946,0.0084306646,-0.023563215,0.04077088
0.017170197,0,-0.014220587,0.026528789,0.012141163,0.011879745,-0.027014158,0.04319818,0.014723323,0.0086437841,-0.024533308,0.040530593
0.01692352,0,-0.014964874,0.02625366,0.011966736,0.012171214,-0.028000945,0.042971018,0.014511799,0.0088558593,-0.025506589,0.04027094
0.016667615,0,-0.015713068,0.025964461,0.011785784,0.012461117,-0.028989784,0.042723664,0.014292362,0.0090667942,-0.026482704,0.039991769
0.01640247,0,-0.016464917,0.02566112,0.011598298,0.012749319,-0.029980302,0.04245595,0.014065002,0.0092764922,-0.027461293,0.039692933
0.016128078,0,-0.017220159,0.025343572,0.011404274,0.013035688,-0.030972117,0.042167714,0.013829713,0.0094848561,-0.028441991,0.039374292
0.015844435,0,-0.017978532,0.025011754,0.011203707,0.013320088,-0.031964846,0.0418588,0.013586491,0.0096917877,-0.029424427,0.039035712
0.015551539,0,-0.018739765,0.02466561,0.010996599,0.013602385,-0.032958096,0.04152906,0.013335335,0.0098971888,-0.030408223,0.038677064
0.015249394,0,-0.019503586,0.024305088,0.01078295,0.013882442,-0.033951471,0.041178351,0.013076247,0.01010096,-0.031392999,0.038298228
0.014938007,0,-0.020269716,0.023930143,0.010562766,0.014160122,-0.034944571,0.040806538,0.012809235,0.010303002,-0.032378365,0.037899089
0.014617388,0,-0.021037872,0.023540734,0.010336054,0.014435287,-0.035936988,0.040413492,0.012534307,0.010503214,-0.03336393,0.03747954
0.014287552,0,-0.021807766,0.023136825,0.010102825,0.0147078,-0.036928312,0.039999092,0.012251475,0.010701496,-0.034349296,0.03703948
0.013948517,0,-0.022579108,0.022718386,0.0098630908,0.014977521,-0.037918124,0.039563223,0.011960754,0.010897747,-0.035334058,0.036578815
0.013600304,0,-0.0233516,0.022285393,0.0096168675,0.015244311,-0.038906005,0.039105779,0.011662165,0.011091866,-0.036317809,0.03609746
0.013242941,0,-0.024124942,0.021837826,0.0093641734,0.015508031,-0.039891527,0.038626659,0.011355728,0.01128375,-0.037300136,0.035595335
0.012876456,0,-0.024898829,0.021375673,0.0091050296,0.015768539,-0.040874261,0.038125773,0.01104147,0.011473298,-0.038280621,0.03507237
0.012500884,0,-0.025672952,0.020898926,0.0088394601,0.016025696,-0.04185377,0.037603035,0.01071942,0.011660406,-0.039258841,0.0345285
0.012116263,0,-0.026446998,0.020407584,0.0085674917,0.016279359,-0.042829616,0.037058371,0.01038961,0.011844974,-0.040234369,0.033963669
0.011722634,0,-0.027220651,0.019901651,0.0082891541,0.016529389,-0.043801355,0.036491712,0.010052076,0.012026897,-0.041206773,0.03337783
0.011320044,0,-0.027993588,0.019381137,0.0080044796,0.016775642,-0.044768539,0.035902998,0.0097068573,0.012206073,-0.042175618,0.032770943
0.010908542,0,-0.028765486,0.01884606,0.0077135039,0.017017978,-0.045730716,0.035292177,0.0093539974,0.012382398,-0.043140464,0.032142976
0.010488183,0,-0.029536015,0.018296442,0.0074162652,0.017256255,-0.046687431,0.034659206,0.0089935425,0.01255577,-0.044100865,0.031493904
0.010059025,0,-0.030304844,0.017732311,0.0071128047,0.01749033,-0.047638224,0.034004051,0.0086255427,0.012726085,-0.045056375,0.030823714
0.0096211308,0,-0.031071636,0.017153703,0.0068031668,0.017720063,-0.048582632,0.033326686,0.0082500516,0.012893239,-0.04600654,0.030132398
0.0091745672,0,-0.031836052,0.01656066,0.0064873987,0.01794531,-0.049520191,0.032627094,0.0078671265,0.013057131,-0.046950907,0.029419957
0.0087194051,0,-0.032597749,0.015953229,0.0061655505,0.01816593,-0.050450429,0.031905266,0.0074768282,0.013217656,-0.047889015,0.028686403
0.0082557198,0,-0.033356382,0.015331466,0.0058376754,0.018381782,-0.051372875,0.031161203,0.0070792213,0.013374711,-0.048820402,0.027931755
0.0077835906,0,-0.034111601,0.01469543,0.0055038297,0.018592725,-0.052287054,0.030394916,0.0066743739,0.013528194,-0.049744602,0.027156041
0.0073031014,0,-0.034863054,0.014045191,0.0051640725,0.018798616,-0.053192486,0.029606424,0.0062623578,0.013678002,-0.050661148,0.026359298
0.0068143402,0,-0.035610386,0.013380821,0.0048184662,0.018999316,-0.054088693,0.028795755,0.0058432485,0.013824033,-0.051569566,0.025541573
0.0063173994,0,-0.036353239,0.012702403,0.004467076,0.019194684,-0.05497519,0.027962947,0.0054171253,0.013966184,-0.052469384,0.024702921
0.0058123758,0,-0.037091252,0.012010024,0.0041099703,0.01938458,-0.055851492,0.027108049,0.0049840711,0.014104354,-0.053360124,0.023843407
0.0052993703,0,-0.037824062,0.011303779,0.0037472206,0.019568865,-0.056717111,0.026231117,0.0045441725,0.014238441,-0.054241306,0.022963105
0.0047784883,0,-0.038551302,0.010583769,0.0033789015,0.019747401,-0.05757156,0.02533222,0.0040975199,0.014368345,-0.05511245,0.0220621
0.0042498395,0,-0.039272605,0.0098501029,0.0030050903,0.019920048,-0.058414345,0.024411434,0.0036442073,0.014493964,-0.055973072,0.021140485
0.0037135381,0,-0.0399876,0.009102896,0.0026258679,0.02008667,-0.059244976,0.023468847,0.0031843326,0.014615199,-0.056822685,0.020198362
0.0031697024,0,-0.040695915,0.0083422709,0.0022413181,0.020247131,-0.060062957,0.022504555,0.0027179974,0.014731952,-0.057660804,0.019235844
0.0026184553,0,-0.041397174,0.0075683569,0.0018515275,0.020401294,-0.060867794,0.021518666,0.0022453069,0.014844122,-0.058486939,0.018253054
0.0020599239,0,-0.042091002,0.0067812906,0.0014565862,0.020549024,-0.061658991,0.020511298,0.0017663702,0.014951611,-0.059300601,0.017250125
0.0014942399,0,-0.04277702,0.0059812158,0.0010565871,0.020690188,-0.062436051,0.019482579,0.0012813001,0.015054323,-0.060101297,0.016227199
0.00092153896,0,-0.043454849,0.0051682832,0.00065162645,0.020824654,-0.063198477,0.018432647,0.00079021314,0.015152161,-0.060888537,0.015184427
0.00034196149,0,-0.044124107,0.0043426508,0.00024180329,0.020952288,-0.063945771,0.017361652,0.00029322956,0.015245029,-0.061661827,0.014121974
-0.00024434795,0,-0.044784412,0.0035044838,-0.00017278009,0.021072961,-0.064677435,0.016269752,-0.00020952664,0.015332832,-0.062420673,0.013040011
-0.00083724042,0,-0.045435381,0.0026539547,-0.00059201838,0.021186544,-0.065392971,0.015157118,-0.00071792773,0.015415475,-0.063164582,0.011938722
-0.0014365626,0,-0.046076627,0.0017912431,-0.0010158032,0.021292909,-0.066091882,0.01402393,-0.0012318423,0.015492867,-0.06389306,0.010818299
-0.002042157,0,-0.046707767,0.0009165359,-0.0014440231,0.021391928,-0.06677367,0.01287038,-0.0017511352,0.015564914,-0.064605613,0.0096789465
-0.0026538617,0,-0.047328413,3.0027369e-05,-0.0018765636,0.021483477,-0.067437839,0.011696671,-0.0022756676,0.015631525,-0.065301747,0.0085208777
-0.0032715104,0,-0.04793818,-0.00086808104,-0.0023133072,0.021567432,-0.068083893,0.010503016,-0.0028052971,0.015692611,-0.065980969,0.0073443171
-0.0038949328,0,-0.048536679,-0.0017775805,-0.0027541334,0.02164367,-0.068711338,0.009289638,-0.0033398773,0.015748083,-0.066642785,0.0061494994
-0.0045239541,0,-0.049123523,-0.002698255,-0.0031989186,0.021712073,-0.06931968,0.008056773,-0.0038792587,0.015797854,-0.067286706,0.0049366696
-0.0051583954,0,-0.049698325,-0.0036298811,-0.0036475364,0.02177252,-0.069908429,0.0068046669,-0.0044232876,0.015841835,-0.067912239,0.0037060834
-0.0057980736,0,-0.050260698,-0.0045722282,-0.0040998571,0.021824895,-0.070477094,0.0055335767,-0.0049718071,0.015879944,-0.068518895,0.0024580071
-0.0064428012,0,-0.050810253,-0.0055250581,-0.0045557484,0.021869083,-0.071025187,0.0042437706,-0.0055246565,0.015912095,-0.069106187,0.0011927174
-0.0070923869,0,-0.051346605,-0.0064881256,-0.0050150749,0.02190497,-0.071552222,0.0029355278,-0.0060816716,0.015938207,-0.069673629,-8.9498492e-05
-0.0077466351,0,-0.051869367,-0.0074611781,-0.0054776982,0.021932445,-0.072057717,0.0016091387,-0.0066426848,0.015958198,-0.070220736,-0.0013883426
-0.0084053461,0,-0.052378153,-0.0084439558,-0.0059434772,0.0219514,-0.07254119,0.00026490458,-0.0072075248,0.015971989,-0.070747027,-0.0027035065
-0.0090683161,0,-0.052872579,-0.0094361915,-0.0064122678,0.021961726,-0.073002165,-0.0010968618,-0.0077760169,0.015979503,-0.071252022,-0.0040346712
-0.0097353374,0,-0.053352261,-0.010437611,-0.0068839231,0.021963319,-0.073440167,-0.0024758367,-0.008347983,0.015980662,-0.071735245,-0.0053815068
-0.010406198,0,-0.053816818,-0.011447932,-0.0073582934,0.021956076,-0.073854725,-0.0038716853,-0.0089232414,0.015975392,-0.072196222,-0.0067436732
-0.011080683,0,-0.054265868,-0.012466867,-0.0078352261,0.021939898,-0.074245371,-0.0052840614,-0.0095016073,0.01596362,-0.072634481,-0.0081208195
-0.011758572,0,-0.054699032,-0.013494119,-0.008314566,0.021914685,-0.074611641,-0.0067126079,-0.010082892,0.015945275,-0.073049557,-0.0095125843
-0.012439642,0,-0.055115933,-0.014529385,-0.0087961551,0.021880343,-0.074953078,-0.0081569563,-0.010666905,0.015920288,-0.073440984,-0.010918596
-0.013123665,0,-0.055516195,-0.015572356,-0.0092798327,0.021836778,-0.075269224,-0.0096167272,-0.01125345,0.01588859,-0.073808303,-0.012338471
-0.013810411,0,-0.055899445,-0.016622713,-0.0097654354,0.0217839,-0.075559631,-0.01109153,-0.01184233,0.015850115,-0.074151058,-0.013771817
-0.014499645,0,-0.056265312,-0.017680133,-0.010252797,0.021721621,-0.075823852,-0.012580963,-0.012433343,0.015804801,-0.074468799,-0.015218231
-0.015191128,0,-0.056613428,-0.018744284,-0.01074175,0.021649856,-0.076061446,-0.014084613,-0.013026285,0.015752584,-0.074761077,-0.016677298
-0.015884619,0,-0.056943427,-0.019814829,-0.011232122,0.021568522,-0.076271979,-0.015602057,-0.013620949,0.015693405,-0.075027451,-0.018148594
-0.016579872,0,-0.057254946,-0.020891421,-0.01172374,0.021477541,-0.076455022,-0.01713286,-0.014217123,0.015627207,-0.075267484,-0.019631685
-0.017276638,0,-0.057547625,-0.021973711,-0.012216428,0.021376836,-0.076610149,-0.018676576,-0.014814595,0.015553932,-0.075480744,-0.021126126
-0.017974664,0,-0.057821108,-0.023061338,-0.012710007,0.021266332,-0.076736944,-0.020232748,-0.015413147,0.015473529,-0.075666804,-0.02263146
-0.018673695,0,-0.058075041,-0.024153937,-0.013204297,0.021145959,-0.076834995,-0.02180091,-0.016012562,0.015385945,-0.075825245,-0.024147224
-0.019373472,0,-0.058309077,-0.025251138,-0.013699113,0.02101565,-0.076903897,-0.023380582,-0.016612615,0.015291132,-0.075955653,-0.025672941
-0.020073732,0,-0.058522868,-0.02635256,-0.014194272,0.020875341,-0.076943253,-0.024971276,-0.017213083,0.015189041,-0.076057618,-0.027208126
-0.020774209,0,-0.058716073,-0.02745782,-0.014689584,0.020724969,-0.076952672,-0.026572492,-0.017813738,0.01507963,-0.07613074,-0.028752283
-0.021474636,0,-0.058888356,-0.028566526,-0.015184861,0.020564478,-0.07693177,-0.028183721,-0.018414349,0.014962856,-0.076174624,-0.030304907
-0.02217474,0,-0.059039383,-0.02967828,-0.015679909,0.020393812,-0.07688017,-0.029804441,-0.019014683,0.014838678,-0.076188882,-0.031865482
-0.022874248,0,-0.059168827,-0.030792679,-0.016174536,0.020212921,-0.076797506,-0.031434121,-0.019614506,0.014707061,-0.076173134,-0.033433485
-0.023572881,0,-0.059276363,-0.031909313,-0.016668544,0.020021757,-0.076683417,-0.033072221,-0.020213578,0.014567968,-0.076127006,-0.035008379
-0.024270359,0,-0.059361673,-0.033027765,-0.017161735,0.019820275,-0.076537551,-0.034718187,-0.020811661,0.014421368,-0.076050134,-0.036589622
-0.024966399,0,-0.059424444,-0.034147613,-0.01765391,0.019608435,-0.076359566,-0.03637146,-0.021408511,0.014267232,-0.075942161,-0.038176659
-0.025660717,0,-0.059464368,-0.03526843,-0.018144867,0.0193862,-0.076149126,-0.038031466,-0.022003883,0.014105532,-0.075802737,-0.039768928
-0.026353023,0,-0.059481143,-0.036389782,-0.018634401,0.019153536,-0.075905907,-0.039697625,-0.022597531,0.013936245,-0.075631523,-0.041365857
-0.027043028,0,-0.059474473,-0.03751123,-0.019122308,0.018910414,-0.075629593,-0.041369345,-0.023189205,0.013759347,-0.075428188,-0.042966865
-0.027730437,0,-0.059444066,-0.038632328,-0.01960838,0.018656808,-0.075319877,-0.043046025,-0.023778654,0.013574822,-0.075192407,-0.044571363
-0.028414958,0,-0.059389639,-0.039752628,-0.020092409,0.018392695,-0.074976464,-0.044727054,-0.024365625,0.013382652,-0.074923869,-0.046178751
-0.029096291,0,-0.059310914,-0.040871672,-0.020574184,0.018118059,-0.074599066,-0.046411813,-0.024949863,0.013182824,-0.074622269,-0.047788422
-0.029774137,0,-0.059207618,-0.041989001,-0.021053494,0.017832883,-0.074187408,-0.048099673,-0.025531112,0.012975329,-0.074287313,-0.049399761
-0.030448196,0,-0.059079489,-0.043104149,-0.021530126,0.017537159,-0.073741223,-0.049789994,-0.026109112,0.012760158,-0.073918718,-0.051012143
-0.031118163,0,-0.058926266,-0.044216645,-0.022003864,0.01723088,-0.073260258,-0.051482131,-0.026683605,0.012537307,-0.07351621,-0.052624936
-0.031783734,0,-0.058747702,-0.045326013,-0.022474494,0.016914044,-0.072744268,-0.053175427,-0.027254327,0.012306775,-0.073079525,-0.0542375
-0.032444602,0,-0.05854355,-0.046431774,-0.022941798,0.016586653,-0.072193021,-0.054869217,-0.027821017,0.012068563,-0.072608411,-0.055849186
-0.033100459,0,-0.058313578,-0.047533442,-0.023405559,0.016248713,-0.071606296,-0.056562828,-0.028383409,0.011822675,-0.072102626,-0.057459339
-0.033750994,0,-0.058057555,-0.04863053,-0.023865557,0.015900234,-0.070983884,-0.05825558,-0.028941239,0.01156912,-0.071561939,-0.059067295
-0.034395897,0,-0.057775262,-0.049722543,-0.024321572,0.015541232,-0.070325587,-0.059946782,-0.029494239,0.011307907,-0.070986132,-0.060672383
-0.035034856,0,-0.057466487,-0.050808984,-0.024773384,0.015171724,-0.06963122,-0.061635738,-0.030042141,0.011039051,-0.070374997,-0.062273925
-0.035667556,0,-0.057131026,-0.051889352,-0.025220771,0.014791735,-0.06890061,-0.063321743,-0.030584677,0.010762568,-0.069728338,-0.063871236
-0.036293683,0,-0.056768684,-0.052963143,-0.025663509,0.014401292,-0.068133598,-0.065004083,-0.031121576,0.010478479,-0.069045972,-0.065463626
-0.036912922,0,-0.056379274,-0.054029846,-0.026101377,0.014000427,-0.067330035,-0.066682039,-0.031652569,0.010186807,-0.068327728,-0.067050395
-0.037524956,0,-0.055962618,-0.055088951,-0.026534151,0.013589177,-0.066489789,-0.068354885,-0.032177384,0.0098875786,-0.067573447,-0.068630839
-0.038129468,0,-0.055518547,-0.056139943,-0.026961605,0.013167582,-0.065612737,-0.070021886,-0.032695749,0.0095808233,-0.066782983,-0.070204247
-0.038726141,0,-0.055046902,-0.057182301,-0.027383517,0.012735688,-0.064698773,-0.071682302,-0.033207392,0.0092665745,-0.065956204,-0.071769903
-0.039314657,0,-0.054547532,-0.058215507,-0.02779966,0.012293546,-0.063747804,-0.073335386,-0.03371204,0.0089448685,-0.065092989,-0.073327085
-0.039894697,0,-0.054020297,-0.059239034,-0.028209811,0.011841209,-0.062759748,-0.074980385,-0.034209421,0.0086157452,-0.064193233,-0.074875065
-0.040465943,0,-0.053465065,-0.060252357,-0.028613743,0.011378737,-0.061734541,-0.076616539,-0.03469926,0.0082792476,-0.063256842,-0.076413109
-0.041028077,0,-0.052881716,-0.061254947,-0.029011231,0.010906195,-0.060672131,-0.078243085,-0.035181286,0.0079354222,-0.062283738,-0.07794048
-0.041580779,0,-0.052270137,-0.062246272,-0.029402051,0.010423649,-0.059572481,-0.079859251,-0.035655224,0.0075843188,-0.061273856,-0.079456435
-0.042123732,0,-0.051630229,-0.063225799,-0.029785976,0.0099311745,-0.05843557,-0.081464262,-0.036120802,0.0072259908,-0.060227145,-0.080960227
-0.042656617,0,-0.050961901,-0.064192994,-0.030162783,0.0094288483,-0.057261391,-0.083057338,-0.036577747,0.0068604948,-0.059143569,-0.082451105
-0.043179117,0,-0.050265072,-0.065147319,-0.030532247,0.0089167532,-0.05604995,-0.084637693,-0.037025788,0.0064878909,-0.058023106,-0.083928313
-0.043690915,0,-0.049539673,-0.066088237,-0.030894143,0.0083949767,-0.054801271,-0.086204537,-0.037464651,0.0061082428,-0.056865749,-0.085391092
-0.044191695,0,-0.048785646,-0.067015208,-0.031248247,0.0078636109,-0.053515393,-0.087757077,-0.037894066,0.0057216173,-0.055671507,-0.086838679
-0.044681141,0,-0.048002944,-0.067927692,-0.031594338,0.0073227526,-0.05219237,-0.089294515,-0.038313762,0.0053280851,-0.054440401,-0.088270309
-0.045158939,0,-0.04719153,-0.068825148,-0.031932192,0.0067725035,-0.050832272,-0.090816049,-0.03872347,0.0049277201,-0.053172472,-0.089685213
-0.045624775,0,-0.04635138,-0.069707035,-0.032261587,0.0062129702,-0.049435184,-0.092320876,-0.039122921,0.0045205998,-0.051867772,-0.09108262
-0.046078337,0,-0.045482479,-0.07057281,-0.032582304,0.0056442638,-0.048001209,-0.093808186,-0.039511848,0.0041068052,-0.050526372,-0.092461755
-0.046519315,0,-0.044584827,-0.071421932,-0.032894123,0.0050665005,-0.046530465,-0.09527717,-0.039889983,0.0036864206,-0.049148356,-0.093821844
-0.046947399,0,-0.043658432,-0.072253858,-0.033196824,0.0044798012,-0.045023086,-0.096727014,-0.040257062,0.0032595341,-0.047733826,-0.095162109
-0.047362282,0,-0.042703318,-0.073068047,-0.033490191,0.0038842915,-0.043479224,-0.098156904,-0.040612822,0.0028262372,-0.046282899,-0.096481772
-0.047763658,0,-0.041719517,-0.073863958,-0.033774006,0.0032801022,-0.041899046,-0.099566023,-0.040956999,0.0023866249,-0.04479571,-0.097780051
-0.048151224,0,-0.040707076,-0.074641049,-0.034048057,0.0026673684,-0.040282737,-0.10095355,-0.041289334,0.0019407956,-0.043272408,-0.099056167
-0.048524677,0,-0.039666053,-0.075398783,-0.034312128,0.0020462305,-0.038630497,-0.10231867,-0.041609567,0.0014888514,-0.041713159,-0.10030934
-0.048883719,0,-0.038596518,-0.076136619,-0.034566009,0.0014168334,-0.036942547,-0.10366056,-0.041917443,0.0010308977,-0.040118148,-0.10153878
-0.049228052,0,-0.037498556,-0.076854022,-0.034809489,0.00077932701,-0.035219121,-0.1049784,-0.042212706,0.00056704369,-0.038487573,-0.10274372
-0.049557382,0,-0.03637226,-0.077550457,-0.035042361,0.00013386589,-0.033460473,-0.10627137,-0.042495104,9.7401742e-05,-0.036821653,-0.10392337
-0.049871417,0,-0.035217741,-0.07822539,-0.035264417,-0.00051939051,-0.031666873,-0.10753865,-0.042764387,-0.00037791211,-0.03512062,-0.10507694
-0.050169868,0,-0.03403512,-0.07887829,-0.035475454,-0.001180278,-0.029838607,-0.10877941,-0.043020307,-0.00085877839,-0.033384726,-0.10620367
-0.050452449,0,-0.03282453,-0.079508628,-0.035675269,-0.0018486276,-0.027975983,-0.10999284,-0.043262618,-0.0013450741,-0.031614239,-0.10730278
-0.050718876,0,-0.031586119,-0.08011588,-0.035863661,-0.0025242656,-0.026079323,-0.11117811,-0.043491078,-0.001836673,-0.029809444,-0.10837348
-0.050968872,0,-0.030320048,-0.080699521,-0.036040435,-0.0032070135,-0.024148967,-0.11233442,-0.043705447,-0.0023334451,-0.027970645,-0.10941501
-0.051202158,0,-0.029026491,-0.081259032,-0.036205393,-0.0038966882,-0.022185275,-0.11346095,-0.043905488,-0.0028352571,-0.026098163,-0.11042659
-0.051418462,0,-0.027705634,-0.081793896,-0.036358343,-0.0045931018,-0.020188621,-0.11455688,-0.044090967,-0.0033419725,-0.024192334,-0.11140745
-0.051617515,0,-0.026357678,-0.082303601,-0.036499095,-0.0052960618,-0.018159401,-0.1156214,-0.044261654,-0.003853451,-0.022253514,-0.11235683
-0.051799052,0,-0.024982838,-0.082787637,-0.036627461,-0.0060053711,-0.016098028,-0.11665371,-0.044417321,-0.0043695493,-0.020282078,-0.11327397
-0.051962812,0,-0.023581339,-0.083245499,-0.036743257,-0.0067208279,-0.01400493,-0.117653,-0.044557744,-0.0048901206,-0.018278416,-0.1141581
-0.052108538,0,-0.022153424,-0.083676688,-0.0368463,-0.0074422258,-0.011880557,-0.11861847,-0.044682703,-0.0054150146,-0.016242937,-0.11500849
-0.052235976,0,-0.020699348,-0.084080708,-0.036936413,-0.0081693539,-0.009725374,-0.11954933,-0.04479198,-0.0059440781,-0.014176067,-0.11582436
-0.052344878,0,-0.019219378,-0.084457068,-0.037013418,-0.008901997,-0.0075398665,-0.12044478,-0.044885363,-0.0064771542,-0.012078251,-0.11660499
-0.052435001,0,-0.017713798,-0.084805282,-0.037077145,-0.009639935,-0.0053245368,-0.12130404,-0.044962643,-0.007014083,-0.009949952,-0.11734963
-0.052506106,0,-0.016182902,-0.08512487,-0.037127423,-0.010382944,-0.0030799055,-0.12212633,-0.045023614,-0.0075547013,-0.00779165,-0.11805755
-0.052557957,0,-0.014627002,-0.085415358,-0.037164088,-0.011130795,-0.00080651145,-0.12291086,-0.045068076,-0.0080988427,-0.0056038434,-0.11872801
-0.052590326,0,-0.01304642,-0.085676278,-0.037186976,-0.011883254,0.0014950885,-0.12365687,-0.045095833,-0.0086463376,-0.0033870485,-0.11936031
-0.052602989,0,-0.011441495,-0.085907167,-0.03719593,-0.012640086,0.0038243192,-0.1243636,-0.045106691,-0.0091970134,-0.0011417996,-0.11995373
-0.052595727,0,-0.0098125788,-0.086107569,-0.037190795,-0.013401048,0.0061805876,-0.12503029,-0.045100464,-0.0097506944,0.0011313513,-0.12050755
-0.052568326,0,-0.0081600363,-0.086277036,-0.03717142,-0.014165894,0.0085632825,-0.12565618,-0.045076968,-0.010307202,0.0034318339,-0.12102108
-0.05252058,0,-0.0064842475,-0.086415126,-0.037137658,-0.014934374,0.010971775,-0.12624054,-0.045036025,-0.010866353,0.0057590603,-0.12149363
-0.052452284,0,-0.004785606,-0.086521404,-0.037089366,-0.015706235,0.013405417,-0.12678264,-0.044977463,-0.011427965,0.0081124246,-0.12192451
-0.052363245,0,-0.0030645195,-0.086595443,-0.037026405,-0.016481219,0.015863545,-0.12728174,-0.044901112,-0.011991848,0.010491303,-0.12231306
-0.05225327,0,-0.0013214095,-0.086636824,-0.036948642,-0.017259063,0.018345475,-0.12773712,-0.04480681,-0.012557813,0.012895054,-0.12265859
-0.052122177,0,0.00044328848,-0.086645136,-0.036855945,-0.018039501,0.020850507,-0.12814809,-0.044694398,-0.013125665,0.015323019,-0.12296047
-0.051969787,0,0.0022291248,-0.086619976,-0.036748189,-0.018822265,0.023377922,-0.12851394,-0.044563725,-0.013695209,0.01777452,-0.12321803
-0.051795929,0,0.0040356361,-0.086560949,-0.036625253,-0.019607079,0.025926984,-0.12883399,-0.044414643,-0.014266246,0.020248864,-0.12343065
-0.051600439,0,0.0058623449,-0.086467671,-0.03648702,-0.020393668,0.02849694,-0.12910755,-0.044247011,-0.014838573,0.022745337,-0.1235977
-0.051383157,0,0.0077087602,-0.086339765,-0.036333379,-0.02118175,0.031087019,-0.12933395,-0.044060694,-0.015411987,0.025263211,-0.12371857
-0.051143933,0,0.0095743767,-0.086176864,-0.036164222,-0.021971041,0.033696432,-0.12951255,-0.043855561,-0.015986281,0.02780174,-0.12379264
-0.050882623,0,0.011458676,-0.085978612,-0.035979448,-0.022761254,0.036324374,-0.1296427,-0.043631489,-0.016561245,0.030360158,-0.12381934
-0.050599088,0,0.013361125,-0.08574466,-0.035778959,-0.023552095,0.038970023,-0.12972375,-0.04338836,-0.017136666,0.032937685,-0.12379807
-0.0502932,0,0.015281178,-0.085474672,-0.035562663,-0.024343272,0.04163254,-0.12975511,-0.043126063,-0.017712332,0.035533523,-0.12372828
-0.049964835,0,0.017218275,-0.085168322,-0.035330474,-0.025134486,0.044311068,-0.12973614,-0.042844493,-0.018288025,0.038146857,-0.1236094
-0.049613878,0,0.019171843,-0.084825293,-0.03508231,-0.025925436,0.047004734,-0.12966627,-0.042543549,-0.018863526,0.040776855,-0.1234409
-0.049240221,0,0.021141294,-0.08444528,-0.034818094,-0.026715819,0.049712649,-0.12954491,-0.042223141,-0.019438613,0.043422669,-0.12322226
-0.048843765,0,0.02312603,-0.08402799,-0.034537757,-0.027505326,0.052433908,-0.12937148,-0.041883183,-0.020013064,0.046083435,-0.12295294
-0.048424416,0,0.025125436,-0.083573139,-0.034241233,-0.028293648,0.055167589,-0.12914545,-0.041523594,-0.020586653,0.048758271,-0.12263247
-0.047982092,0,0.027138886,-0.083080458,-0.033928462,-0.029080472,0.057912755,-0.12886627,-0.041144304,-0.021159152,0.05144628,-0.12226035
-0.047516715,0,0.029165741,-0.082549687,-0.033599391,-0.029865484,0.060668452,-0.12853341,-0.040745247,-0.021730331,0.05414655,-0.12183611
-0.047028218,0,0.031205347,-0.08198058,-0.033253972,-0.030648363,0.063433713,-0.12814638,-0.040326364,-0.02229996,0.056858151,-0.12135929
-0.046516541,0,0.03325704,-0.081372903,-0.032892161,-0.031428791,0.066207552,-0.12770468,-0.039887604,-0.022867804,0.05958014,-0.12082948
-0.045981632,0,0.035320142,-0.080726434,-0.032513924,-0.032206444,0.06898897,-0.12720782,-0.039428924,-0.02343363,0.062311558,-0.12024623
-0.04542345,0,0.037393962,-0.080040965,-0.032119229,-0.032980997,0.071776955,-0.12665537,-0.038950287,-0.0239972,0.065051429,-0.11960914
-0.044841959,0,0.039477797,-0.079316299,-0.031708053,-0.033752121,0.074570478,-0.12604686,-0.038451663,-0.024558275,0.067798765,-0.11891783
-0.044237135,0,0.041570931,-0.078552256,-0.031280378,-0.034519489,0.077368495,-0.12538189,-0.03793303,-0.025116617,0.070552561,-0.11817192
-0.04360896,0,0.043672638,-0.077748667,-0.030836191,-0.035282767,0.08016995,-0.12466003,-0.037394374,-0.025671984,0.073311798,-0.11737107
-0.042957426,0,0.045782179,-0.076905376,-0.030375488,-0.036041623,0.082973773,-0.12388091,-0.036835689,-0.026224133,0.076075445,-0.11651493
-0.042282536,0,0.047898801,-0.076022243,-0.029898268,-0.036795721,0.085778879,-0.12304416,-0.036256976,-0.02677282,0.078842455,-0.11560319
-0.0415843,0,0.050021742,-0.075099142,-0.02940454,-0.037544725,0.088584171,-0.12214942,-0.035658243,-0.0273178,0.081611768,-0.11463555
-0.040862736,0,0.052150228,-0.074135961,-0.028894317,-0.038288295,0.09138854,-0.12119636,-0.035039507,-0.027858827,0.08438231,-0.11361173
-0.040117873,0,0.054283474,-0.073132603,-0.02836762,-0.039026093,0.094190861,-0.12018467,-0.034400793,-0.028395654,0.087152996,-0.11253147
-0.039349751,0,0.056420684,-0.072088986,-0.027824476,-0.039757777,0.096989999,-0.11911406,-0.033742133,-0.028928032,0.089922725,-0.11139453
-0.038558416,0,0.058561049,-0.071005042,-0.027264917,-0.040483005,0.099784809,-0.11798426,-0.033063569,-0.029455713,0.092690387,-0.11020069
-0.037743925,0,0.060703752,-0.06988072,-0.026688985,-0.041201434,0.10257413,-0.11679501,-0.032365149,-0.029978447,0.095454857,-0.10894974
-0.036906346,0,0.062847965,-0.068715983,-0.026096727,-0.041912719,0.10535679,-0.1155461,-0.03164693,-0.030495983,0.098215001,-0.10764152
-0.036045754,0,0.064992849,-0.06751081,-0.025488197,-0.042616516,0.10813162,-0.11423729,-0.030908979,-0.03100807,0.10096967,-0.10627586
-0.035162235,0,0.067137555,-0.066265198,-0.024863455,-0.043312478,0.11089741,-0.11286843,-0.030151368,-0.031514457,0.10371771,-0.10485262
-0.034255887,0,0.069281226,-0.064979158,-0.02422257,-0.04400026,0.11365297,-0.11143932,-0.02937418,-0.032014892,0.10645795,-0.10337169
-0.033326813,0,0.071422993,-0.063652717,-0.023565615,-0.044679515,0.11639708,-0.10994985,-0.028577506,-0.032509122,0.1091892,-0.10183297
-0.03237513,0,0.07356198,-0.062285919,-0.022892674,-0.045349896,0.11912853,-0.10839988,-0.027761445,-0.032996896,0.11191029,-0.10023639
-0.031400963,0,0.0756973,-0.060878825,-0.022203834,-0.046011056,0.12184608,-0.10678931,-0.026926104,-0.033477961,0.11462001,-0.098581903
-0.030404449,0,0.077828059,-0.059431513,-0.021499192,-0.046662648,0.1245485,-0.10511808,-0.0260716,-0.033952063,0.11731715,-0.096869482
-0.029385732,0,0.079953354,-0.057944077,-0.020778851,-0.047304325,0.12723454,-0.10338614,-0.025198058,-0.034418952,0.1200005,-0.095099123
-0.028344969,0,0.082072274,-0.056416629,-0.02004292,-0.047935741,0.12990293,-0.10159346,-0.024305611,-0.034878375,0.12266882,-0.093270844
-0.027282326,0,0.084183899,-0.054849297,-0.019291518,-0.04855655,0.13255243,-0.099740037,-0.023394402,-0.03533008,0.1253209,-0.09138469
-0.026197979,0,0.086287302,-0.053242228,-0.018524768,-0.049166406,0.13518175,-0.097825893,-0.022464581,-0.035773815,0.12795547,-0.089440726
-0.025092113,0,0.088381549,-0.051595587,-0.017742803,-0.049764963,0.13778963,-0.095851078,-0.021516309,-0.03620933,0.13057131,-0.087439044
-0.023964927,0,0.0904657,-0.049909553,-0.016945762,-0.050351879,0.14037478,-0.093815664,-0.020549755,-0.036636373,0.13316714,-0.085379757
-0.022816626,0,0.092538807,-0.048184327,-0.016133791,-0.05092681,0.14293592,-0.091719748,-0.019565095,-0.037054697,0.1357417,-0.083263007
-0.021647428,0,0.094599914,-0.046420125,-0.015307043,-0.051489414,0.14547174,-0.089563453,-0.018562516,-0.037464051,0.13829374,-0.081088956
-0.020457561,0,0.096648063,-0.044617183,-0.01446568,-0.05203935,0.14798096,-0.087346928,-0.017542214,-0.037864189,0.14082197,-0.078857793
-0.019247263,0,0.098682287,-0.042775755,-0.01360987,-0.05257628,0.15046226,-0.085070349,-0.016504391,-0.038254863,0.14332512,-0.076569734
-0.018016781,0,0.10070161,-0.040896112,-0.012739788,-0.053099865,0.15291435,-0.082733915,-0.015449262,-0.038635827,0.1458019,-0.074225016
-0.016766375,0,0.10270507,-0.038978544,-0.011855617,-0.053609771,0.15533591,-0.080337855,-0.014377048,-0.039006838,0.14825103,-0.071823906
-0.015496313,0,0.10469167,-0.03702336,-0.010957548,-0.054105662,0.15772564,-0.077882421,-0.013287979,-0.039367651,0.15067121,-0.069366693
-0.014206875,0,0.10666043,-0.035030886,-0.010045778,-0.054587207,0.16008221,-0.075367896,-0.012182295,-0.039718027,0.15306115,-0.066853694
-0.01289835,0,0.10861036,-0.033001469,-0.009120511,-0.055054076,0.16240432,-0.072794585,-0.011060244,-0.040057724,0.15541955,-0.064285251
-0.011571039,0,0.11054047,-0.030935473,-0.0081819604,-0.055505942,0.16469064,-0.070162826,-0.0099220844,-0.040386505,0.15774511,-0.061661734
-0.010225252,0,0.11244977,-0.02883328,-0.0072303451,-0.055942479,0.16693986,-0.067472978,-0.0087680814,-0.040704132,0.16003654,-0.058983537
-0.0088613094,0,0.11433724,-0.026695294,-0.006265892,-0.056363366,0.16915066,-0.064725433,-0.0075985101,-0.041010373,0.16229253,-0.056251081
-0.0074795421,0,0.11620189,-0.024521933,-0.005288835,-0.056768283,0.17132171,-0.061920608,-0.0064136545,-0.041304993,0.16451178,-0.053464814
-0.0060802914,0,0.11804272,-0.02231364,-0.0042994153,-0.057156913,0.17345171,-0.059058947,-0.0052138069,-0.041587763,0.16669298,-0.050625211
-0.0046639088,0,0.11985873,-0.020070871,-0.0032978815,-0.057528943,0.17553934,-0.056140924,-0.0039992688,-0.041858455,0.16883483,-0.047732774
-0.0032307557,0,0.12164889,-0.017794105,-0.0022844893,-0.057884063,0.17758328,-0.05316704,-0.0027703502,-0.042116842,0.17093604,-0.044788031
-0.001781204,0,0.12341221,-0.015483838,-0.0012595014,-0.058221966,0.17958222,-0.050137824,-0.0015273698,-0.042362703,0.1729953,-0.041791538
-0.00031563542,0,0.12514768,-0.013140586,-0.00022318795,-0.058542349,0.18153486,-0.047053833,-0.00027065514,-0.042595816,0.17501131,-0.038743876
0.0011655581,0,0.12685428,-0.010764883,0.00082417403,-0.058844912,0.18343989,-0.043915654,0.00099945781,-0.042815962,0.17698278,-0.035645656
0.0026619747,0,0.12853101,-0.0083572837,0.0018823003,-0.059129359,0.18529601,-0.040723901,0.0022826245,-0.043022928,0.17890842,-0.032497515
0.0041732025,0,0.13017687,-0.0059183604,0.0029508998,-0.0593954,0.18710192,-0.037479216,0.0035784917,-0.043216501,0.18078694,-0.029300116
0.00569882,0,0.13179084,-0.0034487046,0.0040296743,-0.059642746,0.18885634,-0.034182272,0.0048866979,-0.043396472,0.18261705,-0.026054152
0.0072383956,0,0.13337192,-0.00094892711,0.0051183186,-0.059871115,0.19055798,-0.030833767,0.0062068731,-0.043562635,0.18439748,-0.02276034
0.0087914882,0,0.1349191,0.0015803425,0.0062165209,-0.060080229,0.19220556,-0.027434431,0.0075386389,-0.043714787,0.18612696,-0.019419427
0.010357647,0,0.1364314,0.0041384559,0.0073239623,-0.060269812,0.19379782,-0.023985021,0.0088816089,-0.04385273,0.18780421,-0.016032187
0.011936411,0,0.13790779,0.0067247456,0.0084403173,-0.060439597,0.19533349,-0.020486322,0.010235388,-0.043976266,0.18942797,-0.01259942
0.013527311,0,0.13934731,0.0093385255,0.0095652535,-0.060589319,0.19681131,-0.016939151,0.011599574,-0.044085205,0.190997,-0.0091219545
0.015129868,0,0.14074894,0.011979091,0.010698432,-0.060718719,0.19823005,-0.013344349,0.012973755,-0.044179358,0.19251004,-0.0056006455
0.016743592,0,0.14211171,0.014645718,0.011839508,-0.060827544,0.19958847,-0.0097027887,0.014357512,-0.044258539,0.19396586,-0.0020363758
0.018367987,0,0.14343463,0.017337665,0.012988128,-0.060915545,0.20088534,-0.0060153713,0.015750419,-0.044322569,0.19536323,0.0015699447
0.020002545,0,0.14471673,0.020054172,0.014143935,-0.060982479,0.20211945,-0.0022830256,0.017152041,-0.044371271,0.19670093,0.0052173791
0.02164675,0,0.14595703,0.022794459,0.015306564,-0.06102811,0.20328959,0.0014932907,0.018561935,-0.044404472,0.19797775,0.0089049635
0.023300079,0,0.14715457,0.02555773,0.016475644,-0.061052206,0.20439458,0.0053125913,0.019979653,-0.044422005,0.1991925,0.012631707
0.024961996,0,0.14830839,0.028343168,0.017650797,-0.061054542,0.20543323,0.0091738619,0.021404735,-0.044423705,0.20034399,0.016396592
0.026631961,0,0.14941754,0.031149942,0.01883164,-0.0610349,0.20640438,0.01307606,0.022836718,-0.044409413,0.20143104,0.020198573
0.028309423,0,0.15048107,0.033977199,0.020017785,-0.060993067,0.20730689,0.017018114,0.02427513,-0.044378975,0.2024525,0.02403658
0.029993822,0,0.15149805,0.036824071,0.021208835,-0.060928836,0.2081396,0.020998925,0.02571949,-0.04433224,0.20340721,0.027909514
0.031684592,0,0.15246754,0.039689671,0.02240439,-0.060842008,0.20890142,0.025017367,0.027169314,-0.044269063,0.20429404,0.031816253
0.033381158,0,0.15338863,0.042573095,0.023604043,-0.060732391,0.20959122,0.029072285,0.028624107,-0.044189305,0.20511188,0.035755645
0.035082937,0,0.15426041,0.045473422,0.024807382,-0.060599798,0.21020791,0.033162497,0.03008337,-0.044092829,0.20585961,0.039726516
0.036789337,0,0.15508198,0.048389714,0.026013989,-0.06044405,0.21075044,0.037286793,0.031546596,-0.043979506,0.20653615,0.043727662
0.03849976,0,0.15585244,0.051321016,0.027223441,-0.060264977,0.21121774,0.041443936,0.033013272,-0.043849211,0.20714042,0.047757856
0.0402136,0,0.15657091,0.054266355,0.028435309,-0.060062412,0.21160877,0.045632663,0.034482878,-0.043701824,0.20767137,0.051815846
0.041930245,0,0.15723653,0.057224744,0.02964916,-0.059836201,0.21192252,0.049851684,0.035954888,-0.043537231,0.20812797,0.055900353
0.043649073,0,0.15784845,0.060195177,0.030864556,-0.059586192,0.212158,0.05409968,0.037428771,-0.043355323,0.20850919,0.060010075
0.045369458,0,0.15840581,0.063176635,0.032081051,-0.059312245,0.21231422,0.058375309,0.038903989,-0.043155997,0.20881403,0.064143684
0.047090765,0,0.15890778,0.066168081,0.033298199,-0.059014226,0.21239023,0.062677201,0.040379998,-0.042939157,0.20904151,0.068299827
0.048812353,0,0.15935354,0.069168462,0.034515546,-0.058692009,0.21238509,0.067003961,0.041856248,-0.042704709,0.20919067,0.07247713
0.050533577,0,0.1597423,0.072176712,0.035732635,-0.058345476,0.2122979,0.071354168,0.043332185,-0.042452569,0.20926057,0.076674191
0.052253782,0,0.16007325,0.075191747,0.036949004,-0.057974517,0.21212775,0.075726375,0.044807249,-0.042182657,0.20925028,0.080889588
0.05397231,0,0.16034562,0.078212472,0.038164186,-0.057579032,0.21187379,0.080119112,0.046280874,-0.0418949,0.20915892,0.085121873
0.055688494,0,0.16055866,0.081237774,0.039377712,-0.057158928,0.21153516,0.084530883,0.04775249,-0.041589229,0.20898561,0.089369578
0.057401666,0,0.1607116,0.084266527,0.040589107,-0.056714121,0.21111106,0.088960168,0.049221522,-0.041265584,0.20872949,0.09363121
0.059111148,0,0.16080373,0.087297591,0.041797894,-0.056244535,0.21060069,0.093405424,0.050687392,-0.04092391,0.20838973,0.097905255
0.06081626,0,0.16083432,0.090329814,0.04300359,-0.055750103,0.21000327,0.097865083,0.052149513,-0.040564158,0.20796554,0.10219018
0.062516316,0,0.16080269,0.093362027,0.044205711,-0.055230769,0.20931808,0.10233755,0.053607299,-0.040186287,0.20745614,0.10648442
0.064210624,0,0.16070815,0.096393053,0.045403768,-0.054686483,0.20854438,0.10682123,0.055060156,-0.039790261,0.20686077,0.1107864
0.06589849,0,0.16055004,0.099421697,0.046597269,-0.054117206,0.2076815,0.11131446,0.056507489,-0.039376051,0.2061787,0.11509453
0.067579213,0,0.16032771,0.10244676,0.04778572,-0.053522907,0.20672878,0.1158156,0.057948697,-0.038943635,0.20540923,0.11940718
0.069252091,0,0.16004055,0.10546701,0.048968623,-0.052903567,0.20568558,0.12032297,0.059383178,-0.038492999,0.2045517,0.12372271
0.070916416,0,0.15968795,0.10848124,0.050145478,-0.052259172,0.2045513,0.12483487,0.060810325,-0.038024133,0.20360545,0.12803947
0.072571476,0,0.15926931,0.1114882,0.051315783,-0.051589722,0.20332538,0.12934957,0.062229527,-0.037537037,0.20256987,0.13235577
0.074216557,0,0.15878409,0.11448664,0.052479031,-0.050895224,0.20200727,0.13386534,0.063640173,-0.037031715,0.20144437,0.13666993
0.075850943,0,0.15823172,0.11747529,0.053634716,-0.050175696,0.20059645,0.13838041,0.065041647,-0.036508181,0.20022839,0.14098023
0.077473913,0,0.15761169,0.1204529,0.054782329,-0.049431164,0.19909246,0.14289301,0.066433332,-0.035966455,0.1989214,0.14528494
0.079084743,0,0.15692349,0.12341817,0.055921358,-0.048661666,0.19749483,0.14740134,0.067814608,-0.035406562,0.19752291,0.14958231
0.08068271,0,0.15616665,0.12636982,0.057051292,-0.047867248,0.19580317,0.15190358,0.069184853,-0.034828539,0.19603245,0.15387058
0.082267086,0,0.15534071,0.12930655,0.058171614,-0.047047969,0.19401708,0.1563979,0.070543444,-0.034232425,0.19444958,0.15814797
0.083837142,0,0.15444523,0.13222706,0.059281812,-0.046203894,0.19213621,0.16088244,0.071889756,-0.033618271,0.19277391,0.16241267
0.085392148,0,0.15347979,0.13513002,0.060381367,-0.045335102,0.19016026,0.16535534,0.073223163,-0.032986132,0.19100505,0.1666629
0.086931372,0,0.15244402,0.13801411,0.061469763,-0.044441681,0.18808894,0.16981472,0.074543037,-0.032336072,0.18914267,0.17089681
0.088454082,0,0.15133754,0.14087801,0.062546482,-0.043523727,0.18592201,0.17425867,0.07584875,-0.031668163,0.18718648,0.17511257
0.089959545,0,0.15016002,0.14372038,0.063611004,-0.04258135,0.18365925,0.17868529,0.077139674,-0.030982483,0.1851362,0.17930833
0.091447027,0,0.14891115,0.14653988,0.064662813,-0.041614669,0.1813005,0.18309265,0.078415179,-0.030279119,0.18299159,0.18348224
0.092915794,0,0.14759062,0.14933515,0.065701388,-0.040623811,0.17884561,0.18747881,0.079674636,-0.029558164,0.18075246,0.1876324
0.094365113,0,0.14619818,0.15210485,0.066726211,-0.039608919,0.17629449,0.1918418,0.080917417,-0.028819721,0.17841865,0.19175695
0.095794251,0,0.14473359,0.15484762,0.067736765,-0.03857014,0.17364707,0.19617968,0.082142893,-0.028063899,0.17599002,0.19585398
0.097202476,0,0.14319664,0.15756209,0.06873253,-0.037507638,0.17090333,0.20049046,0.083350435,-0.027290815,0.17346648,0.19992159
0.098589055,0,0.14158715,0.1602469,0.06971299,-0.036421583,0.16806328,0.20477215,0.084539418,-0.026500594,0.17084799,0.20395786
0.099953261,0,0.13990495,0.16290068,0.070677629,-0.035312157,0.16512697,0.20902275,0.085709214,-0.025693368,0.16813452,0.20796086
0.10129436,0,0.13814991,0.16552205,0.071625932,-0.034179554,0.16209449,0.21324027,0.0868592,-0.024869278,0.16532609,0.21192868
0.10261164,0,0.13632194,0.16810965,0.072557385,-0.033023977,0.15896597,0.21742268,0.087988753,-0.024028473,0.16242277,0.21585937
0.10390436,0,0.13442096,0.1706621,0.073471477,-0.031845641,0.15574157,0.22156795,0.089097253,-0.023171107,0.15942465,0.21975098
0.10517181,0,0.13244692,0.17317801,0.074367697,-0.030644771,0.15242152,0.22567407,0.090184079,-0.022297346,0.15633186,0.22360157
0.10641326,0,0.13039981,0.17565602,0.075245538,-0.029421603,0.14900605,0.22973898,0.091248617,-0.021407361,0.15314459,0.22740918
0.10762801,0,0.12827964,0.17809474,0.076104493,-0.028176385,0.14549547,0.23376066,0.092290253,-0.020501331,0.14986305,0.23117185
0.10881533,0,0.12608644,0.1804928,0.076944059,-0.026909373,0.14189009,0.23773704,0.093308377,-0.019579445,0.1464875,0.23488762
0.10997453,0,0.1238203,0.18284882,0.077763735,-0.025620837,0.13819029,0.24166608,0.09430238,-0.018641897,0.14301822,0.23855453
0.11110489,0,0.12148132,0.18516142,0.078563024,-0.024311055,0.13439649,0.24554572,0.095271661,-0.017688891,0.13945556,0.2421706
0.11220573,0,0.11906962,0.18742924,0.079341431,-0.022980317,0.13050914,0.24937391,0.096215618,-0.016720637,0.13579989,0.24573387
0.11327633,0,0.11658537,0.18965091,0.080098465,-0.021628926,0.12652874,0.25314857,0.097133656,-0.015737355,0.13205163,0.24924237
0.11431603,0,0.11402876,0.19182505,0.080833637,-0.020257191,0.12245583,0.25686766,0.098025184,-0.014739271,0.12821125,0.25269413
0.11532412,0,0.11140001,0.19395031,0.081546465,-0.018865435,0.118291,0.26052912,0.098889614,-0.01372662,0.12427923,0.25608718
0.11629993,0,0.10869939,0.19602533,0.082236467,-0.017453992,0.11403486,0.26413087,0.099726365,-0.012699645,0.12025613,0.25941957
0.11724279,0,0.10592718,0.19804876,0.082903169,-0.016023205,0.1096881,0.26767087,0.10053486,-0.011658594,0.11614254,0.26268932
0.11815203,0,0.10308369,0.20001924,0.083546099,-0.014573429,0.10525142,0.27114705,0.10131453,-0.010603727,0.11193907,0.26589449
0.11902699,0,0.10016929,0.20193545,0.084164791,-0.013105028,0.10072558,0.27455736,0.1020648,-0.0095353082,0.10764641,0.26903311
0.11986702,0,0.097184347,0.20379604,0.084758784,-0.011618378,0.096111374,0.27789976,0.10278512,-0.0084536114,0.10326525,0.27210324
0.12067148,0,0.094129284,0.20559969,0.08532762,-0.010113864,0.091409652,0.28117219,0.10347494,-0.0073589173,0.098796369,0.27510293
0.12143972,0,0.091004547,0.20734508,0.085870849,-0.0085918848,0.086621299,0.28437263,0.1041337,-0.0062515145,0.094240555,0.27803025
0.12217112,0,0.087810618,0.2090309,0.086388025,-0.0070528455,0.081747246,0.28749904,0.10476087,-0.0051316989,0.089598652,0.28088328
0.12286505,0,0.08454801,0.21065585,0.086878709,-0.0054971638,0.076788469,0.29054939,0.10535591,-0.0039997742,0.084871546,0.28366009
0.1235209,0,0.08121727,0.21221865,0.087342468,-0.0039252671,0.071745987,0.29352167,0.1059183,-0.0028560513,0.080060167,0.28635878
0.12413807,0,0.077818978,0.21371801,0.087778874,-0.0023375931,0.066620864,0.29641387,0.10644752,-0.0017008488,0.075165488,0.28897745
0.12471597,0,0.074353747,0.21515267,0.088187506,-0.00073458952,0.061414207,0.29922401,0.10694306,-0.00053449238,0.070188524,0.2915142
0.125254,0,0.070822223,0.21652137,0.088567951,0.00088328578,0.056127169,0.30195009,0.10740442,0.00064268481,0.065130336,0.29396718
0.12575159,0,0.067225087,0.21782286,0.088919801,0.0025155651,0.050760946,0.30459014,0.1078311,0.0018303425,0.059992028,0.29633451
0.12620818,0,0.06356305,0.21905592,0.089242657,0.0041617708,0.045316778,0.3071422,0.10822262,0.003028133,0.054774746,0.29861434
0.1266232,0,0.059836861,0.22021933,0.089536126,0.0058214155,0.039795952,0.30960434,0.1085785,0.0042357019,0.049479682,0.30080485
0.12699613,0,0.056047298,0.22131188,0.089799823,0.0074940022,0.034199795,0.31197461,0.10889828,0.0054526875,0.044108071,0.30290422
0.12732642,0,0.052195178,0.2223324,0.090033372,0.0091790245,0.02852968,0.31425111,0.1091815,0.0066787213,0.03866119,0.30491065
0.12761355,0,0.048281346,0.2232797,0.090236403,0.010875966,0.022787026,0.31643193,0.10942771,0.0079134277,0.033140362,0.30682235
0.12785701,0,0.044306684,0.22415263,0.090408556,0.012584302,0.016973292,0.3185152,0.10963648,0.0091564246,0.027546951,0.30863757
0.1280563,0,0.040272108,0.22495006,0.090549479,0.014303497,0.011089983,0.32049906,0.10980737,0.010407323,0.021882367,0.31035456
0.12821094,0,0.036178565,0.22567087,0.090658828,0.016033009,0.0051386482,0.32238167,0.10993998,0.011665728,0.016148061,0.31197159
0.12832046,0,0.032027038,0.22631394,0.090736268,0.017772284,-0.00087912136,0.3241612,0.11003389,0.012931236,0.010345529,0.31348696
0.12838439,0,0.027818542,0.2268782,0.090781475,0.019520761,-0.0069616905,0.32583586,0.11008871,0.01420344,0.0044763075,0.314899
0.12840229,0,0.023554127,0.22736258,0.090794133,0.021277871,-0.013107381,0.32740388,0.11010406,0.015481925,-0.0014580216,0.31620604
0.12837373,0,0.019234875,0.22776605,0.090773934,0.023043034,-0.019314472,0.32886349,0.11007956,0.01676627,-0.0074558351,0.31740645
0.12829828,0,0.014861901,0.22808757,0.090720583,0.024815663,-0.025581201,0.33021297,0.11001487,0.018056047,-0.013515467,0.31849862
0.12817554,0,0.010436356,0.22832614,0.090633791,0.026595164,-0.031905761,0.33145063,0.10990962,0.019350824,-0.01963521,0.31948097
0.12800511,0,0.0059594198,0.22848078,0.090513284,0.028380934,-0.038286304,0.33257477,0.10976348,0.020650162,-0.025813314,0.32035195
0.12778663,0,0.0014323086,0.22855054,0.090358795,0.03017236,-0.044720942,0.33358376,0.10957613,0.021953617,-0.032047987,0.32111003
0.12751973,0,-0.0031437301,0.22853449,0.090170067,0.031968825,-0.051207744,0.33447598,0.10934727,0.023260737,-0.038337397,0.3217537
0.12720406,0,-0.0077674159,0.2284317,0.089946857,0.033769702,-0.057744737,0.33524982,0.10907659,0.024571067,-0.044679669,0.3222815
0.1268393,0,-0.012437436,0.2282413,0.08968893,0.035574356,-0.064329909,0.33590373,0.1087638,0.025884146,-0.051072889,0.32269199
0.12642512,0,-0.017152446,0.22796242,0.089396063,0.037382148,-0.070961206,0.33643619,0.10840865,0.027199508,-0.057515102,0.32298375
0.12596124,0,-0.021911068,0.22759423,0.089068045,0.039192429,-0.077636538,0.33684569,0.10801087,0.028516681,-0.064004313,0.32315541
0.12544736,0,-0.026711894,0.22713592,0.088704677,0.041004543,-0.08435377,0.33713076,0.10757022,0.029835188,-0.070538487,0.32320564
0.12488322,0,-0.031553482,0.22658671,0.088305768,0.042817831,-0.091110732,0.33728998,0.10708647,0.031154548,-0.07711555,0.32313311
0.12426856,0,-0.036434363,0.22594584,0.087871145,0.044631622,-0.097905214,0.33732195,0.10655942,0.032474275,-0.08373339,0.32293655
0.12360317,0,-0.041353033,0.22521258,0.087400641,0.046445245,-0.10473497,0.33722531,0.10598885,0.033793879,-0.090389857,0.32261473
0.12288682,0,-0.046307958,0.22438625,0.086894105,0.048258017,-0.11159771,0.33699874,0.10537458,0.035112865,-0.09708276,0.32216644
0.12211932,0,-0.051297575,0.22346616,0.086351398,0.050069253,-0.11849112,0.33664094,0.10471645,0.036430733,-0.10380987,0.32159052
0.12130048,0,-0.056320291,0.22245168,0.085772391,0.051878262,-0.12541283,0.33615068,0.1040143,0.03774698,-0.11056894,0.32088584
0.12043014,0,-0.061374481,0.2213422,0.085156971,0.053684346,-0.13236046,0.33552674,0.103268,0.0390611,-0.11735765,0.32005131
0.11950817,0,-0.066458493,0.22013715,0.084505035,0.055486804,-0.13933156,0.33476795,0.10247741,0.04037258,-0.12417368,0.31908588
0.11853443,0,-0.071570644,0.21883597,0.083816496,0.057284927,-0.14632369,0.3338732,0.10164243,0.041680907,-0.13101465,0.31798855
0.11750881,0,-0.076709225,0.21743816,0.083091278,0.059078005,-0.15333433,0.33284138,0.10076298,0.042985563,-0.13787816,0.31675835
0.11643124,0,-0.081872496,0.21594323,0.082329319,0.060865321,-0.16036096,0.33167147,0.099838964,0.044286026,-0.14476177,0.31539436
0.11530164,0,-0.08705869,0.21435072,0.08153057,0.062646154,-0.16740101,0.33036247,0.098870338,0.045581772,-0.15166301,0.3138957
0.11411996,0,-0.092266014,0.21266024,0.080694996,0.06441978,-0.17445189,0.32891342,0.097857056,0.046872274,-0.15857937,0.31226152
0.11288617,0,-0.097492647,0.21087139,0.079822576,0.06618547,-0.18151096,0.32732341,0.096799091,0.048157003,-0.16550833,0.31049105
0.11160026,0,-0.10273674,0.20898382,0.078913302,0.067942494,-0.18857558,0.32559158,0.095696435,0.049435425,-0.1724473,0.30858353
0.11026225,0,-0.10799642,0.20699724,0.077967182,0.069690115,-0.19564304,0.32371713,0.094549096,0.050707007,-0.17939369,0.30653827
0.10887215,0,-0.11326979,0.20491135,0.076984235,0.071427597,-0.20271064,0.32169927,0.093357098,0.05197121,-0.18634488,0.30435462
0.10743002,0,-0.11855493,0.20272592,0.075964497,0.073154198,-0.20977563,0.3195373,0.092120484,0.053227497,-0.1932982,0.30203196
0.10593593,0,-0.12384988,0.20044075,0.074908017,0.074869175,-0.21683524,0.31723055,0.090839314,0.054475326,-0.20025097,0.29956974
0.10438997,0,-0.12915268,0.19805568,0.073814859,0.076571783,-0.22388666,0.3147784,0.089513664,0.055714156,-0.20720047,0.29696747
0.10279225,0,-0.13446132,0.19557056,0.0726851,0.078261276,-0.23092707,0.31218028,0.088143631,0.056943442,-0.21414398,0.29422467
0.10114291,0,-0.1397738,0.19298531,0.071518834,0.079936903,-0.23795362,0.30943569,0.086729326,0.05816264,-0.22107871,0.29134095
0.09944208,0,-0.14508806,0.19029988,0.070316169,0.081597916,-0.24496344,0.30654415,0.08527088,0.059371204,-0.22800188,0.28831595
0.097689951,0,-0.15040205,0.18751426,0.069077226,0.083243562,-0.25195364,0.30350525,0.083768442,0.060568588,-0.23491068,0.28514937
0.095886712,0,-0.15571369,0.18462846,0.067802144,0.08487309,-0.25892128,0.30031866,0.082222177,0.061754244,-0.24180226,0.28184096
0.09403258,0,-0.16102086,0.18164255,0.066491075,0.086485747,-0.26586343,0.29698406,0.080632272,0.062927624,-0.24867376,0.27839052
0.09212779,0,-0.16632146,0.17855664,0.065144185,0.088080781,-0.27277714,0.29350121,0.078998928,0.064088182,-0.25552231,0.27479792
0.090172602,0,-0.17161332,0.17537086,0.063761658,0.089657438,-0.27965942,0.28986992,0.077322368,0.065235368,-0.262345,0.27106305
0.088167294,0,-0.1768943,0.17208542,0.062343692,0.091214967,-0.28650727,0.28609006,0.075602831,0.066368637,-0.26913891,0.26718591
0.086112168,0,-0.18216222,0.16870052,0.060890498,0.092752616,-0.29331768,0.28216156,0.073840575,0.067487441,-0.27590109,0.26316649
0.084007547,0,-0.18741488,0.16521644,0.059402306,0.094269633,-0.30008762,0.2780844,0.072035877,0.068591233,-0.28262859,0.25900489
0.081853774,0,-0.19265006,0.16163349,0.057879359,0.095765271,-0.30681405,0.27385862,0.070189033,0.069679469,-0.28931844,0.25470125
0.079651217,0,-0.19786555,0.15795201,0.056321916,0.09723878,-0.31349389,0.26948433,0.068300355,0.070751605,-0.29596763,0.25025574
0.077400264,0,-0.2030591,0.15417241,0.054730251,0.098689415,-0.32012408,0.26496168,0.066370178,0.071807097,-0.30257318,0.24566864
0.075101323,0,-0.20822845,0.1502951,0.053104655,0.10011643,-0.32670154,0.2602909,0.064398853,0.072845405,-0.30913205,0.24094024
0.072754827,0,-0.21337133,0.14632058,0.051445431,0.10151909,-0.33322316,0.25547227,0.062386749,0.073865988,-0.31564123,0.23607093
0.070361229,0,-0.21848547,0.14224936,0.049752902,0.10289665,-0.33968585,0.25050613,0.060334256,0.07486831,-0.32209766,0.23106111
0.067921004,0,-0.22356857,0.13808201,0.048027403,0.10424838,-0.34608649,0.24539289,0.058241781,0.075851836,-0.32849829,0.22591129
0.065434651,0,-0.22861832,0.13381913,0.046269285,0.10557354,-0.35242195,0.24013301,0.05610975,0.076816032,-0.33484007,0.22062201
0.062902688,0,-0.23363241,0.12946137,0.044478917,0.10687141,-0.35868912,0.23472703,0.05393861,0.077760369,-0.34111992,0.21519389
0.060325655,0,-0.23860852,0.12500943,0.04265668,0.10814125,-0.36488486,0.22917554,0.051728823,0.07868432,-0.34733478,0.20962758
0.057704117,0,-0.24354432,0.12046404,0.040802972,0.10938237,-0.37100603,0.22347919,0.049480872,0.079587362,-0.35348155,0.20392382
0.055038657,0,-0.24843746,0.115826,0.038918208,0.11059402,-0.3770495,0.2176387,0.047195259,0.080468973,-0.35955715,0.1980834
0.052329883,0,-0.2532856,0.11109611,0.037002815,0.11177552,-0.38301212,0.21165486,0.044872505,0.081328637,-0.3655585,0.19210719
0.049578422,0,-0.2580864,0.10627526,0.035057239,0.11292615,-0.38889076,0.20552852,0.042513146,0.082165841,-0.3714825,0.18599608
0.046784924,0,-0.26283748,0.10136437,0.033081937,0.11404521,-0.39468229,0.19926059,0.040117742,0.082980076,-0.37732606,0.17975107
0.043950062,0,-0.2675365,0.096364375,0.031077387,0.115132,-0.40038356,0.19285205,0.037686867,0.083770838,-0.38308609,0.17337319
0.041074526,0,-0.27218108,0.091276297,0.029044076,0.11618585,-0.40599144,0.18630395,0.035221116,0.084537626,-0.38875951,0.16686355
0.038159033,0,-0.27676887,0.08610118,0.026982511,0.11720608,-0.41150281,0.17961739,0.032721101,0.085279946,-0.39434322,0.16022331
0.035204318,0,-0.2812975,0.080840119,0.024893212,0.118192,-0.41691455,0.17279355,0.030187454,0.085997308,-0.39983414,0.1534537
0.032211138,0,-0.2857646,0.075494249,0.022776714,0.11914295,-0.42222355,0.16583367,0.027620823,0.086689227,-0.40522921,0.14655603
0.029180272,0,-0.2901678,0.070064755,0.020633568,0.12005827,-0.4274267,0.15873905,0.025021877,0.087355223,-0.41052534,0.13953164
0.026112517,0,-0.29450474,0.064552862,0.018464338,0.12093732,-0.4325209,0.15151108,0.022391299,0.087994823,-0.41571948,0.13238196
0.023008695,0,-0.29877306,0.058959842,0.016269604,0.12177944,-0.43750309,0.1441512,0.019729793,0.088607559,-0.42080857,0.12510846
0.019869646,0,-0.3029704,0.053287012,0.014049962,0.12258401,-0.44237019,0.1366609,0.017038081,0.089192969,-0.42578958,0.1177127
0.016696232,0,-0.30709441,0.047535732,0.011806019,0.1233504,-0.44711915,0.12904177,0.014316901,0.0897506,-0.43065948,0.1101963
0.013489334,0,-0.31114273,0.041707407,0.0095383996,0.12407799,-0.45174693,0.12129543,0.011567008,0.090280001,-0.43541525,0.10256091
0.010249854,0,-0.31511304,0.035803485,0.0072477415,0.12476618,-0.45625051,0.11342361,0.0087891776,0.090780733,-0.44005389,0.094808293
0.0069787151,0,-0.31900298,0.029825459,0.0049346968,0.12541437,-0.46062689,0.10542807,0.0059841988,0.091252359,-0.44457242,0.086940238
0.0036768583,0,-0.32281025,0.023774868,0.0025999314,0.12602197,-0.4648731,0.097310653,0.00315288,0.091694455,-0.44896786,0.078958613
0.00034524563,0,-0.32653252,0.017653291,0.00024412552,0.12658841,-0.46898615,0.089073262,0.00029604569,0.092106599,-0.45323728,0.070865347
-0.0030151418,0,-0.33016749,0.011462352,-0.0021320272,0.12711312,-0.47296314,0.080717872,-0.0025854627,0.09248838,-0.45737774,0.062662433
-0.0064033034,0,-0.33371287,0.00520372,-0.0045278193,0.12759554,-0.47680112,0.072246519,-0.0054907874,0.092839395,-0.46138635,0.054351925
-0.0098182199,0,-0.33716638,-0.0011208952,-0.0069425299,0.12803514,-0.48049723,0.06366131,-0.0084190541,0.093159248,-0.4652602,0.045935943
-0.013258853,0,-0.34052575,-0.00750974,-0.0093754248,0.12843138,-0.4840486,0.054964413,-0.011369373,0.093447553,-0.46899646,0.037416665
-0.016724146,0,-0.34378873,-0.013961018,-0.011825757,0.12878373,-0.4874524,0.046158065,-0.014340837,0.09370393,-0.47259228,0.028796336
-0.020213023,0,-0.34695309,-0.020472891,-0.014292766,0.1290917,-0.49070582,0.037244567,-0.017332524,0.093928011,-0.47604486,0.02007726
-0.023724392,0,-0.35001661,-0.027043478,-0.016775678,0.12935479,-0.4938061,0.028226286,-0.020343498,0.094119436,-0.47935142,0.011261804
-0.027257141,0,-0.35297708,-0.033670858,-0.019273709,0.12957252,-0.4967505,0.019105652,-0.023372805,0.094277853,-0.48250922,0.0023523951
-0.030810142,0,-0.35583233,-0.040353067,-0.02178606,0.12974441,-0.4995363,0.0098851612,-0.026419479,0.094402922,-0.48551553,-0.0066484763
-0.03438225,0,-0.3585802,-0.047088101,-0.024311922,0.12987001,-0.50216085,0.00056737302,-0.029482536,0.09449431,-0.48836768,-0.015738261
-0.037972301,0,-0.36121855,-0.053873915,-0.026850472,0.12994888,-0.50462151,-0.0088450893,-0.03256098,0.094551696,-0.49106302,-0.024914348
-0.041579118,0,-0.36374526,-0.060708423,-0.029400876,0.12998059,-0.50691569,-0.018349539,-0.035653799,0.09457477,-0.49359894,-0.034174068
-0.045201503,0,-0.36615823,-0.067589502,-0.031962289,0.12996473,-0.50904084,-0.027943227,-0.038759969,0.094563229,-0.49597285,-0.043514692
-0.048838247,0,-0.36845541,-0.074514987,-0.034533856,0.12990089,-0.51099443,-0.037623342,-0.041878452,0.094516783,-0.49818222,-0.052933432
-0.052488122,0,-0.37063474,-0.081482677,-0.037114707,0.1297887,-0.51277401,-0.047387009,-0.045008194,0.094435154,-0.50022456,-0.062427441
-0.056149887,0,-0.3726942,-0.088490329,-0.039703966,0.12962779,-0.51437714,-0.057231295,-0.048148131,0.094318071,-0.5020974,-0.071993816
-0.059822283,0,-0.37463182,-0.095535665,-0.042300742,0.1294178,-0.51580144,-0.067153204,-0.051297184,0.094165279,-0.50379833,-0.081629595
-0.063504039,0,-0.37644562,-0.10261637,-0.044904137,0.12915839,-0.51704459,-0.077149679,-0.054454265,0.09397653,-0.50532498,-0.091331761
-0.067193871,0,-0.37813369,-0.10973009,-0.047513242,0.12884924,-0.51810429,-0.087217608,-0.057618269,0.09375159,-0.50667503,-0.10109724
-0.070890477,0,-0.37969411,-0.11687444,-0.050127137,0.12849004,-0.51897831,-0.097353814,-0.060788083,0.093490237,-0.50784619,-0.11092291
-0.074592546,0,-0.38112502,-0.12404699,-0.052744895,0.12808051,-0.51966447,-0.10755507,-0.06396258,0.093192259,-0.50883624,-0.12080557
-0.078298751,0,-0.38242459,-0.13124528,-0.055365578,0.12762037,-0.52016062,-0.11781808,-0.067140625,0.092857459,-0.509643,-0.130742
-0.082007753,0,-0.38359101,-0.13846682,-0.057988239,0.12710937,-0.5204647,-0.1281395,-0.070321068,0.092485649,-0.51026432,-0.14072891
-0.085718203,0,-0.38462253,-0.14570909,-0.060611923,0.12654726,-0.52057467,-0.13851593,-0.073502753,0.092076656,-0.51069815,-0.15076295
-0.089428737,0,-0.38551741,-0.15296952,-0.063235667,0.12593383,-0.52048857,-0.14894392,-0.07668451,0.091630318,-0.51094244,-0.16084073
-0.093137982,0,-0.38627395,-0.16024552,-0.065858499,0.12526886,-0.52020449,-0.15941995,-0.079865161,0.091146487,-0.51099523,-0.17095881
-0.096844554,0,-0.38689052,-0.16753446,-0.068479441,0.12455219,-0.51972057,-0.16994045,-0.08304352,0.090625028,-0.51085461,-0.18111369
-0.10054706,0,-0.38736548,-0.1748337,-0.071097505,0.12378363,-0.51903503,-0.18050182,-0.086218389,0.090065818,-0.51051872,-0.19130183
-0.10424408,0,-0.38769728,-0.18214055,-0.073711699,0.12296303,-0.51814613,-0.19110038,-0.089388565,0.089468747,-0.50998576,-0.20151965
-0.10793422,0,-0.38788437,-0.18945229,-0.076321022,0.12209027,-0.51705222,-0.20173242,-0.092552834,0.088833721,-0.50925399,-0.2117635
-0.11161605,0,-0.38792526,-0.19676618,-0.078924467,0.12116523,-0.51575168,-0.21239417,-0.095709975,0.088160657,-0.50832174,-0.2220297
-0.11528813,0,-0.38781852,-0.20407946,-0.081521022,0.12018782,-0.51424298,-0.2230818,-0.09885876,0.087449486,-0.50718738,-0.23231453
-0.11894903,0,-0.38756273,-0.21138932,-0.084109668,0.11915796,-0.51252465,-0.23379147,-0.10199795,0.086700154,-0.50584938,-0.24261422
-0.1225973,0,-0.38715654,-0.21869294,-0.086689381,0.1180756,-0.51059529,-0.24451925,-0.10512632,0.085912621,-0.50430624,-0.25292495
-0.12623148,0,-0.38659864,-0.22598747,-0.089259133,0.1169407,-0.50845357,-0.2552612,-0.1082426,0.08508686,-0.50255655,-0.26324286
-0.1298501,0,-0.38588776,-0.23327004,-0.091817889,0.11575325,-0.50609821,-0.26601331,-0.11134555,0.084222859,-0.50059895,-0.27356408
-0.13345172,0,-0.3850227,-0.24053776,-0.094364613,0.11451324,-0.50352803,-0.27677154,-0.1144339,0.083320619,-0.49843216,-0.28388465
-0.13703484,0,-0.38400228,-0.24778771,-0.096898262,0.1132207,-0.50074192,-0.28753181,-0.1175064,0.082380159,-0.49605496,-0.2942006
-0.14059799,0,-0.38282539,-0.25501695,-0.099417792,0.11187567,-0.49773882,-0.29828999,-0.12056178,0.081401508,-0.49346621,-0.30450794
-0.14413969,0,-0.38149096,-0.26222251,-0.10192215,0.11047822,-0.49451777,-0.30904192,-0.12359876,0.080384712,-0.49066485,-0.3148026
-0.14765845,0,-0.37999799,-0.26940142,-0.10441029,0.10902843,-0.49107787,-0.3197834,-0.12661608,0.079329833,-0.48764987,-0.32508052
-0.15115279,0,-0.37834551,-0.27655067,-0.10688116,0.1075264,-0.48741831,-0.33051019,-0.12961245,0.078236946,-0.48442035,-0.33533758
-0.1546212,0,-0.37653262,-0.28366726,-0.1093337,0.10597225,-0.48353834,-0.34121802,-0.13258658,0.077106141,-0.48097544,-0.34556964
-0.1580622,0,-0.37455847,-0.29074816,-0.11176685,0.10436614,-0.47943731,-0.35190258,-0.13553721,0.075937525,-0.47731438,-0.35577253
-0.16147428,0,-0.37242225,-0.2977903,-0.11417956,0.10270823,-0.47511464,-0.36255953,-0.13846305,0.074731217,-0.47343646,-0.36594203
-0.16485594,0,-0.37012324,-0.30479063,-0.11657076,0.10099871,-0.47056983,-0.3731845,-0.14136281,0.073487353,-0.46934106,-0.37607393
-0.1682057,0,-0.36766075,-0.31174608,-0.11893939,0.099237774,-0.46580246,-0.38377309,-0.1442352,0.072206086,-0.46502767,-0.38616396
-0.17152205,0,-0.36503416,-0.31865355,-0.1212844,0.097425663,-0.46081221,-0.39432087,-0.14707894,0.070887582,-0.46049581,-0.39620784
-0.17480348,0,-0.36224289,-0.32550995,-0.12360473,0.095562624,-0.45559882,-0.40482339,-0.14989275,0.069532022,-0.45574512,-0.40620127
-0.17804851,0,-0.35928646,-0.33231216,-0.12589931,0.093648929,-0.45016213,-0.41527617,-0.15267534,0.068139604,-0.4507753,-0.41613993
-0.18125564,0,-0.3561644,-0.33905707,-0.12816709,0.09168487,-0.44450206,-0.4256747,-0.15542543,0.066710542,-0.44558614,-0.42601945
-0.18442336,0,-0.35287634,-0.34574156,-0.13040701,0.089670762,-0.43861863,-0.43601445,-0.15814173,0.065245063,-0.44017752,-0.43583549
-0.1875502,0,-0.34942196,-0.35236248,-0.13261802,0.08760694,-0.43251192,-0.44629089,-0.16082297,0.063743412,-0.43454939,-0.44558365
-0.19063467,0,-0.34580099,-0.3589167,-0.13479907,0.085493761,-0.42618213,-0.45649944,-0.16346788,0.062205848,-0.42870181,-0.45525955
-0.19367528,0,-0.34201325,-0.36540108,-0.1369491,0.083331604,-0.41962953,-0.46663553,-0.16607518,0.060632648,-0.42263491,-0.46485876
-0.19667055,0,-0.33805859,-0.37181247,-0.13906708,0.081120868,-0.41285448,-0.47669456,-0.16864361,0.059024101,-0.4163489,-0.47437686
-0.19961901,0,-0.33393695,-0.37814773,-0.14115196,0.078861975,-0.40585744,-0.48667191,-0.17117189,0.057380515,-0.4098441,-0.48380943
-0.2025192,0,-0.32964834,-0.3844037,-0.1432027,0.076555368,-0.39863896,-0.49656296,-0.17365878,0.055702212,-0.40312089,-0.493152
-0.20536964,0,-0.3251928,-0.39057724,-0.14521827,0.074201512,-0.39119966,-0.50636307,-0.17610301,0.05398953,-0.39617977,-0.50240014
-0.20816889,0,-0.32057048,-0.3966652,-0.14719764,0.071800892,-0.38354029,-0.51606762,-0.17850335,0.052242823,-0.38902132,-0.51154938
-0.21091551,0,-0.31578156,-0.40266443,-0.14913979,0.069354018,-0.37566166,-0.52567193,-0.18085856,0.05046246,-0.38164619,-0.52059527
-0.21360805,0,-0.31082632,-0.40857181,-0.1510437,0.066861417,-0.36756469,-0.53517137,-0.18316739,0.048648826,-0.37405514,-0.52953334
-0.21624508,0,-0.30570509,-0.4143842,-0.15290836,0.06432364,-0.35925039,-0.54456127,-0.18542863,0.046802322,-0.36624903,-0.53835913
-0.21882519,0,-0.30041826,-0.42009846,-0.15473278,0.061741259,-0.35071987,-0.55383698,-0.18764106,0.044923365,-0.3582288,-0.54706818
-0.22134697,0,-0.29496631,-0.42571149,-0.15651594,0.059114868,-0.34197434,-0.56299383,-0.18980346,0.043012384,-0.34999549,-0.55565602
-0.22380902,0,-0.28934978,-0.43122018,-0.15825687,0.056445081,-0.33301507,-0.57202716,-0.19191465,0.041069829,-0.34155021,-0.5641182
-0.22620995,0,-0.28356928,-0.43662142,-0.15995459,0.053732535,-0.32384347,-0.58093234,-0.19397343,0.039096162,-0.3328942,-0.57245027
-0.22854838,0,-0.27762548,-0.44191213,-0.16160811,0.050977885,-0.31446103,-0.5897047,-0.19597862,0.03709186,-0.32402877,-0.58064781
-0.23082296,0,-0.27151915,-0.44708925,-0.16321648,0.048181811,-0.30486933,-0.59833961,-0.19792906,0.035057417,-0.31495532,-0.58870636
-0.23303234,0,-0.26525109,-0.45214971,-0.16477875,0.045345011,-0.29507005,-0.60683245,-0.19982359,0.032993342,-0.30567537,-0.59662153
-0.23517518,0,-0.25882222,-0.45709047,-0.16629397,0.042468205,-0.28506497,-0.61517859,-0.20166106,0.030900158,-0.29619052,-0.60438891
-0.23725017,0,-0.25223348,-0.46190851,-0.1677612,0.039552134,-0.27485597,-0.62337343,-0.20344034,0.028778405,-0.28650246,-0.6120041
-0.23925599,0,-0.24548591,-0.46660083,-0.16917953,0.03659756,-0.26444502,-0.63141238,-0.20516032,0.026628636,-0.27661299,-0.61946275
-0.24119136,0,-0.23858064,-0.47116444,-0.17054804,0.033605263,-0.25383418,-0.63929088,-0.20681988,0.02445142,-0.26652398,-0.6267605
-0.243055,0,-0.23151883,-0.47559637,-0.17186584,0.030576046,-0.24302564,-0.64700437,-0.20841794,0.022247341,-0.25623743,-0.63389303
-0.24484566,0,-0.22430175,-0.4798937,-0.17313203,0.027510731,-0.23202164,-0.65454832,-0.20995342,0.020016997,-0.24575541,-0.64085604
-0.24656211,0,-0.21693072,-0.48405349,-0.17434574,0.02441016,-0.22082457,-0.66191824,-0.21142526,0.017761,-0.2350801,-0.64764524
-0.24820312,0,-0.20940714,-0.48807288,-0.17550611,0.021275196,-0.20943687,-0.66910963,-0.21283242,0.015479979,-0.22421376,-0.65425638
-0.24976749,0,-0.20173248,-0.49194898,-0.17661228,0.018106721,-0.19786112,-0.67611805,-0.21417385,0.013174575,-0.21315878,-0.66068525
-0.25125404,0,-0.1939083,-0.49567898,-0.17766343,0.014905635,-0.18609995,-0.68293908,-0.21544856,0.010845443,-0.2019176,-0.66692766
-0.25266161,0,-0.1859362,-0.49926005,-0.17865874,0.01167286,-0.17415614,-0.68956832,-0.21665554,0.0084932531,-0.1904928,-0.67297944
-0.25398905,0,-0.1778179,-0.50268944,-0.17959738,0.0084093346,-0.16203252,-0.69600142,-0.21779382,0.0061186897,-0.17888701,-0.67883648
-0.25523526,0,-0.16955514,-0.5059644,-0.18047858,0.0051160181,-0.14973205,-0.70223406,-0.21886243,0.00372245,-0.167103,-0.68449469
-0.25639913,0,-0.16114978,-0.50908222,-0.18130156,0.0017938875,-0.13725777,-0.70826195,-0.21986044,0.0013052449,-0.15514362,-0.68995003
-0.25747958,0,-0.15260373,-0.51204024,-0.18206556,-0.0015560615,-0.12461282,-0.71408086,-0.22078692,-0.001132201,-0.14301179,-0.69519849
-0.25847557,0,-0.14391896,-0.51483581,-0.18276983,-0.0049328151,-0.11180043,-0.71968657,-0.22164098,-0.0035891502,-0.13071056,-0.70023612
-0.25938607,0,-0.13509755,-0.51746635,-0.18341365,-0.0083353415,-0.098823944,-0.72507494,-0.22242172,-0.0060648518,-0.11824306,-0.705059
-0.26021007,0,-0.12614161,-0.5199293,-0.18399631,-0.011762591,-0.085686782,-0.73024185,-0.2231283,-0.0085585424,-0.10561251,-0.70966326
-0.2609466,0,-0.11705337,-0.52222213,-0.18451711,-0.015213498,-0.072392467,-0.73518323,-0.22375986,-0.011069446,-0.092822231,-0.71404509
-0.26159469,0,-0.10783508,-0.52434239,-0.18497538,-0.018686977,-0.058944615,-0.73989508,-0.2243156,-0.013596773,-0.079875636,-0.7182007
-0.26215343,0,-0.098489116,-0.52628764,-0.18537047,-0.022181928,-0.045346933,-0.74437343,-0.22479471,-0.016139723,-0.066776228,-0.7221264
-0.26262191,0,-0.08901788,-0.52805548,-0.18570174,-0.025697233,-0.031603225,-0.74861439,-0.22519643,-0.018697484,-0.053527605,-0.72581851
-0.26299926,0,-0.07942387,-0.5296436,-0.18596856,-0.02923176,-0.017717384,-0.75261408,-0.22552,-0.02126923,-0.040133453,-0.72927344
-0.26328463,0,-0.069709651,-0.53104969,-0.18617034,-0.032784358,-0.003693396,-0.75636874,-0.2257647,-0.023854124,-0.026597554,-0.73248763
-0.26347719,0,-0.059877855,-0.53227151,-0.18630651,-0.036353863,0.010464662,-0.75987462,-0.22592983,-0.02645132,-0.012923775,-0.73545762
-0.26357617,0,-0.049931189,-0.53330687,-0.1863765,-0.039939093,0.024752624,-0.76312805,-0.2260147,-0.029059959,0.00088392267,-0.73817996
-0.2635808,0,-0.039872427,-0.53415364,-0.18637977,-0.043538855,0.039166234,-0.76612543,-0.22601867,-0.03167917,0.014821491,-0.74065132
-0.26349035,0,-0.029704413,-0.53480972,-0.18631581,-0.047151938,0.053701148,-0.76886323,-0.22594111,-0.034308074,0.028884795,-0.74286839
-0.26330412,0,-0.01943006,-0.53527308,-0.18618413,-0.050777117,0.068352935,-0.77133797,-0.22578142,-0.03694578,0.04306961,-0.74482796
-0.26302143,0,-0.0090523519,-0.53554175,-0.18598424,-0.054413156,0.083117077,-0.77354625,-0.22553902,-0.039591386,0.057371625,-0.74652688
-0.26264166,0,0.0014256634,-0.5356138,-0.1857157,-0.058058802,0.097988971,-0.77548475,-0.22521336,-0.042243984,0.071786447,-0.74796206
-0.26216418,0,0.012000869,-0.53548737,-0.18537807,-0.061712791,0.11296393,-0.77715022,-0.22480393,-0.044902651,0.086309595,-0.7491305
-0.26158843,0,0.02267008,-0.53516067,-0.18497095,-0.065373846,0.12803718,-0.77853948,-0.22431023,-0.04756646,0.1009365,-0.75002927
-0.26091386,0,0.033430048,-0.53463195,-0.18449396,-0.069040677,0.14320387,-0.77964942,-0.22373179,-0.050234471,0.11566253,-0.75065553
-0.26013996,0,0.044277457,-0.53389952,-0.18394673,-0.072711983,0.15845907,-0.78047705,-0.22306817,-0.052905738,0.13048295,-0.75100649
-0.25926626,0,0.055208929,-0.53296178,-0.18332893,-0.07638645,0.17379776,-0.78101941,-0.22231898,-0.055579306,0.14539295,-0.75107948
-0.25829231,0,0.06622102,-0.53181717,-0.18264024,-0.080062754,0.18921485,-0.78127367,-0.22148383,-0.05825421,0.16038764,-0.75087188
-0.2572177,0,0.077310224,-0.5304642,-0.18188038,-0.08373956,0.20470516,-0.78123705,-0.22056236,-0.06092948,0.17546207,-0.75038117
-0.25604207,0,0.088472973,-0.52890145,-0.18104908,-0.087415524,0.22026347,-0.78090688,-0.21955426,-0.063604136,0.19061119,-0.74960491
-0.25476506,0,0.099705637,-0.52712757,-0.1801461,-0.09108929,0.23588444,-0.78028057,-0.21845924,-0.066277194,0.20582989,-0.74854077
-0.25338639,0,0.11100453,-0.52514128,-0.17917123,-0.094759495,0.25156268,-0.77935563,-0.21727703,-0.06894766,0.22111297,-0.74718649
-0.25190577,0,0.12236589,-0.52294136,-0.17812428,-0.098424764,0.26729273,-0.77812966,-0.21600742,-0.071614535,0.23645518,-0.7455399
-0.25032299,0,0.13378593,-0.52052667,-0.17700508,-0.10208372,0.28306905,-0.77660034,-0.21465019,-0.074276814,0.25185118,-0.74359892
-0.24863784,0,0.14526077,-0.51789615,-0.17581351,-0.10573496,0.29888605,-0.77476548,-0.21320519,-0.076933486,0.26729558,-0.7413616
-0.24685018,0,0.15678648,-0.51504878,-0.17454943,-0.10937711,0.31473804,-0.77262296,-0.21167228,-0.079583534,0.28278289,-0.73882605
-0.24495987,0,0.16835911,-0.51198366,-0.17321279,-0.11300874,0.33061931,-0.77017076,-0.21005136,-0.082225938,0.29830758,-0.73599049
-0.24296684,0,0.17997461,-0.50869994,-0.1718035,-0.11662846,0.34652404,-0.76740699,-0.20834235,-0.084859669,0.31386405,-0.73285324
-0.24087104,0,0.19162889,-0.50519684,-0.17032155,-0.12023484,0.36244637,-0.76432984,-0.20654521,-0.087483698,0.32944664,-0.72941273
-0.23867247,0,0.20331783,-0.50147367,-0.16876692,-0.12382647,0.3783804,-0.7609376,-0.20465995,-0.090096989,0.34504962,-0.72566748
-0.23637115,0,0.21503723,-0.49752983,-0.16713964,-0.12740191,0.39432013,-0.7572287,-0.20268659,-0.092698505,0.3606672,-0.72161613
-0.23396716,0,0.22678287,-0.49336477,-0.16543977,-0.13095973,0.41025954,-0.75320163,-0.20062519,-0.095287203,0.37629354,-0.71725741
-0.23146061,0,0.23855044,-0.48897804,-0.16366737,-0.13449851,0.42619253,-0.74885505,-0.19847584,-0.097862039,0.39192274,-0.71259017
-0.22885165,0,0.25033563,-0.48436927,-0.16182256,-0.13801679,0.44211296,-0.74418767,-0.19623867,-0.10042197,0.40754884,-0.70761336
-0.22614047,0,0.26213404,-0.47953817,-0.15990546,-0.14151314,0.45801464,-0.73919836,-0.19391385,-0.10296593,0.42316584,-0.70232604
-0.22332729,0,0.27394127,-0.47448452,-0.15791624,-0.14498611,0.47389134,-0.73388609,-0.19150157,-0.10549289,0.43876767,-0.69672741
-0.22041239,0,0.28575284,-0.46920821,-0.1558551,-0.14843426,0.48973675,-0.72824993,-0.18900207,-0.10800178,0.45434824,-0.69081674
-0.21739607,0,0.29756425,-0.4637092,-0.15372223,-0.15185613,0.50554455,-0.72228908,-0.18641559,-0.11049156,0.46990138,-0.68459345
-0.21427868,0,0.30937095,-0.45798753,-0.15151791,-0.15525028,0.52130836,-0.71600288,-0.18374245,-0.11296117,0.48542091,-0.67805705
-0.21106061,0,0.32116836,-0.45204333,-0.14924239,-0.15861526,0.53702177,-0.70939076,-0.18098298,-0.11540956,0.50090057,-0.67120718
-0.20774229,0,0.33295184,-0.44587683,-0.14689598,-0.16194962,0.55267832,-0.70245228,-0.17813754,-0.11783566,0.51633408,-0.6640436
-0.20432419,0,0.34471675,-0.43948832,-0.14447902,-0.16525192,0.56827153,-0.69518712,-0.17520655,-0.12023843,0.53171514,-0.65656618
-0.20080682,0,0.35645838,-0.43287821,-0.14199186,-0.1685207,0.58379487,-0.6875951,-0.17219043,-0.12261682,0.54703738,-0.64877493
-0.19719074,0,0.36817201,-0.42604697,-0.13943491,-0.17175453,0.59924179,-0.67967616,-0.16908966,-0.12496977,0.56229441,-0.64066995
-0.19347653,0,0.37985289,-0.41899519,-0.13680857,-0.17495195,0.61460571,-0.67143034,-0.16590476,-0.12729624,0.57747981,-0.6322515
-0.18966484,0,0.39149622,-0.41172351,-0.13411329,-0.17811153,0.62988001,-0.66285784,-0.16263626,-0.12959518,0.59258712,-0.62351992
-0.18575633,0,0.4030972,-0.4042327,-0.13134956,-0.18123185,0.64505806,-0.65395899,-0.15928474,-0.13186554,0.60760988,-0.61447573
-0.18175173,0,0.41465098,-0.3965236,-0.12851788,-0.18431145,0.66013321,-0.64473421,-0.15585082,-0.13410628,0.62254158,-0.60511952
-0.17765179,0,0.4261527,-0.38859715,-0.12561879,-0.18734893,0.67509878,-0.6351841,-0.15233516,-0.13631637,0.63737569,-0.59545204
-0.17345731,0,0.43759747,-0.38045436,-0.12265284,-0.19034285,0.68994808,-0.62530935,-0.14873842,-0.13849477,0.65210566,-0.58547415
-0.16916914,0,0.44898038,-0.37209637,-0.11962064,-0.19329181,0.70467439,-0.61511082,-0.14506134,-0.14064045,0.66672493,-0.57518686
-0.16478814,0,0.46029651,-0.36352439,-0.11652281,-0.19619439,0.71927101,-0.60458947,-0.14130467,-0.14275239,0.68122693,-0.56459129
-0.16031526,0,0.4715409,-0.35473972,-0.11336,-0.1990492,0.73373119,-0.59374641,-0.1374692,-0.14482957,0.69560506,-0.55368869
-0.15575144,0,0.4827086,-0.34574375,-0.1101329,-0.20185484,0.74804822,-0.58258288,-0.13355576,-0.14687097,0.70985271,-0.54248044
-0.15109769,0,0.49379464,-0.33653799,-0.1068422,-0.20460992,0.76221534,-0.57110027,-0.1295652,-0.14887559,0.72396329,-0.53096806
-0.14635507,0,0.50479402,-0.32712402,-0.10348866,-0.20731308,0.77622582,-0.55930008,-0.12549843,-0.15084242,0.73793016,-0.5191532
-0.14152464,0,0.51570176,-0.31750352,-0.10007304,-0.20996294,0.79007291,-0.54718397,-0.12135638,-0.15277048,0.75174672,-0.50703763
-0.13660756,0,0.52651284,-0.30767827,-0.096596129,-0.21255816,0.80374988,-0.53475373,-0.11714001,-0.15465878,0.76540635,-0.49462327
-0.13160497,0,0.53722226,-0.29765013,-0.093058765,-0.21509737,0.81725,-0.52201128,-0.11285033,-0.15650633,0.77890243,-0.48191215
-0.12651809,0,0.547825,-0.28742108,-0.089461797,-0.21757925,0.83056655,-0.50895868,-0.10848836,-0.15831216,0.79222835,-0.46890645
-0.12134816,0,0.55831604,-0.27699316,-0.085806108,-0.22000248,0.84369281,-0.49559813,-0.10405519,-0.16007532,0.80537751,-0.45560848
-0.11609648,0,0.56869038,-0.26636853,-0.082092608,-0.22236575,0.8566221,-0.48193199,-0.09955191,-0.16179485,0.81834332,-0.44202068
-0.11076437,0,0.57894298,-0.25554944,-0.078322236,-0.22466775,0.86934773,-0.46796272,-0.094979663,-0.1634698,0.83111919,-0.42814563
-0.1053532,0,0.58906885,-0.24453823,-0.07449596,-0.22690722,0.88186305,-0.45369295,-0.090339621,-0.16509925,0.84369856,-0.41398603
-0.09986437,0,0.59906297,-0.23333734,-0.070614773,-0.22908287,0.89416142,-0.43912543,-0.085632991,-0.16668227,0.8560749,-0.39954473
-0.094299334,0,0.60892034,-0.2219493,-0.066679699,-0.23119345,0.90623623,-0.42426307,-0.080861012,-0.16821795,0.86824167,-0.38482471
-0.088659574,0,0.61863599,-0.21037673,-0.062691786,-0.23323773,0.91808091,-0.4091089,-0.076024957,-0.16970538,0.88019238,-0.36982907
-0.082946611,0,0.62820492,-0.19862236,-0.058652111,-0.23521449,0.92968891,-0.3936661,-0.071126132,-0.17114368,0.89192055,-0.35456107
-0.077162007,0,0.63762219,-0.186689,-0.054561779,-0.23712251,0.9410537,-0.37793799,-0.066165875,-0.17253197,0.90341975,-0.33902408
-0.071307362,0,0.64688284,-0.17457955,-0.050421919,-0.23896061,0.95216882,-0.36192803,-0.061145558,-0.17386938,0.91468356,-0.32322161
-0.06538431,0,0.65598194,-0.16229701,-0.046233689,-0.24072761,0.96302782,-0.34563981,-0.056066583,-0.17515506,0.92570561,-0.30715731
-0.059394526,0,0.66491459,-0.14984447,-0.041998272,-0.24242237,0.97362431,-0.32907707,-0.050930386,-0.17638818,0.93647956,-0.29083497
-0.05333972,0,0.67367589,-0.13722512,-0.037716878,-0.24404375,0.98395194,-0.31224368,-0.045738433,-0.17756791,0.94699912,-0.27425848
-0.047221638,0,0.682261,-0.12444224,-0.033390741,-0.24559063,0.99400442,-0.29514367,-0.040492221,-0.17869343,0.95725804,-0.2574319
-0.041042063,0,0.69066508,-0.1114992,-0.029021121,-0.24706192,1.0037755,-0.27778117,-0.035193279,-0.17976395,0.96725011,-0.2403594
-0.034802813,0,0.69888332,-0.098399441,-0.024609305,-0.24845655,1.013259,-0.26016049,-0.029843166,-0.1807787,0.97696918,-0.22304529
-0.028505741,0,0.70691094,-0.085146526,-0.020156603,-0.24977347,1.0224487,-0.24228605,-0.024443471,-0.18173689,0.98640914,-0.20549401
-0.022152733,0,0.71474321,-0.07174409,-0.015664348,-0.25101163,1.0313386,-0.22416241,-0.018995812,-0.18263779,0.99556395,-0.18771013
-0.015745713,0,0.72237542,-0.058195861,-0.0111339,-0.25217004,1.0399227,-0.20579427,-0.013501837,-0.18348066,1.0044276,-0.16969835
-0.0092866347,0,0.72980289,-0.044505655,-0.0065666424,-0.25324771,1.048195,-0.18718648,-0.0079632235,-0.18426477,1.0129942,-0.15146348
-0.0027774869,0,0.73702102,-0.030677376,-0.0019639798,-0.25424367,1.0561497,-0.16834399,-0.0023816753,-0.18498944,1.0212579,-0.1330105
0.0037797096,0,0.7440252,-0.016715014,0.0026726582,-0.25515698,1.0637809,-0.14927192,0.0032410742,-0.18565397,1.0292128,-0.11434448
0.010382902,0,0.75081089,-0.0026226462,0.0073418202,-0.25598674,1.0710829,-0.12997551,0.0089032648,-0.18625771,1.0368533,-0.095470633
0.017030005,0,0.7573736,0.011595566,0.012042032,-0.25673204,1.07805,-0.11046011,0.014603109,-0.1868,1.0441736,-0.076394292
0.023718905,0,0.76370887,0.025935376,0.016771799,-0.25739202,1.0846768,-0.090731242,0.020338793,-0.18728021,1.0511683,-0.057120915
0.030447456,0,0.76981232,0.040392455,0.021529602,-0.25796585,1.0909577,-0.070794526,0.026108478,-0.18769773,1.0578317,-0.037656086
0.037213482,0,0.7756796,0.05496239,0.026313905,-0.25845272,1.0968872,-0.050655725,0.031910297,-0.18805197,1.0641586,-0.01800551
0.04401478,0,0.78130642,0.069640688,0.031123149,-0.25885183,1.1024601,-0.030320727,0.037742362,-0.18834237,1.0701435,0.0018249895
0.050849116,0,0.78668854,0.084422776,0.035955755,-0.25916242,1.1076712,-0.0097955459,0.043602757,-0.18856836,1.0757811,0.021829466
0.057714231,0,0.79182179,0.099303999,0.040810124,-0.25938378,1.1125153,0.010913677,0.049489545,-0.18872942,1.0810664,0.042001857
0.064607838,0,0.79670206,0.11427963,0.04568464,-0.25951519,1.1169874,0.031800679,0.055400764,-0.18882504,1.0859943,0.062335982
0.071527622,0,0.8013253,0.12934485,0.050577667,-0.25955598,1.1210826,0.052859073,0.06133443,-0.18885471,1.0905597,0.082825544
0.078471245,0,0.80568752,0.14449479,0.05548755,-0.25950551,1.1247961,0.074082351,0.067288538,-0.18881799,1.0947579,0.10346413
0.085436342,0,0.80978483,0.15972449,0.060412617,-0.25936315,1.128123,0.095463885,0.073261059,-0.18871441,1.098584,0.12424523
0.092420524,0,0.81361336,0.17502891,0.065351179,-0.25912834,1.1310589,0.11699693,0.079249946,-0.18854356,1.1020333,0.14516219
0.09942138,0,0.81716934,0.19040295,0.070301532,-0.2588005,1.1335993,0.13867463,0.08525313,-0.18830503,1.1051014,0.16620828
0.10643647,0,0.82044908,0.20584143,0.075261953,-0.25837913,1.1357396,0.16049,0.091268524,-0.18799843,1.1077837,0.18737666
0.11346335,0,0.82344896,0.22133912,0.080230705,-0.25786372,1.1374758,0.18243596,0.097294021,-0.18762341,1.1100759,0.20866035
0.12049953,0,0.82616543,0.23689071,0.085206037,-0.25725381,1.1388035,0.2045053,0.1033275,-0.18717964,1.1119737,0.2300523
0.12754252,0,0.82859502,0.25249081,0.090186182,-0.25654899,1.1397189,0.22669071,0.10936681,-0.18666681,1.1134731,0.25154536
0.1345898,0,0.83073437,0.26813399,0.095169359,-0.25574884,1.140218,0.24898479,0.1154098,-0.18608461,1.11457,0.27313225
0.14163883,0,0.83258015,0.28381475,0.10015378,-0.25485301,1.140297,0.27138,0.12145429,-0.1854328,1.1152606,0.29480561
0.14868706,0,0.83412918,0.29952751,0.10513763,-0.25386117,1.1399523,0.29386873,0.1274981,-0.18471113,1.1155411,0.316558
0.15573191,0,0.83537833,0.31526666,0.11011909,-0.25277302,1.1391804,0.31644325,0.13353901,-0.18391939,1.1154079,0.33838185
0.16277081,0,0.83632456,0.3310265,0.11509634,-0.2515883,1.137978,0.33909573,0.13957482,-0.18305738,1.1148575,0.36026954
0.16980114,0,0.83696494,0.34680131,0.12006754,-0.25030678,1.1363416,0.36181825,0.14560328,-0.18212493,1.1138866,0.38221332
0.1768203,0,0.83729662,0.36258529,0.12503083,-0.24892826,1.1342684,0.3846028,0.15162215,-0.18112191,1.1124919,0.40420537
0.18382564,0,0.83731685,0.37837258,0.12998436,-0.24745259,1.1317553,0.40744128,0.15762919,-0.18004821,1.1106703,0.4262378
0.19081453,0,0.83702299,0.39415731,0.13492625,-0.24587965,1.1287995,0.43032547,0.16362211,-0.17890372,1.1084188,0.44830261
0.19778432,0,0.83641249,0.40993351,0.13985463,-0.24420934,1.1253984,0.45324711,0.16959865,-0.17768839,1.1057347,0.47039175
0.20473233,0,0.83548289,0.4256952,0.14476762,-0.24244161,1.1215494,0.47619783,0.17555653,-0.17640218,1.1026153,0.49249706
0.2116559,0,0.83423185,0.44143633,0.14966332,-0.24057645,1.1172502,0.49916917,0.18149343,-0.17504508,1.0990581,0.51461033
0.21855233,0,0.83265714,0.45715083,0.15453984,-0.23861387,1.1124986,0.5221526,0.18740708,-0.17361709,1.0950607,0.53672326
0.22541894,0,0.83075662,0.47283256,0.15939526,-0.23655393,1.1072926,0.54513953,0.19329515,-0.17211826,1.0906208,0.5588275
0.23225304,0,0.82852826,0.48847538,0.1642277,-0.23439672,1.1016301,0.56812127,0.19915534,-0.17054866,1.0857365,0.58091461
0.2390519,0,0.82597017,0.50407308,0.16903522,-0.23214237,1.0955096,0.59108907,0.20498532,-0.16890839,1.0804057,0.60297611
0.24581283,0,0.82308052,0.51961943,0.17381592,-0.22979105,1.0889294,0.61403411,0.21078277,-0.16719755,1.0746268,0.62500343
0.25253312,0,0.81985765,0.53510815,0.17856788,-0.22734296,1.0818881,0.63694751,0.21654536,-0.1654163,1.0683981,0.64698797
0.25921004,0,0.81629999,0.55053296,0.18328918,-0.22479834,1.0743845,0.65982033,0.22227078,-0.16356482,1.0617182,0.66892106
0.26584088,0,0.81240606,0.56588752,0.18797789,-0.22215747,1.0664176,0.68264356,0.22795667,-0.16164331,1.0545857,0.69079397
0.27242292,0,0.80817456,0.58116548,0.19263209,-0.21942067,1.0579863,0.70540814,0.23360073,-0.15965199,1.0469997,0.71259793
0.27895344,0,0.80360425,0.59636047,0.19724987,-0.21658828,1.0490901,0.72810495,0.2392006,-0.15759112,1.0389591,0.73432412
0.28542973,0,0.79869404,0.61146609,0.2018293,-0.21366071,1.0397282,0.75072483,0.24475397,-0.155461,1.0304632,0.75596368
0.29184906,0,0.79344298,0.62647591,0.20636845,-0.21063837,1.0299004,0.77325857,0.25025851,-0.15326192,1.0215113,0.77750771
0.29820874,0,0.7878502,0.64138351,0.21086542,-0.20752174,1.0196065,0.79569691,0.25571188,-0.15099424,1.0121031,0.79894727
0.30450604,0,0.781915,0.65618244,0.21531829,-0.20431132,1.0088464,0.81803056,0.26111178,-0.14865832,1.0022382,0.82027338
0.31073827,0,0.77563678,0.67086623,0.21972514,-0.20100766,0.99762021,0.84025018,0.26645587,-0.14625455,0.99191654,0.84147703
0.31690274,0,0.76901508,0.68542841,0.22408408,-0.19761133,0.98592833,0.86234642,0.27174186,-0.14378336,0.98113823,0.86254919
0.32299675,0,0.76204956,0.69986251,0.22839319,-0.19412297,0.97377127,0.88430986,0.27696743,-0.14124521,0.96990351,0.8834808
0.32901763,0,0.75474002,0.71416203,0.2326506,-0.19054322,0.96114971,0.9061311,0.28213029,-0.13864056,0.95821283,0.90426277
0.3349627,0,0.74708639,0.72832049,0.2368544,-0.18687279,0.94806455,0.92780068,0.28722815,-0.13596992,0.9460668,0.92488602
0.34082932,0,0.73908873,0.7423314,0.24100272,-0.1831124,0.93451684,0.94930914,0.29225873,-0.13323384,0.93346622,0.94534143
0.34661482,0,0.73074724,0.75618828,0.24509369,-0.17926284,0.92050785,0.970647,0.29721976,-0.13043287,0.92041208,0.96561987
0.35231658,0,0.72206225,0.76988465,0.24912544,-0.17532491,0.90603902,0.99180475,0.30210897,-0.12756761,0.90690553,0.98571221
0.35793198,0,0.71303423,0.78341404,0.25309613,-0.17129947,0.89111197,1.0127729,0.30692414,-0.12463867,0.89294792,1.0056093
0.36345841,0,0.70366377,0.79676998,0.25700391,-0.1671874,0.87572854,1.0335419,0.31166301,-0.1216467,0.87854079,1.0253021
0.36889328,0,0.69395163,0.80994602,0.26084694,-0.16298962,0.85989074,1.0541023,0.31632338,-0.11859237,0.86368586,1.0447813
0.37423403,0,0.68389868,0.82293574,0.26462342,-0.15870711,0.84360077,1.0744446,0.32090304,-0.11547638,0.84838504,1.0640379
0.3794781,0,0.67350595,0.83573271,0.26833154,-0.15434086,0.82686103,1.0945592,0.32539979,-0.11229947,0.83264041,1.0830628
0.38462295,0,0.6627746,0.84833054,0.2719695,-0.1498919,0.80967411,1.1144367,0.32981146,-0.10906238,0.81645426,1.1018468
0.38966608,0,0.65170592,0.86072285,0.27553553,-0.14536133,0.79204279,1.1340676,0.33413591,-0.1057659,0.79982907,1.1203809
0.39460499,0,0.64030137,0.8729033,0.27902787,-0.14075024,0.77397006,1.1534424,0.33837099,-0.10241084,0.78276749,1.138656
0.39943722,0,0.62856252,0.88486558,0.28244476,-0.1360598,0.75545907,1.1725516,0.34251459,-0.098998043,0.76527238,1.156663
0.40416031,0,0.61649111,0.89660339,0.2857845,-0.13129118,0.7365132,1.191386,0.34656461,-0.095528364,0.74734678,1.174393
0.40877185,0,0.604089,0.90811048,0.28904535,-0.12644561,0.71713602,1.209936,0.35051897,-0.092002696,0.72899391,1.191837
0.41326945,0,0.59135821,0.91938064,0.29222563,-0.12152436,0.69733127,1.2281923,0.35437563,-0.088421957,0.71021722,1.2089861
0.41765073,0,0.57830091,0.93040768,0.29532367,-0.11652871,0.6771029,1.2461455,0.35813255,-0.08478709,0.6910203,1.2258313
0.42191337,0,0.56491939,0.94118548,0.2983378,-0.11146,0.65645508,1.2637865,0.36178773,-0.081099063,0.67140698,1.2423637
0.42605504,0,0.55121609,0.95170794,0.30126641,-0.1063196,0.63539212,1.281106,0.36533918,-0.077358874,0.65138124,1.2585747
0.43007348,0,0.53719362,0.96196903,0.30410787,-0.10110891,0.61391859,1.2980947,0.36878496,-0.073567541,0.63094728,1.2744553
0.43396642,0,0.52285471,0.97196274,0.3068606,-0.095829376,0.5920392,1.3147436,0.37212314,-0.069726113,0.61010948,1.289997
0.43773167,0,0.50820224,0.98168315,0.30952303,-0.09048246,0.56975888,1.3310436,0.37535181,-0.06583566,0.5888724,1.305191
0.44136702,0,0.49323923,0.99112435,0.31209362,-0.085069673,0.54708275,1.3469856,0.3784691,-0.061897279,0.56724083,1.3200289
0.44487035,0,0.47796886,1.0002805,0.31457084,-0.079592557,0.52401613,1.3625608,0.38147318,-0.057912092,0.54521971,1.334502
0.44823952,0,0.46239444,1.009146,0.31695321,-0.074052686,0.50056453,1.3777601,0.38436222,-0.053881243,0.52281418,1.3486019
0.45147248,0,0.44651943,1.0177149,0.31923925,-0.068451667,0.47673364,1.3925748,0.38713446,-0.049805904,0.50002958,1.3623203
0.45456717,0,0.43034744,1.0259817,0.32142753,-0.062791143,0.45252936,1.4069962,0.38978813,-0.045687267,0.47687143,1.3756489
0.4575216,0,0.41388222,1.0339408,0.32351663,-0.057072786,0.42795777,1.4210156,0.39232154,-0.041526551,0.45334545,1.3885795
0.46033381,0,0.39712765,1.0415868,0.32550516,-0.0512983,0.40302515,1.4346244,0.39473298,-0.037324996,0.42945753,1.4011039
0.46300187,0,0.38008778,1.0489141,0.32739176,-0.045469423,0.37773795,1.4478142,0.39702083,-0.033083865,0.40521376,1.4132142
0.46552392,0,0.36276678,1.0559175,0.32917512,-0.039587922,0.35210283,1.4605766,0.39918347,-0.028804444,0.38062042,1.4249023
0.4678981,0,0.34516897,1.0625918,0.33085392,-0.033655595,0.32612664,1.4729032,0.40121931,-0.024488042,0.35568396,1.4361605
0.47012264,0,0.32729881,1.0689316,0.3324269,-0.02767427,0.29981638,1.4847859,0.40312684,-0.020135989,0.33041103,1.446981
0.47219577,0,0.30916092,1.0749321,0.33389283,-0.021645805,0.27317928,1.4962166,0.40490453,-0.015749637,0.30480844,1.4573561
0.4741158,0,0.29076003,1.080588,0.3352505,-0.015572087,0.24622273,1.5071873,0.40655095,-0.011330358,0.27888322,1.4672784
0.47588107,0,0.27210102,1.0858946,0.33649873,-0.0094550314,0.21895429,1.5176901,0.40806465,-0.0068795457,0.25264253,1.4767405
0.47748997,0,0.25318893,1.0908469,0.3376364,-0.0032965807,0.19138174,1.5277173,0.40944428,-0.0023986147,0.22609376,1.485735
0.47894094,0,0.2340289,1.0954404,0.33866239,0.0029012943,0.163513,1.5372613,0.41068847,0.0021110017,0.19924443,1.4942548
0.48023246,0,0.21462624,1.0996703,0.33957563,0.0091365961,0.13535618,1.5463145,0.41179594,0.0066478501,0.17210228,1.5022929
0.48136307,0,0.19498639,1.1035321,0.34037509,0.015407301,0.10691957,1.5548696,0.41276543,0.011210458,0.1446752,1.5098422
0.48233136,0,0.1751149,1.1070215,0.34105978,0.02171136,0.078211641,1.5629193,0.41359573,0.015797335,0.11697124,1.5168961
0.48313597,0,0.15501748,1.1101341,0.34162872,0.0280467,0.049241014,1.5704566,0.41428567,0.020406972,0.088998659,1.5234479
0.48377558,0,0.13469998,1.1128656,0.34208099,0.034411221,0.020016495,1.5774744,0.41483414,0.025037841,0.060765851,1.529491
0.48424894,0,0.11416834,1.115212,0.34241571,0.040802801,-0.0094529446,1.583966,0.41524004,0.029688398,0.032281391,1.5350191
0.48455485,0,0.093428673,1.1171694,0.34263202,0.047219295,-0.03915817,1.5899246,0.41550235,0.034357084,0.0035540171,1.540026
0.48469216,0,0.072487201,1.1187338,0.34272911,0.053658536,-0.069089884,1.5953437,0.4156201,0.03904232,-0.025407369,1.5445056
0.48465977,0,0.051350274,1.1199016,0.34270621,0.060118335,-0.099238625,1.600217,0.41559233,0.043742514,-0.054593707,1.5484519
0.48445666,0,0.030024371,1.120669,0.34256259,0.066596481,-0.12959478,1.6045382,0.41541816,0.048456057,-0.083995776,1.5518593
0.48408185,0,0.0085160928,1.1210326,0.34229756,0.073090744,-0.16014856,1.6083013,0.41509676,0.053181328,-0.1136042,1.5547221
0.4835344,0,-0.013167836,1.120989,0.34191045,0.079598873,-0.19089006,1.6115004,0.41462733,0.057916688,-0.14340945,1.5570348
0.48281346,0,-0.03502057,1.120535,0.34140067,0.086118601,-0.22180919,1.6141298,0.41400913,0.062660486,-0.17340185,1.5587923
0.48191823,0,-0.057035146,1.1196674,0.34076765,0.092647641,-0.25289573,1.616184,0.41324147,0.06741106,-0.20357157,1.5599894
0.48084795,0,-0.079204483,1.1183833,0.34001085,0.099183687,-0.28413931,1.6176576,0.41232372,0.072166732,-0.23390863,1.5606211
0.47960196,0,-0.10152138,1.1166798,0.33912979,0.10572442,-0.31552941,1.6185454,0.41125528,0.076925815,-0.26440291,1.5606828
0.47817961,0,-0.12397854,1.1145542,0.33812404,0.1122675,-0.34705538,1.6188424,0.41003563,0.081686607,-0.29504417,1.5601698
0.47658035,0,-0.14656853,1.1120039,0.3369932,0.11881058,-0.37870644,1.6185438,0.40866428,0.086447398,-0.325822,1.5590778
0.47480369,0,-0.16928382,1.1090265,0.33573691,0.1253513,-0.41047167,1.617645,0.4071408,0.091206468,-0.35672588,1.5574026
0.47284918,0,-0.19211678,1.1056197,0.33435486,0.13188727,-0.44234001,1.6161416,0.40546482,0.095962084,-0.38774514,1.5551402
0.47071644,0,-0.21505966,1.1017814,0.33284679,0.1384161,-0.4743003,1.6140293,0.40363602,0.10071251,-0.41886901,1.5522867
0.46840518,0,-0.23810461,1.0975095,0.33121248,0.1449354,-0.50634122,1.611304,0.40165413,0.10545599,-0.45008656,1.5488386
0.46591515,0,-0.2612437,1.0928022,0.32945176,0.15144273,-0.53845137,1.6079621,0.39951894,0.11019078,-0.48138677,1.5447923
0.46324615,0,-0.28446887,1.0876579,0.32756449,0.1579357,-0.57061921,1.6039998,0.3972303,0.1149151,-0.51275848,1.5401448
0.46039808,0,-0.307772,1.0820748,0.3255506,0.16441185,-0.6028331,1.5994137,0.3947881,0.11962719,-0.54419043,1.534893
0.45737089,0,-0.33114483,1.0760518,0.32341006,0.17086875,-0.63508126,1.5942006,0.3921923,0.12432527,-0.57567123,1.5290341
0.45416458,0,-0.35457906,1.0695875,0.32114286,0.17730394,-0.66735186,1.5883576,0.38944292,0.12900757,-0.60718942,1.5225654
0.45077925,0,-0.37806627,1.0626808,0.31874907,0.18371498,-0.69963292,1.5818819,0.38654002,0.13367229,-0.63873338,1.5154847
0.44721504,0,-0.40159795,1.0553309,0.31622879,0.19009941,-0.73191239,1.574771,0.38348374,0.13831764,-0.67029145,1.5077897
0.44347217,0,-0.42516554,1.0475369,0.31358218,0.19645475,-0.76417812,1.5670225,0.38027425,0.14294183,-0.70185183,1.4994785
0.43955092,0,-0.44876037,1.0392983,0.31080944,0.20277854,-0.79641785,1.5586342,0.3769118,0.14754306,-0.73340264,1.4905494
0.43545163,0,-0.4723737,1.0306147,0.3079108,0.20906831,-0.82861928,1.5496045,0.3733967,0.15211954,-0.76493193,1.4810008
0.43117474,0,-0.49599673,1.0214857,0.30488658,0.21532158,-0.86076999,1.5399316,0.36972929,0.15666946,-0.79642764,1.4708315
0.42672071,0,-0.51962056,1.0119114,0.30173711,0.22153587,-0.89285749,1.5296141,0.36590999,0.16119102,-0.82787763,1.4600405
0.42209012,0,-0.54323625,1.0018917,0.29846279,0.22770872,-0.92486924,1.5186508,0.36193929,0.16568243,-0.85926971,1.4486268
0.41728358,0,-0.56683477,0.99142683,0.29506405,0.23383764,-0.9567926,1.5070409,0.35781772,0.17014187,-0.89059159,1.4365899
0.41230178,0,-0.59040705,0.98051731,0.29154138,0.23992016,-0.98861488,1.4947837,0.35354586,0.17456756,-0.92183093,1.4239295
0.40714548,0,-0.61394395,0.96916367,0.28789533,0.24595382,-1.0203233,1.4818786,0.34912437,0.17895769,-0.95297532,1.4106455
0.40181552,0,-0.63743627,0.95736666,0.28412648,0.25193614,-1.0519052,1.4683255,0.34455397,0.18331047,-0.98401228,1.3967378
0.39631279,0,-0.66087476,0.94512722,0.28023546,0.25786467,-1.0833476,1.4541245,0.33983541,0.1876241,-1.0149293,1.382207
0.39063826,0,-0.68425012,0.93244644,0.27622296,0.26373694,-1.1146375,1.4392758,0.33496955,0.19189681,-1.0457138,1.3670535
0.38479297,0,-0.70755301,0.9193256,0.27208972,0.26955051,-1.1457622,1.4237801,0.32995725,0.19612681,-1.0763531,1.3512782
0.37877802,0,-0.73077403,0.90576616,0.26783651,0.27530294,-1.1767086,1.4076379,0.32479947,0.20031231,-1.1068347,1.3348823
0.37259459,0,-0.75390376,0.89176975,0.26346416,0.28099179,-1.2074637,1.3908506,0.31949722,0.20445156,-1.1371457,1.3178669
0.36624391,0,-0.77693274,0.87733818,0.25897355,0.28661463,-1.2380145,1.3734192,0.31405157,0.20854278,-1.1672736,1.3002338
0.35972732,0,-0.79985145,0.86247345,0.25436562,0.29216906,-1.2683478,1.3553455,0.30846363,0.21258422,-1.1972054,1.2819846
0.35304617,0,-0.82265038,0.84717771,0.24964134,0.29765267,-1.2984507,1.3366312,0.3027346,0.21657413,-1.2269284,1.2631216
0.34620194,0,-0.84531997,0.83145332,0.24480174,0.30306306,-1.3283101,1.3172783,0.29686571,0.22051077,-1.2564299,1.2436469
0.33919613,0,-0.86785064,0.8153028,0.23984788,0.30839787,-1.3579128,1.2972893,0.29085828,0.22439241,-1.285697,1.2235632
0.33203033,0,-0.89023279,0.79872887,0.2347809,0.31365472,-1.3872459,1.2766668,0.28471366,0.22821733,-1.3147169,1.2028733
0.3247062,0,-0.91245682,0.78173441,0.22960196,0.31883127,-1.416296,1.2554135,0.27843327,0.23198383,-1.3434768,1.1815802
0.31722546,0,-0.9345131,0.76432251,0.22431228,0.32392519,-1.4450503,1.2335327,0.27201859,0.2356902,-1.3719639,1.1596873
0.30958991,0,-0.956392,0.74649641,0.21891312,0.32893417,-1.4734957,1.2110276,0.26547115,0.23933476,-1.4001653,1.1371982
0.30180139,0,-0.97808388,0.72825954,0.21340581,0.3338559,-1.501619,1.187902,0.25879256,0.24291585,-1.4280683,1.1141166
0.29386184,0,-0.9995791,0.70961553,0.2077917,0.33868812,-1.5294073,1.1641598,0.25198445,0.2464318,-1.45566,1.0904468
0.28577325,0,-1.020868,0.69056817,0.20207221,0.34342855,-1.5568475,1.1398052,0.24504854,0.24988098,-1.4829278,1.066193
0.27753768,0,-1.0419411,0.67112144,0.19624878,0.34807498,-1.5839268,1.1148425,0.2379866,0.25326175,-1.5098588,1.0413598
0.26915725,0,-1.0627886,0.65127951,0.19032292,0.35262518,-1.6106321,1.0892766,0.23080044,0.2565725,-1.5364405,1.0159521
0.26063415,0,-1.0834009,0.63104672,0.18429618,0.35707696,-1.6369506,1.0631123,0.22349194,0.25981165,-1.56266,0.98997507
0.25197064,0,-1.1037686,0.61042758,0.17817015,0.36142815,-1.6628695,1.036355,0.21606304,0.26297761,-1.5885048,0.96343398
0.24316903,0,-1.123882,0.58942681,0.17194647,0.36567662,-1.6883761,1.0090102,0.20851573,0.26606882,-1.6139624,0.93633449
0.23423172,0,-1.1437316,0.56804929,0.16562683,0.36982025,-1.7134575,0.9810836,0.20085204,0.26908375,-1.6390202,0.90868248
0.22516113,0,-1.1633079,0.54630008,0.15921296,0.37385694,-1.7381012,0.95258129,0.19307408,0.27202088,-1.6636657,0.88048408
0.2159598,0,-1.1826014,0.52418443,0.15270664,0.37778464,-1.7622946,0.92350957,0.185184,0.2748787,-1.6878866,0.85174569
0.20663028,0,-1.2016027,0.50170775,0.14610967,0.38160131,-1.7860251,0.89387501,0.177184,0.27765573,-1.7116705,0.82247394
0.19717521,0,-1.2203024,0.47887564,0.13942393,0.38530495,-1.8092805,0.86368447,0.16907635,0.28035053,-1.7350052,0.79267575
0.18759729,0,-1.2386912,0.45569388,0.13265131,0.38889358,-1.8320483,0.83294503,0.16086335,0.28296164,-1.7578785,0.76235824
0.17789927,0,-1.2567597,0.43216842,0.12579378,0.39236527,-1.8543164,0.80166406,0.15254736,0.28548767,-1.7802784,0.73152883
0.16808396,0,-1.2744988,0.40830538,0.11885331,0.3957181,-1.8760726,0.7698492,0.14413081,0.28792721,-1.8021928,0.70019516
0.15815424,0,-1.2918993,0.38411106,0.11183194,0.3989502,-1.8973048,0.73750833,0.13561614,0.29027891,-1.8236098,0.66836514
0.14811305,0,-1.308952,0.35959193,0.10473174,0.40205972,-1.9180012,0.7046496,0.12700589,0.29254142,-1.8445177,0.63604691
0.13796336,0,-1.3256478,0.33475464,0.097554827,0.40504486,-1.93815,0.67128141,0.1183026,0.29471343,-1.8649047,0.60324887
0.12770823,0,-1.3419779,0.30960599,0.090303353,0.40790386,-1.9577395,0.63741244,0.1095089,0.29679365,-1.8847594,0.56997965
0.11735075,0,-1.3579333,0.28415296,0.082979511,0.41063496,-1.9767581,0.6030516,0.10062744,0.29878082,-1.9040701,0.53624815
0.10689409,0,-1.3735052,0.25840272,0.075585533,0.41323648,-1.9951945,0.56820806,0.091660922,0.3006737,-1.9228256,0.50206349
0.096341443,0,-1.3886848,0.23236256,0.068123688,0.41570675,-2.0130373,0.53289125,0.082612106,0.30247109,-1.9410147,0.46743504
0.085696085,0,-1.4034635,0.20603996,0.060596283,0.41804416,-2.0302754,0.49711085,0.073483786,0.30417181,-1.9586263,0.4323724
0.074961326,0,-1.4178327,0.17944257,0.053005662,0.42024713,-2.0468978,0.46087679,0.064278807,0.3057747,-1.9756495,0.39688541
0.064140533,0,-1.4317839,0.15257819,0.045354206,0.42231413,-2.0628937,0.42419923,0.055000053,0.30727866,-1.9920734,0.36098416
0.053237122,0,-1.4453087,0.12545477,0.03764433,0.42424364,-2.0782523,0.38708859,0.045650455,0.30868259,-2.0078875,0.32467895
0.042254557,0,-1.458399,0.09808044,0.029878484,0.42603422,-2.0929633,0.34955553,0.036232984,0.30998543,-2.0230812,0.28798032
0.031196353,0,-1.4710465,0.070463461,0.022059152,0.42768446,-2.1070162,0.31161096,0.026750651,0.31118615,-2.0376442,0.25089905
0.020066068,0,-1.4832431,0.042612261,0.014188853,0.42919299,-2.1204008,0.273266,0.017206512,0.31228377,-2.0515664,0.21344611
0.0088673107,0,-1.4949809,0.014535415,0.0062701353,0.43055849,-2.1331072,0.23453204,0.0076036559,0.31327732,-2.0648377,0.17563273
-0.0023962699,0,-1.5062522,-0.013758353,-0.0016944189,0.43177968,-2.1451255,0.19542066,-0.0020547848,0.31416587,-2.0774483,0.13747034
-0.013720979,0,-1.5170491,-0.042260173,-0.0097021974,0.43285534,-2.1564462,0.15594372,-0.011765643,0.31494852,-2.0893887,0.098970601
-0.025103079,0,-1.5273641,-0.07096103,-0.017750558,0.43378427,-2.1670599,0.11611325,-0.021525713,0.31562442,-2.1006492,0.06014537
-0.036538792,0,-1.5371899,-0.099851768,-0.025836828,0.43456534,-2.1769572,0.07594156,-0.031331756,0.31619273,-2.1112208,0.021006728
-0.0480243,0,-1.546519,-0.12892309,-0.033958309,0.43519747,-2.1861292,0.035441137,-0.041180498,0.31665267,-2.1210943,-0.018433041
-0.059555746,0,-1.5553443,-0.15816557,-0.042112272,0.43567961,-2.1945671,-0.0053752949,-0.051068631,0.31700348,-2.1302608,-0.058161445
-0.071129234,0,-1.5636587,-0.18756964,-0.050295964,0.43601078,-2.2022623,-0.046494802,-0.060992815,0.31724444,-2.1387117,-0.098165793
-0.082740834,0,-1.5714554,-0.2171256,-0.058506605,0.43619004,-2.2092063,-0.08790424,-0.07094968,0.31737487,-2.1464385,-0.1384332
-0.094386579,0,-1.5787277,-0.24682363,-0.06674139,0.43621649,-2.2153912,-0.12959026,-0.080935824,0.31739412,-2.153433,-0.17895057
-0.10606247,0,-1.5854689,-0.27665378,-0.074997492,0.43608932,-2.2208089,-0.1715393,-0.090947818,0.31730158,-2.1596872,-0.21970464
-0.11776447,0,-1.5916726,-0.30660597,-0.083272058,0.43580772,-2.2254518,-0.21373762,-0.1009822,0.31709669,-2.1651932,-0.26068194
-0.12948853,0,-1.5973325,-0.33667001,-0.091562215,0.43537097,-2.2293124,-0.25617127,-0.1110355,0.31677891,-2.1699436,-0.30186884
-0.14123054,0,-1.6024427,-0.36683559,-0.09986507,0.43477839,-2.2323836,-0.29882611,-0.12110419,0.31634774,-2.1739309,-0.3432515
-0.15298638,0,-1.606997,-0.39709229,-0.10817771,0.43402935,-2.2346583,-0.34168781,-0.13118474,0.31580274,-2.1771482,-0.38481593
-0.16475191,0,-1.6109898,-0.42742957,-0.11649719,0.43312329,-2.23613,-0.38474186,-0.1412736,0.31514349,-2.1795885,-0.42654795
-0.17652296,0,-1.6144154,-0.45783679,-0.12482058,0.43205969,-2.236792,-0.42797357,-0.15136719,0.3143696,-2.1812452,-0.46843324
-0.18829531,0,-1.6172684,-0.48830322,-0.13314489,0.43083809,-2.2366384,-0.47136809,-0.1614619,0.31348076,-2.182112,-0.51045728
-0.20006477,0,-1.6195437,-0.51881799,-0.14146715,0.42945808,-2.2356631,-0.51491038,-0.17155412,0.31247665,-2.1821827,-0.55260544
-0.21182707,0,-1.6212361,-0.54937018,-0.14978436,0.42791932,-2.2338605,-0.55858525,-0.18164022,0.31135704,-2.1814516,-0.59486288
-0.22357797,0,-1.6223408,-0.57994874,-0.1580935,0.42622151,-2.2312252,-0.60237733,-0.19171653,0.3101217,-2.1799131,-0.63721467
-0.23531318,0,-1.6228531,-0.61054256,-0.16639154,0.42436443,-2.2277523,-0.64627112,-0.20177938,0.30877047,-2.1775619,-0.67964568
-0.2470284,0,-1.6227685,-0.64114041,-0.17467546,0.42234788,-2.2234367,-0.69025096,-0.21182511,0.30730322,-2.1743929,-0.72214069
-0.25871933,0,-1.6220828,-0.67173101,-0.18294219,0.42017175,-2.2182741,-0.73430103,-0.22184999,0.30571985,-2.1704013,-0.76468431
-0.27038164,0,-1.6207919,-0.70230298,-0.19118869,0.41783598,-2.2122602,-0.77840538,-0.23185034,0.30402033,-2.1655828,-0.80726104
-0.28201099,0,-1.6188918,-0.73284488,-0.19941188,0.41534057,-2.205391,-0.82254793,-0.24182243,0.30220465,-2.159933,-0.84985525
-0.29360304,0,-1.616379,-0.76334518,-0.2076087,0.41268557,-2.197663,-0.86671247,-0.25176253,0.30027286,-2.1534481,-0.89245119
-0.30515342,0,-1.61325,-0.79379229,-0.21577605,0.40987109,-2.1890727,-0.91088265,-0.2616669,0.29822502,-2.1461245,-0.93503299
-0.31665779,0,-1.6095014,-0.82417458,-0.22391087,0.40689731,-2.1796172,-0.95504202,-0.27153181,0.29606128,-2.1379589,-0.97758469
-0.32811176,0,-1.6051304,-0.85448033,-0.23201005,0.40376446,-2.1692936,-0.99917401,-0.28135351,0.2937818,-2.1289481,-1.0200902
-0.33951097,0,-1.600134,-0.88469777,-0.24007051,0.40047284,-2.1580997,-1.0432619,-0.29112826,0.29138679,-2.1190896,-1.0625334
-0.35085104,0,-1.5945096,-0.9148151,-0.24808915,0.39702279,-2.1460332,-1.087289,-0.30085228,0.28887651,-2.1083808,-1.1048979
-0.36212759,0,-1.588255,-0.94482044,-0.25606288,0.39341472,-2.1330925,-1.1312383,-0.31052185,0.28625126,-2.0968197,-1.1471675
-0.37333625,0,-1.5813678,-0.9747019,-0.2639886,0.38964912,-2.1192759,-1.1750929,-0.3201332,0.28351138,-2.0844044,-1.1893257
-0.38447265,0,-1.5738463,-1.0044475,-0.27186322,0.38572651,-2.1045825,-1.2188358,-0.32968258,0.28065726,-2.0711335,-1.231356
-0.39553242,0,-1.5656887,-1.0340453,-0.27968366,0.38164749,-2.0890113,-1.2624498,-0.33916625,0.27768934,-2.0570058,-1.2732418
-0.40651119,0,-1.5568935,-1.0634833,-0.28744682,0.37741271,-2.0725619,-1.3059177,-0.34858047,0.27460808,-2.0420203,-1.3149665
-0.41740462,0,-1.5474595,-1.0927495,-0.29514964,0.37302288,-2.055234,-1.3492222,-0.35792151,0.27141401,-2.0261767,-1.3565133
-0.42820835,0,-1.5373858,-1.1218318,-0.30278903,0.36847878,-2.037028,-1.3923459,-0.36718563,0.26810769,-2.0094746,-1.3978656
-0.43891804,0,-1.5266716,-1.1507181,-0.31036193,0.36378124,-2.0179443,-1.4352716,-0.37636912,0.26468973,-1.9919141,-1.4390065
-0.44952939,0,-1.5153163,-1.1793963,-0.31786528,0.35893116,-1.9979836,-1.4779818,-0.38546827,0.26116078,-1.9734958,-1.4799193
-0.46003808,0,-1.5033197,-1.2078544,-0.32529604,0.35392951,-1.9771473,-1.5204589,-0.3944794,0.25752154,-1.9542204,-1.520587
-0.47043981,0,-1.4906817,-1.2360802,-0.33265118,0.34877728,-1.9554368,-1.5626855,-0.40339881,0.25377275,-1.9340889,-1.5609927
-0.48073032,0,-1.4774027,-1.2640618,-0.33992767,0.34347557,-1.932854,-1.604644,-0.41222285,0.24991518,-1.9131028,-1.6011196
-0.49090534,0,-1.4634829,-1.2917869,-0.3471225,0.3380255,-1.9094011,-1.6463169,-0.42094786,0.24594968,-1.8912639,-1.6409508
-0.50096065,0,-1.4489233,-1.3192436,-0.35423267,0.33242828,-1.8850807,-1.6876866,-0.42957021,0.2418771,-1.8685743,-1.6804692
-0.51089203,0,-1.4337246,-1.3464197,-0.36125522,0.32668517,-1.8598957,-1.7287355,-0.4380863,0.23769838,-1.8450364,-1.7196579
-0.52069529,0,-1.4178883,-1.3733032,-0.36818717,0.32079748,-1.8338493,-1.7694459,-0.44649253,0.23341445,-1.820653,-1.7585001
-0.53036628,0,-1.4014156,-1.3998822,-0.3750256,0.31476659,-1.8069451,-1.8098004,-0.45478534,0.22902634,-1.7954272,-1.7969789
-0.53990086,0,-1.3843083,-1.4261446,-0.38176756,0.30859394,-1.7791871,-1.8497814,-0.46296117,0.22453507,-1.7693626,-1.8350772
-0.54929493,0,-1.3665684,-1.4520784,-0.38841017,0.30228102,-1.7505796,-1.8893712,-0.47101652,0.21994175,-1.7424628,-1.8727783
-0.55854442,0,-1.3481982,-1.4776719,-0.39495054,0.29582939,-1.7211272,-1.9285524,-0.47894789,0.2152475,-1.7147322,-1.9100653
-0.56764527,0,-1.3292002,-1.5029131,-0.40138582,0.28924067,-1.690835,-1.9673075,-0.48675181,0.2104535,-1.6861751,-1.9469214
-0.5765935,0,-1.309577,-1.5277902,-0.40771318,0.28251652,-1.6597083,-2.0056189,-0.49442485,0.20556096,-1.6567964,-1.9833298
-0.58538513,0,-1.2893316,-1.5522914,-0.4139298,0.27565867,-1.6277529,-2.0434694,-0.50196361,0.20057114,-1.6266013,-2.019274
-0.59401623,0,-1.2684675,-1.5764051,-0.42003291,0.26866891,-1.5949748,-2.0808416,-0.50936472,0.19548535,-1.5955954,-2.0547371
-0.60248291,0,-1.246988,-1.6001196,-0.42601975,0.26154909,-1.5613805,-2.117718,-0.51662484,0.19030492,-1.5637845,-2.0897027
-0.61078132,0,-1.224897,-1.6234233,-0.43188762,0.25430111,-1.5269767,-2.1540817,-0.52374066,0.18503124,-1.5311749,-2.1241542
-0.61890765,0,-1.2021985,-1.6463049,-0.4376338,0.24692693,-1.4917706,-2.1899152,-0.53070894,0.17966573,-1.4977732,-2.1580753
-0.62685814,0,-1.1788968,-1.6687527,-0.44325564,0.23942855,-1.4557697,-2.2252017,-0.53752642,0.17420986,-1.4635863,-2.1914495
-0.63462908,0,-1.1549965,-1.6907556,-0.44875052,0.23180806,-1.4189818,-2.2599241,-0.54418994,0.16866514,-1.4286214,-2.2242607
-0.64221678,0,-1.1305024,-1.7123022,-0.45411584,0.22406757,-1.3814151,-2.2940655,-0.55069635,0.1630331,-1.3928862,-2.2564927
-0.64961764,0,-1.1054195,-1.7333815,-0.45934904,0.21620925,-1.3430782,-2.3276092,-0.55704253,0.15731534,-1.3563887,-2.2881294
-0.65682808,0,-1.0797534,-1.7539823,-0.46444759,0.20823536,-1.3039799,-2.3605385,-0.56322543,0.15151348,-1.3191371,-2.319155
-0.66384459,0,-1.0535095,-1.7740938,-0.46940901,0.20014816,-1.2641296,-2.3928368,-0.56924204,0.14562918,-1.2811402,-2.3495536
-0.67066371,0,-1.0266937,-1.793705,-0.47423086,0.19195,-1.2235369,-2.4244876,-0.57508939,0.13966414,-1.2424069,-2.3793096
-0.67728203,0,-0.99931211,-1.8128053,-0.47891071,0.18364326,-1.1822116,-2.4554748,-0.58076455,0.1336201,-1.2029465,-2.4084075
-0.68369619,0,-0.97137119,-1.8313841,-0.48344621,0.1752304,-1.1401642,-2.4857822,-0.58626465,0.12749884,-1.1627688,-2.4368318
-0.68990292,0,-0.94287753,-1.8494308,-0.48783503,0.16671389,-1.0974051,-2.5153937,-0.59158687,0.12130217,-1.1218838,-2.4645673
-0.69589897,0,-0.91383804,-1.8669352,-0.49207488,0.15809629,-1.0539455,-2.5442934,-0.59672845,0.11503195,-1.0803018,-2.4915989
-0.70168119,0,-0.88425988,-1.8838869,-0.49616353,0.14938018,-1.0097966,-2.5724658,-0.60168666,0.10869004,-1.0380336,-2.5179117
-0.70724646,0,-0.85415044,-1.900276,-0.50009877,0.1405682,-0.96497011,-2.5998952,-0.60645884,0.10227839,-0.99509007,-2.5434909
-0.71259175,0,-0.8235174,-1.9160924,-0.50387846,0.13166305,-0.91947803,-2.6265663,-0.61104238,0.095798937,-0.95148268,-2.568322
-0.71771407,0,-0.79236867,-1.9313264,-0.50750049,0.12266745,-0.87333271,-2.652464,-0.61543474,0.089253677,-0.90722309,-2.5923906
-0.72261053,0,-0.76071241,-1.9459683,-0.51096281,0.11358418,-0.82654679,-2.6775733,-0.61963342,0.082644632,-0.86232333,-2.6156823
-0.72727828,0,-0.72855704,-1.9600086,-0.5142634,0.10441608,-0.7791333,-2.7018793,-0.62363598,0.075973858,-0.81679575,-2.6381834
-0.73171456,0,-0.69591122,-1.973438,-0.51740033,0.095166012,-0.73110553,-2.7253676,-0.62744006,0.069243444,-0.77065299,-2.6598798
-0.73591667,0,-0.66278386,-1.9862474,-0.52037167,0.085836889,-0.68247716,-2.7480237,-0.63104334,0.062455511,-0.72390806,-2.6807581
-0.73988198,0,-0.62918411,-1.9984277,-0.52317557,0.07643167,-0.63326214,-2.7698334,-0.63444357,0.055612209,-0.67657425,-2.7008049
-0.74360796,0,-0.59512137,-2.0099701,-0.52581023,0.066953353,-0.58347475,-2.790783,-0.63763856,0.04871572,-0.62866519,-2.7200069
-0.74709212,0,-0.56060527,-2.020866,-0.5282739,0.057404978,-0.53312961,-2.8108586,-0.64062621,0.041768257,-0.58019479,-2.7383514
-0.75033207,0,-0.52564569,-2.0311069,-0.53056489,0.047789624,-0.48224162,-2.8300468,-0.64340444,0.034772059,-0.53117731,-2.7558255
-0.75332549,0,-0.49025274,-2.0406846,-0.53268156,0.03811041,-0.430826,-2.8483345,-0.64597128,0.027729396,-0.48162726,-2.7724168
-0.75607014,0,-0.45443675,-2.049591,-0.53462233,0.028370491,-0.37889827,-2.8657086,-0.6483248,0.020642565,-0.4315595,-2.7881132
-0.75856387,0,-0.41820831,-2.0578181,-0.53638566,0.018573063,-0.32647424,-2.8821564,-0.65046316,0.013513888,-0.38098917,-2.8029026
-0.76080461,0,-0.38157821,-2.0653585,-0.5379701,0.0087213531,-0.27357003,-2.8976656,-0.65238457,0.0063457164,-0.32993168,-2.8167735
-0.76279034,0,-0.34455749,-2.0722044,-0.53937423,-0.0011813734,-0.22020204,-2.9122239,-0.65408732,-0.00085957546,-0.27840277,-2.8297144
-0.76451918,0,-0.3071574,-2.0783488,-0.5405967,-0.011131819,-0.16638697,-2.9258194,-0.65556979,-0.0080995878,-0.22641842,-2.8417141
-0.76598929,0,-0.2693894,-2.0837846,-0.54163622,-0.021126652,-0.11214179,-2.9384407,-0.6568304,-0.015371897,-0.17399494,-2.8527618
-0.76719894,0,-0.23126518,-2.0885049,-0.54249158,-0.03116251,-0.057483742,-2.9500762,-0.65786767,-0.022674056,-0.12114887,-2.862847
-0.76814648,0,-0.19279666,-2.0925031,-0.54316159,-0.041236,-0.0024303508,-2.9607151,-0.65868017,-0.030003597,-0.067897048,-2.8719593
-0.76883034,0,-0.15399593,-2.0957729,-0.54364515,-0.0513437,0.053000595,-2.9703467,-0.65926658,-0.037358029,-0.014256571,-2.8800888
-0.76924906,0,-0.11487532,-2.098308,-0.54394123,-0.061482159,0.10879104,-2.9789605,-0.65962563,-0.044734842,0.039755201,-2.8872258
-0.76940125,0,-0.075447359,-2.1001027,-0.54404884,-0.071647899,0.16492269,-2.9865464,-0.65975613,-0.052131504,0.094120651,-2.893361
-0.76928562,0,-0.035724767,-2.1011512,-0.54396708,-0.081837417,0.22137697,-2.9930947,-0.65965698,-0.059545467,0.14882191,-2.8984852
-0.76890098,0,0.0042795322,-2.1014481,-0.5436951,-0.092047183,0.27813508,-2.998596,-0.65932715,-0.066974163,0.20384087,-2.9025898
-0.76824621,0,0.044552425,-2.1009881,-0.54323211,-0.10227365,0.33517798,-3.0030411,-0.65876569,-0.074415008,0.25915916,-2.9056663
-0.76732031,0,0.085080607,-2.0997665,-0.5425774,-0.11251323,0.39248638,-3.0064213,-0.65797174,-0.081865401,0.3147582,-2.9077067
-0.76612236,0,0.12585059,-2.0977784,-0.54173031,-0.12276234,0.45004078,-3.0087281,-0.6569445,-0.089322726,0.37061916,-2.9087033
-0.76465153,0,0.1668487,-2.0950194,-0.54069028,-0.13301737,0.50782144,-3.0099536,-0.65568328,-0.096784352,0.426723,-2.9086487
-0.76290711,0,0.20806109,-2.0914854,-0.53945679,-0.14327467,0.56580841,-3.01009,-0.65418745,-0.10424764,0.48305045,-2.9075357
-0.76088846,0,0.24947373,-2.0871724,-0.53802939,-0.1535306,0.62398154,-3.0091299,-0.65245647,-0.11170992,0.53958204,-2.9053578
-0.75859505,0,0.29107245,-2.0820769,-0.5364077,-0.1637815,0.68232046,-3.0070663,-0.65048989,-0.11916854,0.59629808,-2.9021086
-0.75602645,0,0.33284288,-2.0761955,-0.53459143,-0.17402367,0.7408046,-3.0038927,-0.64828733,-0.12662082,0.65317869,-2.8977822
-0.75318232,0,0.37477052,-2.0695249,-0.53258033,-0.18425342,0.79941322,-2.9996028,-0.64584851,-0.13406406,0.71020378,-2.8923728
-0.75006243,0,0.41684068,-2.0620625,-0.53037423,-0.19446706,0.85812538,-2.9941907,-0.64317323,-0.14149557,0.7673531,-2.8858754
-0.74666665,0,0.45903856,-2.0538057,-0.52797305,-0.20466085,0.91691997,-2.9876511,-0.64026137,-0.14891264,0.8246062,-2.878285
-0.74299493,0,0.50134919,-2.0447521,-0.52537676,-0.21483108,0.9757757,-2.9799787,-0.6371129,-0.15631257,0.88194246,-2.8695972
-0.73904735,0,0.54375745,-2.0348999,-0.52258539,-0.224974,1.0346711,-2.9711689,-0.63372788,-0.16369263,0.93934109,-2.8598078
-0.73482407,0,0.58624812,-2.0242473,-0.51959908,-0.23508588,1.0935846,-2.9612174,-0.63010644,-0.1710501,0.99678114,-2.8489133
-0.73032536,0,0.62880582,-2.0127929,-0.51641801,-0.24516297,1.1524945,-2.9501204,-0.62624883,-0.17838227,1.0542415,-2.8369102
-0.72555159,0,0.67141504,-2.0005356,-0.51304245,-0.25520153,1.2113788,-2.9378743,-0.62215536,-0.18568638,1.111701,-2.8237956
-0.72050323,0,0.71406017,-1.9874746,-0.50947272,-0.26519778,1.2702155,-2.9244762,-0.61782643,-0.19295973,1.1691381,-2.8095671
-0.71518086,0,0.75672547,-1.9736093,-0.50570924,-0.275148,1.3289825,-2.9099233,-0.61326253,-0.20019957,1.2265315,-2.7942226
-0.70958516,0,0.79939511,-1.9589396,-0.50175248,-0.2850484,1.3876574,-2.8942134,-0.60846425,-0.20740318,1.2838593,-2.7777603
-0.7037169,0,0.84205313,-1.9434654,-0.49760299,-0.29489526,1.446218,-2.8773447,-0.60343226,-0.21456782,1.3411,-2.7601789
-0.69757697,0,0.88468348,-1.9271872,-0.49326141,-0.30468482,1.5046417,-2.8593159,-0.59816732,-0.22169077,1.3982315,-2.7414776
-0.69116636,0,0.92727003,-1.9101055,-0.48872842,-0.31441332,1.5629059,-2.840126,-0.59267027,-0.2287693,1.4552321,-2.721656
-0.68448616,0,0.96979654,-1.8922215,-0.4840048,-0.32407705,1.620988,-2.8197744,-0.58694204,-0.23580069,1.5120795,-2.7007139
-0.67753755,0,1.0122467,-1.8735364,-0.4790914,-0.33367225,1.6788652,-2.7982611,-0.58098366,-0.24278222,1.5687516,-2.6786517
-0.67032185,0,1.0546041,-1.8540518,-0.47398913,-0.34319522,1.7365147,-2.7755864,-0.57479624,-0.2497112,1.6252263,-2.6554703
-0.66284044,0,1.0968524,-1.8337695,-0.46869897,-0.35264224,1.7939136,-2.7517512,-0.56838099,-0.25658492,1.6814811,-2.6311709
-0.65509483,0,1.1389749,-1.8126919,-0.463222,-0.36200961,1.851039,-2.7267567,-0.56173918,-0.26340068,1.7374939,-2.6057551
-0.64708663,0,1.1809552,-1.7908213,-0.45755934,-0.37129364,1.907868,-2.7006045,-0.55487221,-0.2701558,1.7932421,-2.5792251
-0.63881754,0,1.2227765,-1.7681608,-0.45171222,-0.38049066,1.9643774,-2.6732968,-0.54778152,-0.27684762,1.8487034,-2.5515833
-0.63028938,0,1.2644223,-1.7447133,-0.4456819,-0.38959701,2.0205443,-2.6448362,-0.54046869,-0.28347346,1.9038552,-2.5228328
-0.62150406,0,1.3058757,-1.7204825,-0.43946974,-0.39860906,2.0763456,-2.6152257,-0.53293534,-0.29003069,1.958675,-2.4929768
-0.6124636,0,1.34712,-1.695472,-0.43307716,-0.40752318,2.1317582,-2.5844689,-0.5251832,-0.29651667,2.0131402,-2.4620194
-0.60317011,0,1.3881385,-1.669686,-0.42650568,-0.41633578,2.186759,-2.5525696,-0.51721411,-0.30292877,2.0672285,-2.4299647
-0.59362582,0,1.4289144,-1.6431288,-0.41975684,-0.42504327,2.241325,-2.5195322,-0.50902994,-0.30926441,2.1209171,-2.3968175
-0.58383304,0,1.4694308,-1.6158053,-0.4128323,-0.4336421,2.2954331,-2.4853617,-0.50063271,-0.31552098,2.1741835,-2.3625829
-0.5737942,0,1.5096709,-1.5877205,-0.40573377,-0.44212875,2.3490603,-2.4500633,-0.49202447,-0.32169592,2.2270053,-2.3272665
-0.56351182,0,1.5496178,-1.5588797,-0.39846303,-0.4504997,2.4021837,-2.4136428,-0.4832074,-0.32778668,2.2793599,-2.2908744
-0.55298852,0,1.5892549,-1.5292886,-0.39102193,-0.45875148,2.4547801,-2.3761065,-0.47418374,-0.33379073,2.3312248,-2.2534131
-0.54222701,0,1.6285652,-1.4989532,-0.3834124,-0.46688064,2.5068268,-2.337461,-0.46495583,-0.33970556,2.3825777,-2.2148894
-0.53123012,0,1.667532,-1.4678799,-0.37563642,-0.47488376,2.5583009,-2.2977136,-0.45552607,-0.34552869,2.4333961,-2.1753109
-0.52000076,0,1.7061385,-1.4360753,-0.36769607,-0.48275747,2.6091797,-2.2568718,-0.44589698,-0.35125765,2.4836578,-2.1346852
-0.50854195,0,1.7443679,-1.4035463,-0.35959346,-0.49049839,2.6594404,-2.2149438,-0.43607113,-0.35689,2.5333404,-2.0930207
-0.4968568,0,1.7822036,-1.3703002,-0.35133081,-0.49810322,2.7090605,-2.171938,-0.42605119,-0.36242333,2.5824218,-2.0503261
-0.4849485,0,1.8196289,-1.3363446,-0.34291038,-0.50556867,2.7580174,-2.1278635,-0.41583991,-0.36785524,2.63088,-2.0066105
-0.47282037,0,1.8566272,-1.3016874,-0.33433449,-0.5128915,2.8062888,-2.0827298,-0.40544012,-0.37318338,2.6786929,-1.9618836
-0.46047579,0,1.893182,-1.2663367,-0.32560555,-0.5200685,2.8538523,-2.0365467,-0.39485473,-0.37840542,2.7258386,-1.9161553
-0.44791825,0,1.9292768,-1.2303011,-0.31672604,-0.5270965,2.9006859,-1.9893247,-0.38408673,-0.38351904,2.7722955,-1.8694362
-0.43515134,0,1.9648951,-1.1935895,-0.30769846,-0.53397238,2.9467675,-1.9410747,-0.37313919,-0.38852197,2.8180417,-1.8217371
-0.42217871,0,2.0000206,-1.1562109,-0.29852543,-0.54069305,2.9920752,-1.8918079,-0.36201526,-0.39341198,2.8630559,-1.7730695
-0.40900414,0,2.0346372,-1.1181748,-0.2892096,-0.54725548,3.0365873,-1.841536,-0.35071816,-0.39818685,2.9073166,-1.7234451
-0.39563147,0,2.0687285,-1.079491,-0.27975369,-0.55365666,3.0802823,-1.7902713,-0.33925119,-0.40284439,2.9508026,-1.6728761
-0.38206464,0,2.1022787,-1.0401695,-0.2701605,-0.55989366,3.1231388,-1.7380265,-0.32761772,-0.40738247,2.9934929,-1.6213752
-0.36830767,0,2.1352717,-1.0002206,-0.26043285,-0.56596357,3.1651355,-1.6848146,-0.31582122,-0.41179898,3.0353665,-1.5689556
-0.35436467,0,2.1676916,-0.95965512,-0.25057366,-0.57186354,3.2062515,-1.6306493,-0.3038652,-0.41609184,3.0764027,-1.5156306
-0.34023985,0,2.1995229,-0.91848386,-0.24058591,-0.57759078,3.246466,-1.5755445,-0.29175326,-0.42025902,3.1165811,-1.4614144
-0.32593747,0,2.2307498,-0.87671813,-0.2304726,-0.58314252,3.2857583,-1.5195146,-0.27948908,-0.42429851,3.1558812,-1.4063211
-0.31146191,0,2.2613569,-0.83436944,-0.22023683,-0.58851609,3.324108,-1.4625746,-0.26707638,-0.42820835,3.1942829,-1.3503657
-0.29681759,0,2.2913289,-0.79144965,-0.20988173,-0.59370883,3.361495,-1.4047397,-0.25451899,-0.43198663,3.2317662,-1.2935632
-0.28200905,0,2.3206507,-0.74797087,-0.19941051,-0.59871817,3.3978995,-1.3460257,-0.24182076,-0.43563145,3.2683116,-1.2359295
-0.26704087,0,2.3493071,-0.70394549,-0.18882641,-0.60354156,3.4333016,-1.2864489,-0.22898566,-0.43914099,3.3038995,-1.1774804
-0.25191775,0,2.3772834,-0.6593862,-0.17813275,-0.60817654,3.467682,-1.2260258,-0.21601769,-0.44251343,3.3385107,-1.1182324
-0.23664442,0,2.4045648,-0.61430597,-0.16733287,-0.6126207,3.5010216,-1.1647734,-0.20292091,-0.44574703,3.3721263,-1.0582023
-0.22122571,0,2.4311368,-0.56871804,-0.1564302,-0.61687168,3.5333014,-1.1027091,-0.18969948,-0.44884008,3.4047274,-0.99740743
-0.20566652,0,2.4569851,-0.5226359,-0.14542819,-0.62092719,3.5645028,-1.039851,-0.17635759,-0.45179089,3.4362957,-0.93586536
-0.18997182,0,2.4820955,-0.47607336,-0.13433036,-0.624785,3.5946076,-0.97621716,-0.16289949,-0.45459786,3.4668129,-0.87359413
-0.17414664,0,2.5064541,-0.42904444,-0.12314027,-0.62844294,3.6235977,-0.91182634,-0.14932952,-0.4572594,3.4962612,-0.81061214
-0.1581961,0,2.530047,-0.38156345,-0.11186153,-0.63189891,3.6514554,-0.84669761,-0.13565204,-0.45977399,3.524623,-0.74693819
-0.14212535,0,2.5528608,-0.33364496,-0.1004978,-0.63515087,3.6781634,-0.78085045,-0.12187148,-0.46214014,3.551881,-0.68259143
-0.12593964,0,2.5748821,-0.28530378,-0.089052772,-0.63819686,3.7037045,-0.71430472,-0.10799235,-0.46435642,3.5780181,-0.61759142
-0.10964426,0,2.5960977,-0.23655498,-0.077530197,-0.64103496,3.7280621,-0.64708069,-0.094019174,-0.46642144,3.6030178,-0.55195805
-0.093244564,0,2.6164948,-0.18741387,-0.065933864,-0.64366334,3.7512198,-0.57919898,-0.079956554,-0.46833387,3.6268636,-0.48571159
-0.076745979,0,2.6360607,-0.137896,-0.054267602,-0.64608024,3.7731615,-0.5106806,-0.065809134,-0.47009243,3.6495396,-0.41887266
-0.060153974,0,2.654783,-0.088017172,-0.042535283,-0.64828396,3.7938715,-0.44154693,-0.051581608,-0.47169587,3.67103,-0.35146223
-0.04347408,0,2.6726495,-0.037793395,-0.030740817,-0.65027288,3.8133346,-0.37181972,-0.037278717,-0.47314302,3.6913197,-0.28350161
-0.02671188,0,2.6896482,0.01275908,-0.018888152,-0.65204544,3.8315358,-0.30152106,-0.022905249,-0.47443274,3.7103935,-0.21501247
-0.0098730093,0,2.7057674,0.063623781,-0.006981272,-0.65360016,3.8484606,-0.2306734,-0.0084660359,-0.47556397,3.728237,-0.14601678
0.0070368482,0,2.7209959,0.11478402,0.004975803,-0.65493564,3.8640948,-0.15929954,0.0060340474,-0.47653567,3.7448358,-0.076536848
0.02401196,0,2.7353223,0.16622289,0.016979019,-0.65605054,3.8784247,-0.087422605,0.020590085,-0.47734688,3.7601763,-0.0065953082
0.041046547,0,2.7487359,0.21792329,0.029024291,-0.6569436,3.8914369,-0.01506606,0.035197123,-0.47799668,3.7742449,0.063784902
0.058134787,0,2.7612261,0.2698679,0.041107502,-0.65761366,3.9031184,0.057746311,0.049850168,-0.47848422,3.7870285,0.13458054
0.075270815,0,2.7727824,0.32203922,0.053224504,-0.65805959,3.9134568,0.1309904,0.064544192,-0.47880868,3.7985146,0.20576806
0.092448729,0,2.7833951,0.37441955,0.065371123,-0.65828038,3.92244,0.20464181,0.079274131,-0.47896933,3.808691,0.27732363
0.10966259,0,2.7930542,0.42699099,0.077543158,-0.65827508,3.9300564,0.27867581,0.094034891,-0.47896547,3.8175457,0.34922313
0.12690641,0,2.8017504,0.47973549,0.089736381,-0.65804282,3.9362946,0.35306739,0.10882135,-0.47879648,3.8250675,0.42144218
0.14417418,0,2.8094747,0.5326348,0.10194654,-0.6575828,3.941144,0.42779128,0.12362834,-0.47846177,3.8312453,0.4939561
0.16145987,0,2.8162182,0.58567051,0.11416937,-0.65689432,3.9445943,0.50282188,0.13845069,-0.47796082,3.8360688,0.56673998
0.17875739,0,2.8219724,0.63882405,0.12640056,-0.65597674,3.9466356,0.57813337,0.1532832,-0.47729319,3.8395277,0.63976865
0.19606066,0,2.8267292,0.6920767,0.13863582,-0.65482953,3.9472586,0.65369962,0.16812063,-0.47645847,3.8416126,0.71301669
0.21336353,0,2.8304808,0.74540956,0.1508708,-0.6534522,3.9464543,0.72949429,0.18295772,-0.47545631,3.8423142,0.78645843
0.23065988,0,2.8332197,0.79880363,0.16310117,-0.65184438,3.9442145,0.80549077,0.19778922,-0.47428645,3.8416239,0.86006801
0.24794352,0,2.8349388,0.85223973,0.17532255,-0.65000576,3.9405311,0.88166223,0.21260982,-0.47294866,3.8395335,0.93381931
0.26520828,0,2.8356313,0.90569858,0.18753057,-0.64793612,3.9353968,0.95798158,0.22741423,-0.47144278,3.8360352,1.007686
0.28244795,0,2.8352907,0.95916075,0.19972086,-0.64563533,3.9288046,1.0344216,0.24219712,-0.46976871,3.8311219,1.0816417
0.29965631,0,2.8339109,1.0126067,0.21188901,-0.64310333,3.9207481,1.1109546,0.25695317,-0.46792641,3.8247867,1.1556595
0.31682713,0,2.8314861,1.0660168,0.22403062,-0.64034016,3.9112214,1.1875532,0.27167703,-0.4659159,3.8170233,1.2297126
0.33395419,0,2.8280111,1.1193713,0.23614127,-0.63734592,3.9002192,1.2641892,0.28636335,-0.46373728,3.8078261,1.303774
0.35103122,0,2.8234809,1.1726504,0.24821656,-0.63412083,3.8877366,1.3408348,0.30100679,-0.46139067,3.7971898,1.3778163
0.36805199,0,2.8178906,1.225834,0.26025206,-0.63066516,3.8737692,1.4174615,0.31560198,-0.4588763,3.7851096,1.4518123
0.38501024,0,2.8112362,1.2789022,0.27224335,-0.62697928,3.8583133,1.4940411,0.33014355,-0.45619443,3.7715813,1.5257344
0.40189971,0,2.8035137,1.3318349,0.28418601,-0.62306365,3.8413655,1.570545,0.34462616,-0.4533454,3.7566012,1.5995549
0.41871416,0,2.7947195,1.3846119,0.29607562,-0.61891881,3.8229232,1.6469445,0.35904443,-0.45032958,3.7401661,1.6732461
0.43544735,0,2.7848507,1.4372129,0.30790777,-0.61454538,3.8029842,1.7232107,0.37339302,-0.44714744,3.7222734,1.7467799
0.45209303,0,2.7739044,1.4896178,0.31967805,-0.60994408,3.7815469,1.7993148,0.38766657,-0.44379951,3.7029209,1.8201285
0.46864497,0,2.7618784,1.541806,0.33138204,-0.6051157,3.7586102,1.8752276,0.40185975,-0.44028634,3.6821071,1.8932636
0.48509696,0,2.7487706,1.5937574,0.34301535,-0.60006112,3.7341735,1.95092,0.41596721,-0.4366086,3.6598309,1.9661571
0.50144279,0,2.7345796,1.6454513,0.3545736,-0.59478131,3.708237,2.0263628,0.42998364,-0.43276697,3.6360918,2.0387806
0.51767627,0,2.7193041,1.6968675,0.3660524,-0.58927733,3.6808011,2.1015266,0.44390374,-0.42876224,3.6108898,2.111106
0.53379124,0,2.7029435,1.7479855,0.3774474,-0.58355031,3.6518672,2.176382,0.45772221,-0.42459522,3.5842257,2.1831046
0.54978154,0,2.6854974,1.7987848,0.38875426,-0.57760147,3.6214369,2.2508996,0.47143378,-0.4202668,3.5561004,2.2547481
0.56564106,0,2.6669659,1.8492449,0.39996863,-0.57143213,3.5895126,2.3250499,0.4850332,-0.41577795,3.5265158,2.326008
0.58136368,0,2.6473495,1.8993453,0.4110862,-0.56504368,3.5560971,2.3988033,0.49851524,-0.41112966,3.4954741,2.3968559
0.59694335,0,2.626649,1.9490657,0.42210269,-0.55843759,3.521194,2.4721303,0.5118747,-0.40632303,3.4629781,2.467263
0.61237402,0,2.6048659,1.9983856,0.43301382,-0.55161543,3.4848072,2.5450013,0.52510639,-0.40135918,3.4290313,2.5372011
0.62764968,0,2.5820018,2.0472846,0.44381534,-0.54457884,3.4469414,2.6173868,0.53820516,-0.39623931,3.3936376,2.6066414
0.64276436,0,2.5580589,2.0957424,0.45450303,-0.53732956,3.4076018,2.689257,0.55116589,-0.39096468,3.3568015,2.6755556
0.65771212,0,2.5330398,2.1437385,0.4650727,-0.5298694,3.3667942,2.7605827,0.56398349,-0.38553662,3.3185281,2.7439152
0.67248707,0,2.5069474,2.1912529,0.47552017,-0.52220025,3.324525,2.8313341,0.57665291,-0.37995649,3.2788231,2.8116917
0.68708336,0,2.4797852,2.2382651,0.4858413,-0.5143241,3.2808012,2.9014818,0.58916912,-0.37422575,3.2376928,2.8788567
0.70149518,0,2.4515571,2.2847552,0.496032,-0.50624301,3.2356302,2.9709964,0.60152715,-0.36834589,3.1951439,2.945382
0.71571676,0,2.4222672,2.3307031,0.50608817,-0.49795911,3.1890203,3.0398486,0.61372206,-0.36231848,3.1511839,3.0112393
0.72974239,0,2.3919204,2.3760887,0.51600579,-0.48947465,3.1409801,3.1080091,0.62574894,-0.35614512,3.1058206,3.0764005
0.74356642,0,2.3605217,2.4208923,0.52578086,-0.48079191,3.091519,3.1754487,0.63760294,-0.3498275,3.0590627,3.1408375
0.75718323,0,2.3280767,2.465094,0.5354094,-0.47191329,3.0406469,3.2421382,0.64927926,-0.34336736,3.0109193,3.2045223
0.77058727,0,2.2945914,2.5086741,0.54488749,-0.46284126,2.9883742,3.3080489,0.66077314,-0.33676648,2.9614,3.2674272
0.78377306,0,2.2600721,2.5516132,0.55421124,-0.45357834,2.9347121,3.3731517,0.67207985,-0.33002672,2.9105151,3.3295245
0.79673515,0,2.2245258,2.5938917,0.56337683,-0.44412718,2.8796722,3.437418,0.68319475,-0.32314999,2.8582753,3.3907865
0.80946817,0,2.1879597,2.6354904,0.57238044,-0.43449046,2.8232667,3.5008192,0.69411323,-0.31613824,2.8046923,3.4511859
0.82196683,0,2.1503814,2.6763901,0.58121832,-0.42467096,2.7655085,3.563327,0.70483074,-0.30899351,2.7497777,3.5106954
0.83422588,0,2.1117991,2.7165718,0.58988678,-0.41467154,2.706411,3.624913,0.71534279,-0.30171786,2.6935444,3.5692881
0.84624016,0,2.0722214,2.7560167,0.59838216,-0.40449511,2.6459882,3.6855493,0.72564495,-0.29431342,2.6360052,3.6269369
0.85800457,0,2.0316572,2.7947061,0.60670085,-0.39414469,2.5842545,3.745208,0.73573285,-0.28678239,2.577174,3.6836153
0.86951407,0,1.9901159,2.8326214,0.6148393,-0.38362334,2.5212253,3.8038614,0.74560217,-0.27912698,2.517065,3.7392968
0.88076374,0,1.9476073,2.8697444,0.62279401,-0.37293422,2.4569161,3.8614821,0.75524868,-0.2713495,2.4556929,3.7939551
0.89174869,0,1.9041417,2.9060568,0.63056155,-0.36208054,2.3913434,3.918043,0.76466819,-0.26345229,2.3930731,3.8475643
0.90246414,0,1.8597298,2.9415408,0.63813851,-0.35106559,2.3245238,3.973517,0.77385661,-0.25543774,2.3292215,3.9000984
0.91290537,0,1.8143825,2.9761786,0.64552158,-0.33989273,2.2564749,4.0278774,0.7828099,-0.24730829,2.2641547,3.9515322
0.92306777,0,1.7681115,3.0099527,0.65270748,-0.32856538,2.1872145,4.0810979,0.79152408,-0.23906643,2.1978896,4.0018402
0.93294679,0,1.7209286,3.0428458,0.659693,-0.31708705,2.1167614,4.1331523,0.79999527,-0.23071472,2.1304438,4.0509975
0.94253798,0,1.6728461,3.0748408,0.666475,-0.30546129,2.0451344,4.1840146,0.80821965,-0.22225573,2.0618353,4.0989795
0.95183699,0,1.6238768,3.1059208,0.67305039,-0.29369172,1.9723533,4.2336594,0.81619349,-0.21369212,1.992083,4.1457617
0.96083954,0,1.5740338,3.1360693,0.67941616,-0.28178205,1.8984383,4.2820613,0.82391311,-0.20502656,1.9212059,4.1913201
0.96954147,0,1.5233306,3.1652699,0.68556935,-0.26973602,1.82341,4.3291954,0.83137495,-0.19626178,1.8492237,4.235631
0.97793868,0,1.4717813,3.1935065,0.69150707,-0.25755744,1.7472897,4.3750372,0.8385755,-0.18740057,1.7761568,4.2786708
0.9860272,0,1.4194,3.2207634,0.69722652,-0.24525021,1.6700992,4.4195623,0.84551135,-0.17844574,1.7020258,4.3204166
0.99380314,0,1.3662017,3.2470249,0.70272494,-0.23281824,1.5918607,4.4627468,0.85217916,-0.16940015,1.6268521,4.3608456
1.0012627,0,1.3122013,3.2722758,0.70799966,-0.22026554,1.5125972,4.5045672,0.8585757,-0.16026672,1.5506575,4.3999354
1.0084023,0,1.2574145,3.2965012,0.71304808,-0.20759615,1.432332,4.5450004,0.86469781,-0.15104839,1.4734642,4.4376641
1.0152182,0,1.2018571,3.3196862,0.71786767,-0.19481418,1.3510888,4.5840236,0.87054242,-0.14174814,1.3952951,4.4740101
1.021707,0,1.1455454,3.3418167,0.72245598,-0.1819238,1.268892,4.6216144,0.87610657,-0.132369,1.3161734,4.5089521
1.0278655,0,1.0884961,3.3628785,0.72681063,-0.1689292,1.1857665,4.6577508,0.88138735,-0.12291405,1.236123,4.5424693
1.0336902,0,1.0307261,3.3828578,0.73092932,-0.15583467,1.1017377,4.6924113,0.886382,-0.11338637,1.155168,4.5745414
1.039178,0,0.97225289,3.4017412,0.73480983,-0.1426445,1.0168312,4.7255749,0.8910878,-0.10378912,1.0733333,4.6051484
1.044326,0,0.91309423,3.4195157,0.73845001,-0.12936307,0.93107336,4.7572208,0.89550217,-0.094125459,0.99064412,4.6342708
1.0491312,0,0.85326821,3.4361685,0.74184781,-0.11599478,0.84449097,4.7873289,0.89962261,-0.084398601,0.90712602,4.6618894
1.0535909,0,0.79279331,3.4516871,0.74500124,-0.10254409,0.75711121,4.8158793,0.90344671,-0.074611787,0.82280518,4.6879858
1.0577022,0,0.73168832,3.4660596,0.74790841,-0.089015502,0.66896171,4.8428529,0.90697217,-0.064768291,0.73770817,4.7125417
1.0614627,0,0.66997242,3.4792742,0.7505675,-0.07541355,0.58007059,4.8682307,0.91019679,-0.054871418,0.65186199,4.7355394
1.06487,0,0.60766509,3.4913195,0.75297678,-0.06174282,0.49046636,4.8919947,0.91311847,-0.0449245,0.5652941,4.7569617
1.0679216,0,0.54478615,3.5021847,0.75513461,-0.048007933,0.40017799,4.9141268,0.91573523,-0.034930902,0.47803236,4.7767919
1.0706154,0,0.48135575,3.5118592,0.75703943,-0.034213548,0.30923483,4.9346099,0.91804516,-0.024894013,0.39010505,4.7950139
1.0729494,0,0.41739437,3.5203326,0.75868977,-0.020364362,0.21766668,4.9534273,0.92004648,-0.01481725,0.30154086,4.8116119
1.0749214,0,0.35292277,3.5275953,0.76008423,-0.0064651049,0.1255037,4.9705625,0.92173752,-0.0047040548,0.21236887,4.8265707
1.0765298,0,0.28796204,3.5336378,0.76122154,0.0074794613,0.032776469,4.9860001,0.92311671,0.0054421075,0.12261855,4.8398757
1.0777728,0,0.22253357,3.538451,0.76210048,0.021464542,-0.060484071,4.9997248,0.92418258,0.015617748,0.03231976,4.8515128
1.0786489,0,0.15665904,3.5420264,0.76271993,0.035485314,-0.1542466,5.011722,0.92493377,0.025819359,-0.058497279,4.8614684
1.0791565,0,0.09036042,3.5443557,0.76307887,0.049536926,-0.24847945,5.0219778,0.92536905,0.036043408,-0.14980198,4.8697296
1.0792944,0,0.023659952,3.5454312,0.76317637,0.063614501,-0.34315058,5.0304787,0.92548729,0.046286348,-0.24156342,4.8762837
1.0790613,0,-0.043419844,3.5452455,0.76301158,0.077713136,-0.43822763,5.0372118,0.92528746,0.056544612,-0.33375032,4.8811191
1.0784563,0,-0.11085618,3.5437917,0.76258376,0.091827908,-0.5336779,5.0421648,0.92476865,0.066814617,-0.42633106,4.8842243
1.0774783,0,-0.17862602,3.5410632,0.76189225,0.10595387,-0.62946837,5.0453261,0.92393006,0.077092766,-0.51927373,4.8855886
1.0761267,0,-0.24670606,3.537054,0.76093648,0.12008606,-0.72556572,5.0466847,0.92277103,0.087375446,-0.61254609,4.885202
1.0744007,0,-0.31507276,3.5317585,0.75971599,0.1342195,-0.82193633,5.04623,0.92129097,0.097659033,-0.70611559,4.8830548
1.0722997,0,-0.38370235,3.5251714,0.75823041,0.14834919,-0.9185463,5.0439523,0.91948944,0.10793989,-0.79994942,4.8791382
1.0698235,0,-0.45257083,3.5172881,0.75647946,0.16247012,-1.0153614,5.0398423,0.91736609,0.11821438,-0.89401447,4.8734438
1.0669717,0,-0.52165398,3.5081043,0.75446294,0.17657726,-1.1123473,5.0338915,0.91492071,0.12847883,-0.98827737,4.8659639
1.0637443,0,-0.59092736,3.4976161,0.75218079,0.19066559,-1.2094692,5.026092,0.91215319,0.1387296,-1.0827045,4.8566915
1.0601411,0,-0.66036633,3.4858202,0.749633,0.20473007,-1.3066922,5.0164364,0.90906354,0.14896301,-1.177262,4.8456201
1.0561625,0,-0.72994607,3.4727138,0.74681967,0.21876564,-1.4039811,5.0049181,0.90565188,0.15917539,-1.2719157,4.8327438
1.0518086,0,-0.79964155,3.4582943,0.74374102,0.23276727,-1.5013005,4.9915313,0.90191847,0.16936306,-1.3666314,4.8180576
1.04708,0,-0.86942758,3.4425599,0.74039734,0.24672988,-1.598615,4.9762706,0.89786366,0.17952236,-1.4613744,4.801557
1.041977,0,-0.93927878,3.425509,0.73678903,0.26064844,-1.6958886,4.9591313,0.89348794,0.1896496,-1.5561102,4.7832379
1.0365006,0,-1.0091696,3.4071408,0.73291657,0.27451789,-1.7930855,4.9401096,0.88879189,0.1997411,-1.6508037,4.7630973
1.0306514,0,-1.0790745,3.3874546,0.72878056,0.28833317,-1.8901695,4.9192021,0.88377625,0.2097932,-1.7454198,4.7411326
1.0244304,0,-1.1489675,3.3664505,0.72438169,0.30208924,-1.9871044,4.8964063,0.87844183,0.21980221,-1.8399234,4.7173419
1.0178388,0,-1.2188227,3.344129,0.71972074,0.31578107,-2.0838538,4.8717204,0.87278959,0.22976448,-1.9342791,4.691724
1.0108779,0,-1.288614,3.3204909,0.71479858,0.32940363,-2.1803811,4.845143,0.86682061,0.23967634,-2.0284512,4.6642784
1.0035489,0,-1.3583152,3.2955378,0.70961621,0.34295189,-2.2766497,4.8166738,0.86053606,0.24953415,-2.1224043,4.6350051
0.99585341,0,-1.4279001,3.2692716,0.7041747,0.35642085,-2.3726229,4.786313,0.85393725,0.25933426,-2.2161024,4.6039051
0.98779312,0,-1.4973422,3.2416947,0.69847521,0.36980552,-2.4682637,4.7540614,0.84702561,0.26907304,-2.3095098,4.5709799
0.9793698,0,-1.566615,3.2128101,0.69251903,0.38310092,-2.5635354,4.7199207,0.83980268,0.27874686,-2.4025905,4.5362315
0.97058539,0,-1.6356921,3.1826211,0.68630751,0.3963021,-2.6584009,4.6838933,0.83227011,0.28835213,-2.4953085,4.499663
0.96144195,0,-1.7045467,3.1511319,0.67984213,0.40940411,-2.7528232,4.6459823,0.82442967,0.29788525,-2.5876278,4.461278
0.95194169,0,-1.7731522,3.1183467,0.67312443,0.42240205,-2.8467653,4.6061914,0.81628327,0.30734264,-2.6795122,4.4210806
0.94208695,0,-1.8414819,3.0842706,0.66615607,0.43529103,-2.9401902,4.5645251,0.8078329,0.31672074,-2.7709257,4.379076
0.93188021,0,-1.909509,3.0489091,0.65893882,0.44806616,-3.0330608,4.5209887,0.79908069,0.32601602,-2.861832,4.3352696
0.92132407,0,-1.9772066,3.0122679,0.6514745,0.46072263,-3.12534,4.4755881,0.79002887,0.33522495,-2.9521951,4.2896681
0.91042128,0,-2.0445481,2.9743537,0.64376506,0.47325562,-3.2169907,4.4283301,0.78067981,0.34434404,-3.0419788,4.2422783
0.89917472,0,-2.1115066,2.9351734,0.63581254,0.48566035,-3.3079761,4.379222,0.77103596,0.35336981,-3.131147,4.1931082
0.88758739,0,-2.1780552,2.8947345,0.62761906,0.49793208,-3.3982592,4.328272,0.76109991,0.3622988,-3.2196635,4.1421662
0.87566245,0,-2.2441672,2.8530449,0.61918685,0.5100661,-3.4878031,4.275489,0.75087435,0.3711276,-3.3074925,4.0894615
0.86340315,0,-2.3098158,2.8101131,0.61051823,0.52205773,-3.576571,4.2208826,0.7403621,0.3798528,-3.394598,4.035004
0.85081292,0,-2.3749742,2.7659482,0.60161558,0.53390236,-3.6645263,4.1644631,0.72956606,0.38847103,-3.480944,3.9788044
0.83789527,0,-2.4396158,2.7205596,0.59248142,0.54559538,-3.7516323,4.1062416,0.71848926,0.39697895,-3.5664948,3.9208739
0.82465386,0,-2.503714,2.6739572,0.58311834,0.55713224,-3.8378527,4.04623,0.70713485,0.40537325,-3.6512148,3.8612245
0.8110925,0,-2.5672421,2.6261517,0.573529,0.56850843,-3.923151,3.9844407,0.69550608,0.41365065,-3.7350684,3.799869
0.79721508,0,-2.6301736,2.577154,0.56371619,0.57971951,-4.0074912,3.920887,0.68360629,0.4218079,-3.8180202,3.7368209
0.78302565,0,-2.6924822,2.5269756,0.55368275,0.59076105,-4.0908372,3.8555829,0.67143895,0.4298418,-3.900035,3.6720941
0.76852837,0,-2.7541415,2.4756286,0.54343162,0.6016287,-4.1731532,3.7885432,0.65900764,0.43774918,-3.9810777,3.6057036
0.75372753,0,-2.8151254,2.4231252,0.53296585,0.61231813,-4.2544037,3.7197832,0.64631602,0.44552688,-4.0611134,3.5376649
0.73862753,0,-2.8754077,2.3694787,0.52228854,0.6228251,-4.3345532,3.6493191,0.63336788,0.45317183,-4.1401074,3.4679942
0.72323291,0,-2.9349625,2.3147024,0.51140289,0.6331454,-4.4135665,3.5771679,0.6201671,0.46068095,-4.2180252,3.3967083
0.7075483,0,-2.993764,2.2588103,0.5003122,0.64327489,-4.4914088,3.5033471,0.60671766,0.46805123,-4.2948325,3.323825
0.69157847,0,-3.0517865,2.2018168,0.48901983,0.65320947,-4.5680453,3.4278751,0.59302364,0.4752797,-4.3704953,3.2493624
0.6753283,0,-3.1090044,2.1437369,0.47752922,0.66294511,-4.6434417,3.3507708,0.57908924,0.48236342,-4.4449798,3.1733396
0.65880278,0,-3.1653926,2.084586,0.46584391,0.67247785,-4.7175638,3.2720541,0.56491873,0.48929951,-4.5182525,3.0957762
0.64200702,0,-3.2209258,2.02438,0.45396752,0.68180378,-4.7903778,3.1917453,0.55051648,0.49608512,-4.5902802,3.0166924
0.62494624,0,-3.275579,1.9631351,0.44190372,0.69091907,-4.8618502,3.1098656,0.53588698,0.50271747,-4.6610299,2.9361094
0.60762576,0,-3.3293276,1.9008684,0.4296563,0.69981994,-4.9319477,3.0264368,0.52103479,0.5091938,-4.730469,2.8540487
0.59005102,0,-3.3821469,1.8375969,0.41722908,0.70850268,-5.0006377,2.9414815,0.50596457,0.51551142,-4.7985652,2.7705327
0.57222756,0,-3.4340127,1.7733385,0.40462599,0.71696366,-5.0678876,2.8550229,0.49068108,0.52166769,-4.8652865,2.6855844
0.55416102,0,-3.4849008,1.7081114,0.39185101,0.72519932,-5.1336652,2.7670848,0.47518915,0.52766001,-4.9306012,2.5992273
0.53585715,0,-3.5347875,1.6419343,0.37890822,0.73320615,-5.1979389,2.6776918,0.45949371,0.53348584,-4.9944782,2.5114858
0.5173218,0,-3.5836491,1.5748262,0.36580175,0.74098075,-5.2606773,2.5868691,0.44359978,0.53914269,-5.0568865,2.4223847
0.49856092,0,-3.6314624,1.5068067,0.35253581,0.74851976,-5.3218496,2.4946428,0.42751246,0.54462812,-5.1177957,2.3319497
0.47958055,0,-3.6782043,1.4378958,0.33911466,0.75581992,-5.3814251,2.4010392,0.41123693,0.54993977,-5.1771756,2.2402068
0.46038683,0,-3.723852,1.3681139,0.32554265,0.76287805,-5.4393739,2.3060856,0.39477845,0.55507531,-5.2349966,2.1471829
0.44098598,0,-3.7683831,1.2974818,0.31182418,0.76969103,-5.4956664,2.2098099,0.37814236,0.56003248,-5.2912294,2.0529054
0.42138435,0,-3.8117754,1.2260208,0.29796373,0.77625583,-5.5502734,2.1122404,0.3613341,0.56480908,-5.3458453,1.9574023
0.40158832,0,-3.8540071,1.1537526,0.28396582,0.78256952,-5.6031663,2.0134064,0.34435914,0.56940296,-5.3988159,1.8607022
0.3816044,0,-3.8950567,1.0806993,0.26983506,0.78862922,-5.6543169,1.9133375,0.32722307,0.57381204,-5.4501133,1.7628344
0.36143917,0,-3.934903,1.0068833,0.25557609,0.79443216,-5.7036976,1.8120642,0.30993153,0.5780343,-5.4997102,1.6638285
0.3410993,0,-3.9735253,0.93232753,0.24119363,0.79997565,-5.7512813,1.7096172,0.29249023,0.58206778,-5.5475797,1.5637149
0.32059152,0,-4.0109029,0.85705528,0.22669244,0.80525709,-5.7970413,1.6060281,0.27490496,0.58591059,-5.5936954,1.4625246
0.29992265,0,-4.0470159,0.78109019,0.21207734,0.81027395,-5.8409516,1.5013291,0.25718155,0.5895609,-5.6380315,1.3602891
0.2790996,0,-4.0818444,0.7044563,0.19735322,0.81502382,-5.8829867,1.3955529,0.23932593,0.59301693,-5.6805626,1.2570404
0.25812932,0,-4.1153692,0.627178,0.18252499,0.81950436,-5.9231216,1.2887327,0.22134406,0.596277,-5.721264,1.152811
0.23701885,0,-4.1475712,0.54928005,0.16759764,0.82371332,-5.9613321,1.1809022,0.20324199,0.59933947,-5.7601114,1.0476341
0.21577531,0,-4.178432,0.47078758,0.15257618,0.82764855,-5.9975944,1.072096,0.1850258,0.60220277,-5.7970813,0.9415432
0.19440585,0,-4.2079333,0.39172603,0.1374657,0.831308,-6.0318853,0.96234877,0.16670164,0.60486542,-5.8321505,0.83457251
0.17291772,0,-4.2360576,0.31212121,0.12227129,0.83468971,-6.0641824,0.85169607,0.14827572,0.60732597,-5.8652965,0.72675661
0.15131821,0,-4.2627874,0.23199925,0.10699813,0.8377918,-6.0944636,0.74017379,0.12975429,0.60958307,-5.8964976,0.61813062
0.12961466,0,-4.2881059,0.1513866,0.091651407,0.84061252,-6.1227079,0.62781836,0.11114366,0.61163545,-5.9257325,0.50873013
0.10781449,0,-4.3119967,0.070310017,0.076236359,0.84315018,-6.1488945,0.51466673,0.092450165,0.61348187,-5.9529806,0.39859119
0.085925156,0,-4.3344439,-0.011203425,0.06075826,0.84540321,-6.1730036,0.40075629,0.073680213,0.61512119,-5.9782219,0.28775029
0.063954162,0,-4.355432,-0.093126362,0.045222421,0.84737015,-6.1950159,0.28612493,0.054840241,0.61655235,-6.001437,0.17624439
0.041909066,0,-4.374946,-0.17543114,0.029634184,0.84904961,-6.2149127,0.17081099,0.035936727,0.61777434,-6.0226073,0.064110867
0.019797469,0,-4.3929712,-0.25808983,0.013998924,0.85044033,-6.2326763,0.054853236,0.016976189,0.61878623,-6.0417149,-0.048612485
-0.0023729872,0,-4.4094938,-0.34107422,-0.0016779556,0.85154112,-6.2482895,-0.061709106,-0.0020348199,0.61958718,-6.0587423,-0.16188746
-0.024594621,0,-4.4245001,-0.42435587,-0.017391023,0.85235093,-6.2617358,-0.17883641,-0.021089714,0.6201764,-6.073673,-0.27567546
-0.046859715,0,-4.437977,-0.50790605,-0.033134822,0.85286878,-6.2729994,-0.29648864,-0.040181874,0.62055319,-6.0864911,-0.3899375
-0.069160518,0,-4.4499121,-0.59169581,-0.048903872,0.85309382,-6.2820654,-0.41462535,-0.059304655,0.62071693,-6.0971812,-0.50463424
-0.091489249,0,-4.4602932,-0.67569596,-0.064692669,0.85302527,-6.2889196,-0.53320575,-0.078451384,0.62066705,-6.1057291,-0.61972597
-0.1138381,0,-4.469109,-0.75987711,-0.080495691,0.8526625,-6.2935483,-0.65218866,-0.097615364,0.62040309,-6.1121208,-0.73517265
-0.13619923,0,-4.4763484,-0.84420963,-0.0963074,0.85200493,-6.2959389,-0.77153254,-0.11678988,0.61992465,-6.1163433,-0.85093389
-0.15856479,0,-4.482001,-0.92866369,-0.11212224,0.85105214,-6.2960795,-0.89119553,-0.13596819,0.61923139,-6.1183844,-0.96696901
-0.1809269,0,-4.4860569,-1.0132093,-0.12793464,0.84980379,-6.2939588,-1.0111354,-0.15514354,0.61832308,-6.1182325,-1.083237
-0.20327767,0,-4.4885069,-1.0978163,-0.14373902,0.84825963,-6.2895663,-1.1313098,-0.17430916,0.61719954,-6.1158769,-1.1996966
-0.22560919,0,-4.489342,-1.1824542,-0.15952979,0.84641954,-6.2828927,-1.2516757,-0.19345828,0.61586068,-6.1113075,-1.3163063
-0.24791354,0,-4.4885541,-1.2670926,-0.17530135,0.84428351,-6.2739289,-1.3721902,-0.21258411,0.61430649,-6.1045151,-1.4330242
-0.2701828,0,-4.4861356,-1.3517008,-0.19104809,0.84185162,-6.262667,-1.4928099,-0.23167984,0.61253703,-6.0954914,-1.5498083
-0.29240905,0,-4.4820793,-1.4362479,-0.20676442,0.83912406,-6.2490999,-1.6134912,-0.25073869,0.61055244,-6.0842286,-1.6666162
-0.31458434,0,-4.4763789,-1.5207031,-0.22244472,0.83610114,-6.2332211,-1.7341902,-0.26975385,0.60835294,-6.0707198,-1.7834056
-0.33670076,0,-4.4690283,-1.6050352,-0.23808339,0.83278327,-6.2150252,-1.8548631,-0.28871852,0.60593883,-6.0549592,-1.9001337
-0.35875036,0,-4.4600223,-1.6892132,-0.25367481,0.82917096,-6.1945075,-1.9754654,-0.3076259,0.60331049,-6.0369413,-2.0167575
-0.38072524,0,-4.4493562,-1.7732057,-0.2692134,0.82526484,-6.1716641,-2.0959527,-0.3264692,0.60046837,-6.0166618,-2.1332341
-0.40261748,0,-4.4370258,-1.8569815,-0.28469355,0.82106563,-6.1464919,-2.2162805,-0.34524164,0.597413,-5.9941171,-2.2495203
-0.42441919,0,-4.4230277,-1.940509,-0.30010969,0.81657419,-6.1189889,-2.3364039,-0.36393645,0.59414499,-5.9693044,-2.3655727
-0.44612248,0,-4.4073588,-2.0237569,-0.31545623,0.81179145,-6.0891538,-2.4562781,-0.38254687,0.59066504,-5.9422218,-2.4813477
-0.4677195,0,-4.390017,-2.1066936,-0.33072763,0.80671847,-6.0569861,-2.5758581,-0.40106616,0.5869739,-5.9128681,-2.596802
-0.48920239,0,-4.3710006,-2.1892875,-0.34591833,0.80135641,-6.0224862,-2.6950986,-0.41948759,0.58307243,-5.8812432,-2.7118917
-0.51056335,0,-4.3503084,-2.2715071,-0.36102281,0.79570654,-5.9856554,-2.8139545,-0.43780447,0.57896155,-5.8473475,-2.8265732
-0.53179459,0,-4.3279401,-2.3533207,-0.37603556,0.78977023,-5.946496,-2.9323805,-0.4560101,0.57464225,-5.8111826,-2.9408026
-0.55288835,0,-4.3038959,-2.4346968,-0.3909511,0.78354897,-5.9050109,-3.0503311,-0.47409785,0.57011562,-5.7727506,-3.054536
-0.5738369,0,-4.2781765,-2.5156038,-0.40576397,0.77704435,-5.8612041,-3.1677611,-0.49206109,0.56538281,-5.7320549,-3.1677298
-0.59463256,0,-4.2507835,-2.5960101,-0.42046872,0.77025805,-5.8150805,-3.284625,-0.50989322,0.56044505,-5.6890992,-3.2803398
-0.61526768,0,-4.2217189,-2.6758842,-0.43505995,0.76319187,-5.7666456,-3.4008773,-0.52758768,0.55530365,-5.6438886,-3.3923224
-0.63573464,0,-4.1909854,-2.7551945,-0.44953228,0.75584773,-5.715906,-3.5164726,-0.54513796,0.54996,-5.5964287,-3.5036335
-0.6560259,0,-4.1585865,-2.8339096,-0.46388036,0.74822762,-5.6628693,-3.6313655,-0.56253757,0.54441556,-5.5467261,-3.6142295
-0.67613392,0,-4.124526,-2.9119982,-0.47809888,0.74033366,-5.6075438,-3.7455108,-0.57978006,0.53867186,-5.4947882,-3.7240666
-0.69605126,0,-4.0888088,-2.9894291,-0.49218257,0.73216807,-5.5499388,-3.858863,-0.59685903,0.53273052,-5.4406235,-3.833101
-0.7157705,0,-4.0514399,-3.0661709,-0.50612618,0.72373315,-5.4900643,-3.9713771,-0.61376814,0.52659322,-5.384241,-3.9412892
-0.73528429,0,-4.0124255,-3.1421926,-0.51992451,0.71503134,-5.4279315,-4.0830079,-0.63050108,0.52026172,-5.3256508,-4.0485878
-0.75458534,0,-3.971772,-3.2174633,-0.53357241,0.70606515,-5.3635521,-4.1937104,-0.64705159,0.51373786,-5.264864,-4.1549533
-0.77366641,0,-3.9294867,-3.2919521,-0.54706477,0.69683721,-5.2969391,-4.3034397,-0.66341348,0.50702354,-5.2018922,-4.2603426
-0.79252035,0,-3.8855774,-3.3656283,-0.56039651,0.68735022,-5.2281062,-4.4121512,-0.67958059,0.50012075,-5.1367481,-4.3647125
-0.81114004,0,-3.8400527,-3.4384614,-0.57356263,0.67760703,-5.1570679,-4.5198003,-0.69554685,0.49303153,-5.0694453,-4.4680203
-0.82951847,0,-3.7929217,-3.510421,-0.58655814,0.66761054,-5.0838397,-4.6263426,-0.71130622,0.48575802,-4.9999981,-4.5702231
-0.84764868,0,-3.7441942,-3.5814769,-0.59937813,0.65736377,-5.008438,-4.731734,-0.72685275,0.4783024,-4.9284219,-4.6712786
-0.8655238,0,-3.6938806,-3.6515991,-0.61201775,0.64686983,-4.9308801,-4.8359306,-0.74218053,0.47066693,-4.8547328,-4.7711445
-0.88313701,0,-3.6419921,-3.7207578,-0.62447217,0.63613193,-4.851184,-4.9388887,-0.75728374,0.46285397,-4.7789478,-4.8697788
-0.90048161,0,-3.5885403,-3.7889235,-0.63673665,0.62515337,-4.7693688,-5.0405648,-0.77215661,0.45486589,-4.7010847,-4.9671396
-0.91755096,0,-3.5335377,-3.8560667,-0.64880651,0.61393755,-4.6854543,-5.1409158,-0.78679346,0.44670518,-4.6211622,-5.0631856
-0.93433852,0,-3.4769972,-3.9221583,-0.6606771,0.60248796,-4.5994614,-5.2398988,-0.80118867,0.43837438,-4.5391999,-5.1578756
-0.95083782,0,-3.4189325,-3.9871696,-0.67234387,0.59080817,-4.5114116,-5.3374713,-0.81533671,0.42987608,-4.4552183,-5.2511687
-0.96704251,0,-3.3593578,-4.0510718,-0.68380232,0.57890185,-4.4213275,-5.4335909,-0.82923211,0.42121296,-4.3692385,-5.3430242
-0.9829463,0,-3.2982881,-4.1138367,-0.69504799,0.56677275,-4.3292323,-5.5282158,-0.8428695,0.41238775,-4.2812827,-5.4334022
-0.99854302,0,-3.2357389,-4.1754361,-0.70607654,0.55442474,-4.2351504,-5.6213045,-0.85624358,0.40340325,-4.1913738,-5.5222626
-1.0138266,0,-3.1717263,-4.2358424,-0.71688367,0.54186172,-4.1391067,-5.7128159,-0.86934914,0.39426232,-4.0995357,-5.6095661
-1.0287911,0,-3.1062672,-4.2950282,-0.72746514,0.52908773,-4.0411272,-5.802709,-0.88218107,0.38496787,-4.0057928,-5.6952735
-1.0434306,0,-3.0393789,-4.3529663,-0.73781682,0.51610686,-3.9412386,-5.8909437,-0.89473432,0.3755229,-3.9101707,-5.7793463
-1.0577393,0,-2.9710794,-4.4096299,-0.74793462,0.5029233,-3.8394685,-5.97748,-0.90700396,0.36593045,-3.8126955,-5.8617461
-1.0717116,0,-2.9013874,-4.4649926,-0.75781455,0.4895413,-3.7358453,-6.0622784,-0.91898513,0.35619362,-3.7133944,-5.9424352
-1.085342,0,-2.8303221,-4.5190283,-0.76745269,0.47596521,-3.6303981,-6.1452999,-0.93067308,0.34631556,-3.6122951,-6.0213764
-1.098625,0,-2.7579033,-4.5717114,-0.77684519,0.46219945,-3.523157,-6.226506,-0.94206317,0.3362995,-3.5094263,-6.0985326
-1.1115553,0,-2.6841515,-4.6230164,-0.7859883,0.44824852,-3.4141529,-6.3058586,-0.95315082,0.3261487,-3.4048175,-6.1738676
-1.1241277,0,-2.6090877,-4.6729186,-0.79487835,0.43411699,-3.3034174,-6.3833203,-0.96393159,0.3158665,-3.2984989,-6.2473456
-1.1363372,0,-2.5327335,-4.7213932,-0.80351174,0.4198095,-3.1909828,-6.458854,-0.97440112,0.30545628,-3.1905014,-6.3189311
-1.1481787,0,-2.455111,-4.7684163,-0.81188498,0.40533077,-3.0768824,-6.5324233,-0.98455516,0.29492146,-3.0808569,-6.3885894
-1.1596475,0,-2.3762431,-4.813964,-0.81999464,0.39068559,-2.9611501,-6.6039924,-0.99438956,0.28426552,-2.9695978,-6.4562863
-1.1707389,0,-2.296153,-4.8580132,-0.8278374,0.37587882,-2.8438207,-6.6735259,-1.0039003,0.27349202,-2.8567575,-6.5219881
-1.1814482,0,-2.2148647,-4.9005411,-0.83541003,0.36091538,-2.7249296,-6.7409891,-1.0130835,0.26260451,-2.7423698,-6.5856617
-1.191771,0,-2.1324026,-4.9415252,-0.84270937,0.34580026,-2.604513,-6.806348,-1.0219352,0.25160665,-2.6264697,-6.6472747
-1.2017031,0,-2.0487917,-4.9809436,-0.84973238,0.33053851,-2.482608,-6.869569,-1.0304519,0.24050209,-2.5090924,-6.7067952
-1.2112401,0,-1.9640576,-5.0187751,-0.85647611,0.31513524,-2.359252,-6.9306194,-1.0386298,0.22929457,-2.3902742,-6.764192
-1.2203782,0,-1.8782262,-5.0549985,-0.86293768,0.29959562,-2.2344836,-6.989467,-1.0464656,0.21798784,-2.2700519,-6.8194344
-1.2291133,0,-1.7913244,-5.0895935,-0.86911434,0.2839249,-2.1083417,-7.0460802,-1.053956,0.20658571,-2.1484631,-6.8724926
-1.2374417,0,-1.703379,-5.1225402,-0.87500342,0.26812835,-1.9808662,-7.1004283,-1.0610975,0.19509203,-2.025546,-6.9233372
-1.2453598,0,-1.6144178,-5.153819,-0.88060236,0.25221132,-1.8520974,-7.1524812,-1.0678872,0.18351069,-1.9013395,-6.9719399
-1.2528641,0,-1.524469,-5.1834113,-0.88590868,0.2361792,-1.7220764,-7.2022095,-1.0743221,0.17184561,-1.7758832,-7.0182725
-1.2599512,0,-1.4335611,-5.2112985,-0.89092003,0.22003743,-1.590845,-7.2495845,-1.0803992,0.16010075,-1.6492172,-7.0623082
-1.2666179,0,-1.3417232,-5.2374629,-0.89563413,0.20379152,-1.4584456,-7.2945783,-1.0861159,0.14828011,-1.5213823,-7.1040203
-1.2728613,0,-1.248985,-5.2618873,-0.90004884,0.18744701,-1.3249211,-7.3371637,-1.0914695,0.13638773,-1.39242,-7.1433832
-1.2786783,0,-1.1553765,-5.2845549,-0.9041621,0.17100947,-1.1903151,-7.3773144,-1.0964576,0.12442767,-1.2623724,-7.180372
-1.2840663,0,-1.0609283,-5.3054496,-0.90797196,0.15448454,-1.0546719,-7.4150047,-1.1010777,0.11240401,-1.1312819,-7.2149626
-1.2890225,0,-0.96567126,-5.3245558,-0.91147657,0.13787788,-0.91803622,-7.4502099,-1.1053277,0.10032089,-0.99919198,-7.2471315
-1.2935447,0,-0.86963683,-5.3418587,-0.91467421,0.12119521,-0.78045341,-7.4829059,-1.1092054,0.088182467,-0.86614624,-7.2768562
-1.2976304,0,-0.77285685,-5.3573439,-0.91756324,0.10444226,-0.64196936,-7.5130696,-1.1127089,0.075992909,-0.73218903,-7.3041149
-1.3012775,0,-0.67536357,-5.3709976,-0.92014215,0.087624825,-0.50263052,-7.5406786,-1.1158363,0.063756425,-0.59736522,-7.3288866
-1.3044841,0,-0.57718965,-5.3828066,-0.92240952,0.070748704,-0.36248386,-7.5657115,-1.1185859,0.051477244,-0.46172017,-7.3511511
-1.3072482,0,-0.47836816,-5.3927585,-0.92436407,0.053819744,-0.22157684,-7.5881476,-1.1209561,0.039159616,-0.32529976,-7.3708893
-1.3095683,0,-0.37893255,-5.4008413,-0.92600459,0.036843814,-0.079957412,-7.6079673,-1.1229455,0.026807813,-0.18815036,-7.3880826
-1.3114427,0,-0.27891664,-5.4070438,-0.92733002,0.019826811,0.062325977,-7.6251515,-1.1245528,0.014426124,-0.050318811,-7.4027134
-1.3128702,0,-0.17835462,-5.4113554,-0.92833939,0.0027746552,0.20522443,-7.6396823,-1.1257769,0.0020188583,0.088147578,-7.414765
-1.3138494,0,-0.077281029,-5.4137661,-0.92903185,-0.014306711,0.34868863,-7.6515427,-1.1266166,-0.010409661,0.22720106,-7.4242215
-1.3143795,0,0.024269245,-5.4142666,-0.92940666,-0.031411325,0.49266878,-7.6607165,-1.1270711,-0.022855096,0.36679347,-7.4310681
-1.3144594,0,0.12626099,-5.4128482,-0.92946319,-0.048533208,0.63711473,-7.6671885,-1.1271397,-0.035313096,0.50687622,-7.4352907
-1.3140886,0,0.22865867,-5.4095029,-0.92920093,-0.065666365,0.78197591,-7.6709443,-1.1268216,-0.047779299,0.64740033,-7.436876
-1.3132663,0,0.33142645,-5.4042234,-0.92861949,-0.082804787,0.92720138,-7.6719706,-1.1261165,-0.060249332,0.78831643,-7.4358119
-1.3119922,0,0.4345282,-5.3970032,-0.92771858,-0.099942456,1.0727398,-7.670255,-1.125024,-0.072718818,0.92957482,-7.4320871
-1.3102661,0,0.53792751,-5.3878361,-0.92649804,-0.11707334,1.2185396,-7.6657861,-1.1235439,-0.085183369,1.0711254,-7.4256912
-1.3080879,0,0.64158769,-5.3767171,-0.92495781,-0.13419141,1.3645488,-7.6585533,-1.1216761,-0.097638595,1.2129179,-7.4166148
-1.3054576,0,0.74547181,-5.3636414,-0.92309795,-0.15129063,1.5107152,-7.6485472,-1.1194207,-0.1100801,1.3549015,-7.4048494
-1.3023756,0,0.84954269,-5.3486053,-0.92091865,-0.16836495,1.6569861,-7.6357593,-1.1167779,-0.1225035,1.4970252,-7.3903874
-1.2988423,0,0.95376291,-5.3316055,-0.91842019,-0.18540833,1.8033087,-7.6201821,-1.1137481,-0.13490438,1.6392378,-7.3732225
-1.2948582,0,1.0580949,-5.3126395,-0.91560298,-0.20241474,1.9496301,-7.601809,-1.1103317,-0.14727836,1.7814878,-7.3533488
-1.290424,0,1.1625007,-5.2917058,-0.91246756,-0.21937815,2.0958968,-7.5806345,-1.1065294,-0.15962105,1.9237234,-7.3307619
-1.2855407,0,1.2669424,-5.2688031,-0.90901455,-0.23629251,2.2420555,-7.5566542,-1.1023421,-0.17192806,2.0658927,-7.3054581
-1.2802094,0,1.3713818,-5.2439312,-0.90524473,-0.25315182,2.3880524,-7.5298646,-1.0977705,-0.18419501,2.2079434,-7.2774348
-1.2744312,0,1.4757806,-5.2170906,-0.90115894,-0.26995008,2.5338337,-7.5002632,-1.0928157,-0.19641753,2.3498233,-7.2466904
-1.2682076,0,1.5801001,-5.1882822,-0.89675819,-0.28668128,2.6793452,-7.4678486,-1.087479,-0.20859127,2.4914799,-7.2132241
-1.2615401,0,1.6843018,-5.157508,-0.89204358,-0.30333945,2.824533,-7.4326204,-1.0817617,-0.22071187,2.6328604,-7.1770364
-1.2544305,0,1.788347,-5.1247706,-0.88701631,-0.31991863,2.9693427,-7.3945793,-1.0756653,-0.23277499,2.7739121,-7.1381286
-1.2468806,0,1.8921966,-5.0900733,-0.88167772,-0.33641288,3.11372,-7.353727,-1.0691913,-0.24477633,2.9145821,-7.096503
-1.2388925,0,1.9958119,-5.0534201,-0.87602926,-0.35281629,3.2576104,-7.3100662,-1.0623415,-0.25671156,3.0548176,-7.0521632
-1.2304683,0,2.0991538,-5.0148159,-0.87007248,-0.36912297,3.4009595,-7.2636007,-1.0551179,-0.26857641,3.1945653,-7.0051135
-1.2216105,0,2.2021831,-4.9742661,-0.86380905,-0.38532704,3.5437128,-7.2143355,-1.0475223,-0.2803666,3.3337723,-6.9553593
-1.2123215,0,2.3048607,-4.931777,-0.85724076,-0.40142268,3.6858157,-7.1622763,-1.0395571,-0.2920779,3.4723855,-6.902907
-1.2026041,0,2.4071474,-4.8873556,-0.85036951,-0.41740407,3.8272138,-7.1074302,-1.0312245,-0.30370607,3.6103518,-6.8477642
-1.1924611,0,2.5090041,-4.8410097,-0.8431973,-0.43326546,3.9678525,-7.0498052,-1.0225269,-0.31524693,3.7476181,-6.7899394
-1.1818954,0,2.6103914,-4.7927477,-0.83572626,-0.44900109,4.1076775,-6.9894104,-1.013467,-0.32669628,3.8841312,-6.729442
-1.1709103,0,2.7112704,-4.7425788,-0.82795861,-0.46460529,4.2466343,-6.926256,-1.0040473,-0.33805,4.0198384,-6.6662826
-1.159509,0,2.8116016,-4.6905131,-0.81989669,-0.48007238,4.3846688,-6.8603531,-0.99427079,-0.34930396,4.1546865,-6.6004728
-1.1476951,0,2.9113461,-4.6365611,-0.81154296,-0.49539675,4.5217267,-6.7917141,-0.9841404,-0.36045408,4.2886229,-6.5320252
-1.135472,0,3.0104648,-4.5807344,-0.80289997,-0.51057284,4.657754,-6.7203523,-0.97365923,-0.37149631,4.4215947,-6.4609535
-1.1228437,0,3.1089186,-4.5230451,-0.79397038,-0.52559511,4.7926969,-6.6462822,-0.96283052,-0.38242661,4.5535495,-6.3872723
-1.109814,0,3.2066687,-4.463506,-0.78475698,-0.54045809,4.9265016,-6.5695192,-0.95165762,-0.39324102,4.6844347,-6.3109972
-1.0963869,0,3.3036761,-4.402131,-0.77526263,-0.55515636,5.0591148,-6.4900798,-0.94014403,-0.40393558,4.8141983,-6.2321451
-1.0825668,0,3.3999023,-4.3389342,-0.76549031,-0.56968454,5.190483,-6.4079816,-0.92829336,-0.41450639,4.942788,-6.1507336
-1.0683579,0,3.4953086,-4.2739308,-0.75544312,-0.58403731,5.3205533,-6.3232433,-0.91610935,-0.42494956,5.0701522,-6.0667815
-1.0537648,0,3.5898567,-4.2071366,-0.74512425,-0.59820942,5.4492729,-6.2358847,-0.90359588,-0.43526128,5.1962391,-5.9803085
-1.0387922,0,3.6835082,-4.1385681,-0.73453699,-0.61219565,5.5765892,-6.1459264,-0.89075693,-0.44543777,5.3209976,-5.8913354
-1.0234447,0,3.7762251,-4.0682427,-0.72368472,-0.62599087,5.7024501,-6.0533902,-0.87759663,-0.45547526,5.4443764,-5.7998841
-1.0077275,0,3.8679695,-3.9961783,-0.71257094,-0.63959,5.8268037,-5.9582991,-0.86411919,-0.46537008,5.566325,-5.7059773
-0.99164548,0,3.9587036,-3.9223936,-0.70119924,-0.65298802,5.9495985,-5.8606769,-0.85032898,-0.47511858,5.6867929,-5.6096387
-0.97520393,0,4.0483901,-3.846908,-0.68957331,-0.66617999,6.0707832,-5.7605486,-0.83623047,-0.48471714,5.8057299,-5.5108933
-0.95840819,0,4.1369916,-3.7697415,-0.67769693,-0.67916102,6.190307,-5.65794,-0.82182824,-0.49416223,5.9230864,-5.4097667
-0.94126375,0,4.2244712,-3.6909151,-0.66557398,-0.6919263,6.3081197,-5.5528782,-0.80712701,-0.50345033,6.038813,-5.3062858
-0.92377622,0,4.3107923,-3.6104502,-0.65320843,-0.7044711,6.4241712,-5.4453912,-0.79213158,-0.51257802,6.1528607,-5.2004783
-0.90595136,0,4.3959183,-3.5283689,-0.64060435,-0.71679076,6.538412,-5.3355079,-0.77684688,-0.52154188,6.2651811,-5.0923728
-0.88779502,0,4.4798131,-3.4446943,-0.62776588,-0.72888068,6.6507931,-5.2232585,-0.76127795,-0.53033859,6.375726,-4.9819992
-0.86931323,0,4.5624409,-3.3594497,-0.61469728,-0.74073636,6.7612659,-5.1086738,-0.74542994,-0.53896487,6.4844479,-4.8693879
-0.85051209,0,4.6437663,-3.2726595,-0.60140287,-0.75235336,6.8697823,-4.991786,-0.7293081,-0.54741748,6.5912995,-4.7545708
-0.83139786,0,4.7237539,-3.1843485,-0.58788707,-0.76372735,6.9762948,-4.872628,-0.71291779,-0.55569327,6.6962343,-4.6375801
-0.81197691,0,4.8023692,-3.0945422,-0.57415438,-0.77485404,7.0807564,-4.7512337,-0.69626445,-0.56378913,6.7992061,-4.5184495
-0.79225571,0,4.8795775,-3.003267,-0.56020939,-0.78572926,7.1831207,-4.6276381,-0.67935367,-0.57170201,6.9001693,-4.3972134
-0.77224088,0,4.955345,-2.9105496,-0.54605676,-0.79634891,7.2833419,-4.501877,-0.66219109,-0.57942895,6.9990789,-4.2739069
-0.75193911,0,5.0296378,-2.8164174,-0.53170124,-0.80670899,7.3813747,-4.3739874,-0.64478247,-0.58696701,7.0958905,-4.1485665
-0.73135724,0,5.1024229,-2.7208987,-0.51714766,-0.81680558,7.4771745,-4.2440069,-0.62713366,-0.59431335,7.1905602,-4.0212292
-0.71050219,0,5.1736673,-2.6240222,-0.50240092,-0.82663484,7.5706974,-4.1119742,-0.6092506,-0.60146519,7.2830447,-3.8919329
-0.68938101,0,5.2433388,-2.5258172,-0.48746599,-0.83619304,7.6619001,-3.977929,-0.59113934,-0.60841981,7.3733015,-3.7607166
-0.66800083,0,5.3114054,-2.4263136,-0.47234791,-0.84547655,7.7507399,-3.8419117,-0.57280598,-0.61517455,7.4612887,-3.6276201
-0.64636889,0,5.3778357,-2.3255421,-0.45705182,-0.8544818,7.837175,-3.7039638,-0.55425675,-0.62172684,7.5469648,-3.4926839
-0.62449253,0,5.4425987,-2.2235338,-0.44158291,-0.86320536,7.9211641,-3.5641275,-0.53549793,-0.62807416,7.6302894,-3.3559495
-0.6023792,0,5.505664,-2.1203204,-0.42594641,-0.87164387,8.0026668,-3.422446,-0.5165359,-0.63421408,7.7112226,-3.2174591
-0.5800364,0,5.5670017,-2.0159341,-0.41014767,-0.87979408,8.0816435,-3.2789632,-0.49737711,-0.64014422,7.7897252,-3.0772559
-0.55747177,0,5.6265822,-1.9104079,-0.39419207,-0.88765284,8.158055,-3.1337241,-0.4780281,-0.64586231,7.8657587,-2.9353837
-0.53469301,0,5.6843768,-1.8037751,-0.37808506,-0.89521709,8.2318635,-2.9867742,-0.45849548,-0.65136611,7.9392856,-2.7918872
-0.51170791,0,5.7403571,-1.6960698,-0.36183213,-0.90248389,8.3030314,-2.8381602,-0.43878591,-0.65665349,8.010269,-2.646812
-0.48852434,0,5.7944952,-1.5873262,-0.34543887,-0.9094504,8.3715224,-2.6879292,-0.41890616,-0.66172237,8.0786727,-2.5002042
-0.46515024,0,5.8467642,-1.4775796,-0.32891089,-0.91611388,8.4373007,-2.5361293,-0.39886304,-0.66657076,8.1444615,-2.3521108
-0.44159366,0,5.8971372,-1.3668652,-0.31225387,-0.9224717,8.5003316,-2.3828095,-0.37866344,-0.67119675,8.2076011,-2.2025795
-0.41786268,0,5.9455884,-1.2552192,-0.29547354,-0.92852134,8.5605811,-2.2280192,-0.3583143,-0.67559851,8.2680576,-2.0516587
-0.39396549,0,5.9920922,-1.142678,-0.27857567,-0.93426037,8.6180162,-2.0718088,-0.33782262,-0.67977427,8.3257985,-1.8993977
-0.36991031,0,6.0366241,-1.0292786,-0.26156609,-0.93968651,8.6726048,-1.9142295,-0.31719547,-0.68372236,8.3807918,-1.7458461
-0.34570545,0,6.0791597,-0.91505828,-0.24445066,-0.94479755,8.7243157,-1.7553328,-0.29643997,-0.68744119,8.4330067,-1.5910546
-0.32135927,0,6.1196757,-0.80005502,-0.22723532,-0.94959141,8.7731187,-1.5951714,-0.2755633,-0.69092924,8.4824129,-1.4350743
-0.2968802,0,6.1581492,-0.68430709,-0.209926,-0.95406613,8.8189843,-1.4337984,-0.25457267,-0.69418507,8.5289814,-1.277957
-0.27227672,0,6.194558,-0.56785319,-0.19252871,-0.95821984,8.8618844,-1.2712675,-0.23347536,-0.69720734,8.5726839,-1.119755
-0.24755735,0,6.2288808,-0.45073246,-0.17504948,-0.96205081,8.9017916,-1.1076332,-0.21227867,-0.69999478,8.6134932,-0.96052146
-0.22273067,0,6.2610966,-0.33298444,-0.15749437,-0.9655574,8.9386794,-0.94295046,-0.19098998,-0.7025462,8.651383,-0.80030996
-0.19780532,0,6.2911855,-0.21464903,-0.13986948,-0.9687381,8.9725226,-0.77727505,-0.16961666,-0.7048605,8.6863279,-0.63917468
-0.17278995,0,6.319128,-0.095766514,-0.12218095,-0.97159153,9.0032968,-0.61066316,-0.14816616,-0.70693667,8.7183037,-0.47717036
-0.14769328,0,6.3449055,0.023622453,-0.10443492,-0.97411639,9.0309789,-0.4431716,-0.12664594,-0.70877378,8.7472869,-0.31435227
-0.12252405,0,6.3685002,0.14347689,-0.086637587,-0.97631153,9.0555464,-0.27485771,-0.10506351,-0.71037098,8.7732554,-0.1507762
-0.097291041,0,6.3898948,0.26375547,-0.068795155,-0.97817589,9.0769783,-0.10577939,-0.083426379,-0.71172751,8.7961876,0.013501564
-0.072003057,0,6.4090729,0.38441656,-0.05091385,-0.97970857,9.0952545,0.064004997,-0.061742113,-0.71284269,8.8160636,0.17842426
-0.046668936,0,6.426019,0.50541821,-0.032999921,-0.98090875,9.1103559,0.23443657,-0.040018283,-0.71371595,8.8328639,0.34393467
-0.021297536,0,6.440718,0.62671822,-0.015059632,-0.98177573,9.1222647,0.40545598,-0.018262486,-0.71434677,8.8465706,0.50997513
0.0041022648,0,6.4531559,0.74827407,0.0029007392,-0.98230896,9.1309641,0.57700346,0.0035176629,-0.71473475,8.8571665,0.67648757
0.029521569,0,6.4633194,0.870043,0.020874902,-0.98250799,9.1364384,0.74901878,0.025314537,-0.71487956,8.8646357,0.8434135
0.054951467,0,6.471196,0.99198202,0.038856555,-0.98237247,9.138673,0.92144133,0.047120494,-0.71478097,8.8689632,1.0106941
0.080383038,0,6.4767739,1.1140479,0.056839392,-0.98190222,9.1376545,1.0942101,0.068927887,-0.71443881,8.8701354,1.1782701
0.10580735,0,6.4800423,1.2361972,0.074817098,-0.98109714,9.1333707,1.2672637,0.090729058,-0.71385302,8.8681394,1.3460819
0.13121548,0,6.4809909,1.3583862,0.092783358,-0.97995725,9.1258104,1.4405405,0.11251635,-0.71302363,8.8629639,1.5140698
0.15659849,0,6.4796107,1.4805713,0.11073186,-0.97848272,9.1149637,1.6139785,0.1342821,-0.71195076,8.8545984,1.6821736
0.18194745,0,6.475893,1.6027082,0.12865628,-0.97667383,9.1008219,1.7875152,0.15601865,-0.71063459,8.8430336,1.8503327
0.20725344,0,6.4698304,1.724753,0.14655031,-0.97453095,9.0833774,1.9610882,0.17771835,-0.70907542,8.8282613,2.0184866
0.23250753,0,6.461416,1.8466613,0.16440765,-0.97205462,9.0626237,2.1346345,0.19937356,-0.70727362,8.8102747,2.1865744
0.25770083,0,6.450644,1.9683887,0.18222201,-0.96924545,9.0385557,2.3080912,0.22097664,-0.70522966,8.7890679,2.3545348
0.28282446,0,6.4375093,2.0898908,0.19998709,-0.96610422,9.0111693,2.4813948,0.24251997,-0.70294407,8.7646362,2.5223065
0.30786953,0,6.4220077,2.2111229,0.21769663,-0.9626318,8.9804619,2.654482,0.26399595,-0.70041751,8.7369763,2.6898282
0.33282722,0,6.4041358,2.3320404,0.23534438,-0.95882918,8.9464318,2.8272891,0.28539698,-0.6976507,8.7060857,2.8570382
0.35768869,0,6.3838913,2.4525986,0.2529241,-0.95469747,8.9090786,2.9997523,0.30671552,-0.69464445,8.6719635,3.0238748
0.38244515,0,6.3612724,2.5727527,0.27042956,-0.95023792,8.8684032,3.1718078,0.32794401,-0.69139965,8.6346096,3.190276
0.40708786,0,6.3362785,2.692458,0.28785458,-0.94545188,8.8244078,3.3433915,0.34907496,-0.68791729,8.5940254,3.3561801
0.43160807,0,6.3089098,2.8116696,0.305193,-0.94034082,8.7770956,3.5144396,0.37010087,-0.68419844,8.5502133,3.5215251
0.45599712,0,6.2791672,2.9303428,0.32243866,-0.93490632,8.7264713,3.6848877,0.39101431,-0.68024427,8.5031771,3.6862489
0.48024636,0,6.2470528,3.0484329,0.33958545,-0.9291501,8.6725405,3.854672,0.41180785,-0.676056,8.4529215,3.8502897
0.50434718,0,6.2125693,3.1658952,0.35662731,-0.92307398,8.6153104,4.0237282,0.43247414,-0.67163498,8.3994528,4.0135854
0.52829104,0,6.1757204,3.282685,0.37355818,-0.91667991,8.5547893,4.1919922,0.45300583,-0.6669826,8.3427781,4.176074
0.55206944,0,6.1365108,3.3987577,0.39037205,-0.90996993,8.4909866,4.3594002,0.47339564,-0.66210038,8.2829061,4.3376938
0.57567394,0,6.0949459,3.514069,0.40706295,-0.90294623,8.4239132,4.5258881,0.49363633,-0.65698988,8.2198464,4.498383
0.59909615,0,6.0510322,3.6285745,0.42362495,-0.89561108,8.3535811,4.691392,0.51372071,-0.65165278,8.15361,4.6580799
0.62232775,0,6.0047768,3.7422299,0.44005217,-0.88796689,8.2800035,4.8558484,0.53364164,-0.64609081,8.0842089,4.8167229
0.64536048,0,5.9561881,3.8549912,0.45633877,-0.88001616,8.203195,5.0191935,0.55339204,-0.64030581,8.0116567,4.9742507
0.66818613,0,5.905275,3.9668144,0.47247895,-0.87176153,8.1231712,5.181364,0.57296488,-0.63429968,7.9359678,5.1306022
0.6907966,0,5.8520476,4.0776559,0.48846696,-0.86320572,8.0399493,5.3422967,0.5923532,-0.62807441,7.8571581,5.2857163
0.71318383,0,5.7965167,4.1874721,0.50429712,-0.85435158,7.9535474,5.5019287,0.61155009,-0.62163208,7.7752446,5.4395322
0.73533985,0,5.7386941,4.2962197,0.51996379,-0.84520206,7.863985,5.6601972,0.63054872,-0.61497483,7.6902454,5.5919896
0.75725675,0,5.6785924,4.4038556,0.53546139,-0.83576023,7.7712828,5.8170397,0.64934231,-0.60810489,7.6021799,5.7430281
0.77892674,0,5.6162253,4.5103369,0.55078438,-0.82602925,7.6754628,5.9723941,0.66792417,-0.60102456,7.5110689,5.8925878
0.80034208,0,5.5516071,4.6156211,0.56592731,-0.81601239,7.5765482,6.1261986,0.68628767,-0.59373623,7.4169341,6.0406092
0.82149513,0,5.4847531,4.7196658,0.58088477,-0.80571304,7.4745634,6.2783916,0.70442626,-0.58624235,7.3197985,6.1870329
0.84237834,0,5.4156797,4.8224291,0.59565144,-0.79513467,7.3695339,6.428912,0.72233347,-0.57854546,7.2196863,6.3318001
0.86298426,0,5.3444038,4.9238693,0.61022202,-0.78428088,7.2614866,6.5776992,0.7400029,-0.57064816,7.116623,6.4748524
0.88330553,0,5.2709435,5.0239451,0.62459133,-0.77315533,7.1504496,6.7246926,0.75742825,-0.56255314,7.010635,6.6161315
0.9033349,0,5.1953177,5.1226153,0.63875423,-0.76176183,7.0364522,6.8698326,0.77460328,-0.55426314,6.9017502,6.75558
0.92306519,0,5.117546,5.2198394,0.65270566,-0.75010424,6.9195246,7.0130596,0.79152187,-0.545781,6.7899975,6.8931406
0.94248937,0,5.037649,5.3155771,0.66644063,-0.73818655,6.7996987,7.1543148,0.80817797,-0.53710961,6.6754069,7.0287566
0.96160049,0,4.9556482,5.4097886,0.67995423,-0.72601284,6.6770072,7.2935397,0.82456562,-0.52825193,6.5580096,7.1623718
0.9803917,0,4.8715659,5.5024343,0.69324162,-0.71358726,6.5514841,7.4306765,0.84067895,-0.519211,6.4378382,7.2939307
0.99885629,0,4.7854253,5.5934753,0.70629806,-0.70091409,6.4231646,7.5656678,0.85651221,-0.50998991,6.314926,7.4233781
1.0169877,0,4.6972504,5.6828729,0.71911887,-0.68799767,6.2920849,7.6984569,0.87205972,-0.50059183,6.1893078,7.5506595
1.0347793,0,4.6070661,5.7705891,0.73169946,-0.67484244,6.1582826,7.8289877,0.88731593,-0.49102,6.0610194,7.675721
1.0522248,0,4.5148979,5.8565862,0.74403532,-0.66145293,6.0217962,7.9572046,0.90227536,-0.4812777,5.9300975,7.7985093
1.0693181,0,4.4207725,5.940827,0.75612205,-0.64783375,5.8826655,8.0830529,0.91693267,-0.47136829,5.7965803,7.9189717
1.0860528,0,4.3247172,6.0232749,0.7679553,-0.63398961,5.7409313,8.2064783,0.93128259,-0.4612952,5.6605069,8.0370563
1.1024231,0,4.2267602,6.1038938,0.77953084,-0.61992528,5.5966355,8.3274274,0.94531999,-0.4510619,5.5219173,8.1527117
1.118423,0,4.1269303,6.1826481,0.79084451,-0.60564563,5.4498213,8.4458474,0.95903984,-0.44067192,5.3808529,8.2658874
1.1340469,0,4.0252573,6.2595028,0.80189227,-0.59115559,5.3005326,8.5616863,0.97243722,-0.43012887,5.2373559,8.3765336
1.1492892,0,3.9217718,6.3344233,0.81267015,-0.57646019,5.1488148,8.6748929,0.98550732,-0.4194364,5.0914697,8.484601
1.1641442,0,3.8165052,6.4073758,0.82317429,-0.56156452,4.994714,8.7854167,0.99824545,-0.40859821,4.9432387,8.5900414
1.1786069,0,3.7094894,6.4783271,0.83340091,-0.54647375,4.8382775,8.893208,1.0106471,-0.39761806,4.7927083,8.6928072
1.1926718,0,3.6007573,6.5472445,0.84334635,-0.53119311,4.6795536,8.9982181,1.0227077,-0.38649976,4.639925,8.7928517
1.2063341,0,3.4903426,6.6140959,0.85300703,-0.51572792,4.5185917,9.1003989,1.034423,-0.37524718,4.484936,8.890129
1.2195888,0,3.3782795,6.6788498,0.8623795,-0.50008355,4.3554421,9.1997034,1.0457888,-0.36386423,4.32779,8.9845941
1.2324311,0,3.2646032,6.7414757,0.87146038,-0.48426545,4.1901561,9.2960853,1.0568009,-0.35235487,4.168536,9.0762027
1.2448564,0,3.1493495,6.8019433,0.88024642,-0.46827912,4.0227859,9.3894994,1.0674556,-0.3407231,4.0072247,9.1649116
1.2568603,0,3.0325549,6.8602234,0.88873445,-0.45213013,3.8533848,9.4799013,1.0777488,-0.32897299,3.843907,9.2506786
1.2684385,0,2.9142565,6.9162871,0.89692144,-0.43582411,3.6820069,9.5672475,1.087677,-0.31710862,3.6786353,9.333462
1.2795867,0,2.7944923,6.9701065,0.90480443,-0.41936674,3.5087073,9.6514957,1.0972365,-0.30513413,3.5114625,9.4132214
1.290301,0,2.6733008,7.0216544,0.9123806,-0.40276378,3.333542,9.7326043,1.106424,-0.2930537,3.3424427,9.4899174
1.3005776,0,2.5507213,7.0709041,0.91964723,-0.38602101,3.1565678,9.810533,1.1152361,-0.28087154,3.1716306,9.5635114
1.3104127,0,2.4267936,7.1178299,0.92660169,-0.36914429,2.9778424,9.8852424,1.1236696,-0.26859192,2.999082,9.6339658
1.3198028,0,2.3015583,7.1624067,0.9332415,-0.3521395,2.7974245,9.956694,1.1317216,-0.25621912,2.8248533,9.7012442
1.3287445,0,2.1750565,7.2046103,0.93956427,-0.3350126,2.6153733,10.024851,1.139389,-0.24375747,2.6490018,9.7653112
1.3372347,0,2.0473299,7.2444172,0.94556771,-0.31776957,2.4317492,10.089676,1.1466693,-0.23121132,2.4715858,9.8261322
1.3452702,0,1.918421,7.2818047,0.95124968,-0.30041644,2.246613,10.151135,1.1535597,-0.21858507,2.292664,9.883674
1.3528482,0,1.7883726,7.3167509,0.95660813,-0.2829593,2.0600265,10.209194,1.1600578,-0.20588313,2.1122962,9.9379043
1.3599659,0,1.6572282,7.3492347,0.96164114,-0.26540423,1.8720522,10.263819,1.1661612,-0.19310995,1.9305426,9.988792
1.3666209,0,1.5250319,7.3792359,0.96634688,-0.24775741,1.6827534,10.31498,1.1718677,-0.18026999,1.7474646,10.036307
1.3728106,0,1.3918284,7.4067351,0.97072368,-0.230025,1.4921939,10.362645,1.1771754,-0.16736777,1.5631238,10.080421
1.3785329,0,1.2576626,7.4317137,0.97476995,-0.21221322,1.3004384,10.406785,1.1820822,-0.15440779,1.3775827,10.121105
1.3837857,0,1.1225803,7.454154,0.97848424,-0.1943283,1.1075522,10.447372,1.1865864,-0.14139461,1.1909045,10.158333
1.3885671,0,0.98662765,7.4740391,0.98186522,-0.17637653,0.91360108,10.484379,1.1906865,-0.12833277,1.0031529,10.19208
1.3928754,0,0.84985116,7.4913531,0.98491167,-0.15836418,0.71865165,10.51778,1.1943808,-0.11522687,0.81439243,10.222322
1.3967091,0,0.71229792,7.5060809,0.98762248,-0.14029758,0.52277103,10.547551,1.1976682,-0.10208149,0.62468797,10.249035
1.4000668,0,0.57401547,7.5182082,0.9899967,-0.12218307,0.3260269,10.573669,1.2005473,-0.088901238,0.4341051,10.272198
1.4029472,0,0.43505175,7.5277219,0.99203345,-0.10402698,0.1284875,10.596111,1.2030173,-0.075690749,0.24270991,10.29179
1.4053493,0,0.29545512,7.5346094,0.99373202,-0.085835707,-0.069778411,10.614857,1.2050771,-0.06245465,0.050569024,10.307792
1.4072723,0,0.15527435,7.5388594,0.99509178,-0.067615615,-0.26870156,10.629887,1.206726,-0.049197586,-0.14225044,10.320186
1.4087155,0,0.014558555,7.5404612,0.99611225,-0.049373101,-0.46821221,10.641183,1.2079635,-0.035924208,-0.33568088,10.328955
1.4096783,0,-0.12664275,7.5394053,0.99679306,-0.031114565,-0.66824018,10.648729,1.2087891,-0.022639172,-0.52965425,10.334083
1.4101604,0,-0.26827971,7.535683,0.99713397,-0.012846414,-0.86871483,10.652509,1.2092026,-0.0093471392,-0.72410206,10.335557
1.4101616,0,-0.41030216,7.5292864,0.99713486,0.0054249431,-1.0695652,10.652508,1.2092036,0.0039472257,-0.91895544,10.333362
1.409682,0,-0.55265961,7.520209,0.99679572,0.023693094,-1.2707198,10.648715,1.2087924,0.017239258,-1.1141451,10.327488
1.4087217,0,-0.69530129,7.5084447,0.99611668,0.04195163,-1.4721069,10.641116,1.2079689,0.030524294,-1.3096015,10.317925
1.4072811,0,-0.83817614,7.4939887,0.99509798,0.060194144,-1.6736545,10.629704,1.2067336,0.043797673,-1.5052546,10.304662
1.4053606,0,-0.98123286,7.4768371,0.99373999,0.078414236,-1.8752902,10.614467,1.2050867,0.057054737,-1.7010341,10.287693
1.4029609,0,-1.1244199,7.456987,0.9920432,0.096605513,-2.0769413,10.5954,1.2030291,0.070290835,-1.8968696,10.267012
1.400083,0,-1.2676855,7.4344364,0.99000822,0.11476159,-2.2785349,10.572497,1.2005613,0.083501325,-2.0926902,10.242612
1.3967279,0,-1.4109777,7.4091843,0.98763577,0.13287611,-2.4799979,10.545752,1.1976843,0.096681571,-2.2884249,10.214491
1.3928967,0,-1.5542443,7.3812307,0.98492673,0.15094271,-2.6812571,10.515162,1.1943991,0.10982695,-2.4840025,10.182645
1.3885909,0,-1.6974331,7.3505765,0.98188206,0.16895505,-2.8822389,10.480726,1.1907069,0.12293286,-2.6793516,10.147075
1.383812,0,-1.8404916,7.3172237,0.97850285,0.18690683,-3.0828697,10.442443,1.186609,0.13599469,-2.8744006,10.107781
1.3785617,0,-1.9833672,7.2811754,0.97479033,0.20479174,-3.2830757,10.400315,1.1821069,0.14900788,-3.0690778,10.064763
1.3728419,0,-2.1260073,7.2424353,0.97074583,0.22260353,-3.4827832,10.354343,1.1772022,0.16196786,-3.2633115,10.018026
1.3666547,0,-2.268359,7.2010086,0.96637081,0.24033594,-3.6819183,10.304532,1.1718967,0.17487008,-3.4570298,9.9675739
1.3600023,0,-2.4103696,7.156901,0.96166683,0.25798276,-3.880407,10.250887,1.1661923,0.18771003,-3.6501607,9.9134124
1.352887,0,-2.5519861,7.1101195,0.9566356,0.27553782,-4.0781754,10.193414,1.1600911,0.20048322,-3.8426325,9.855549
1.3453116,0,-2.6931558,7.0606721,0.95127892,0.29299497,-4.2751496,10.132122,1.1535951,0.21318516,-4.0343731,9.7939921
1.3372785,0,-2.8338256,7.0085677,0.94559872,0.3103481,-4.4712558,10.06702,1.1467069,0.22581141,-4.2253106,9.7287519
1.3287909,0,-2.9739426,6.9538162,0.93959705,0.32759113,-4.6664202,9.9981194,1.1394288,0.23835756,-4.4153733,9.6598397
1.3198517,0,-3.1134541,6.8964285,0.93327606,0.34471803,-4.8605692,9.9254325,1.1317635,0.25081921,-4.6044895,9.5872684
1.3104641,0,-3.2523072,6.8364165,0.92663802,0.36172282,-5.0536291,9.848973,1.1237137,0.26319201,-4.7925875,9.511052
1.3006315,0,-3.3904492,6.7737932,0.91968533,0.37859954,-5.2455267,9.7687563,1.1152823,0.27547163,-4.9795957,9.4312062
1.2903574,0,-3.5278274,6.7085724,0.91242048,0.39534231,-5.4361887,9.6847991,1.1064724,0.28765378,-5.1654431,9.3477478
1.2796456,0,-3.6643893,6.6407691,0.90484608,0.41194527,-5.6255422,9.5971195,1.097287,0.29973421,-5.3500583,9.2606952
1.2684999,0,-3.8000825,6.5703991,0.89696486,0.42840264,-5.8135144,9.5057371,1.0877297,0.3117087,-5.5333706,9.170068
1.2569242,0,-3.9348548,6.4974793,0.88877964,0.44470866,-6.0000329,9.4106729,1.0778036,0.32357308,-5.7153092,9.0758873
1.2449228,0,-4.0686541,6.4220276,0.88029338,0.46085765,-6.1850256,9.3119493,1.0675125,0.33532319,-5.895804,8.9781756
1.2325,0,-4.2014285,6.3440628,0.87150912,0.47684398,-6.3684206,9.20959,1.05686,0.34695496,-6.0747847,8.8769566
1.2196602,0,-4.3331264,6.2636046,0.86243001,0.49266208,-6.5501464,9.1036204,1.04585,0.35846432,-6.2521817,8.7722554
1.2064081,0,-4.4636963,6.180674,0.85305931,0.50830645,-6.7301321,8.994067,1.0344864,0.36984727,-6.4279256,8.6640986
1.1927483,0,-4.5930871,6.0952926,0.8434004,0.52377164,-6.9083068,8.8809578,1.0227732,0.38109985,-6.6019474,8.5525141
1.1786858,0,-4.7212478,6.0074831,0.83345673,0.53905228,-7.0846004,8.7643224,1.0107147,0.39221814,-6.7741786,8.437531
1.1642257,0,-4.848128,5.9172693,0.82323188,0.55414305,-7.2589432,8.6441916,0.9983153,0.40319829,-6.9445511,8.3191798
1.1493731,0,-4.9736772,5.8246757,0.81272952,0.56903872,-7.4312657,8.5205974,0.98557931,0.41403649,-7.1129972,8.1974926
1.1341334,0,-5.0978455,5.7297279,0.80195341,0.58373412,-7.6014994,8.3935736,0.97251136,0.42472896,-7.2794498,8.0725023
1.118512,0,-5.2205833,5.6324524,0.79090743,0.59822416,-7.7695759,8.263155,0.95911614,0.43527201,-7.4438421,7.9442436
1.1025146,0,-5.3418414,5.5328766,0.77959552,0.61250381,-7.9354277,8.1293779,0.94539844,0.44566198,-7.6061082,7.8127523
1.0861468,0,-5.461571,5.4310289,0.76802176,0.62656814,-8.0989877,7.99228,0.93136318,0.45589528,-7.7661825,7.6780654
1.0694145,0,-5.5797235,5.3269386,0.75619028,0.64041228,-8.2601895,7.8519002,0.91701541,0.46596838,-7.924,7.5402215
1.0523238,0,-5.6962511,5.2206359,0.74410533,0.65403145,-8.4189674,7.7082789,0.90236025,0.47587778,-8.0794966,7.3992601
1.0348808,0,-5.8111061,5.1121518,0.73177123,0.66742096,-8.5752564,7.5614576,0.88740296,0.48562008,-8.2326084,7.2552221
1.0170917,0,-5.9242415,5.0015184,0.71919241,0.68057619,-8.728992,7.4114793,0.87214891,0.49519192,-8.3832727,7.1081499
0.99896281,0,-6.0356107,4.8887685,0.70637338,0.69349262,-8.8801107,7.2583882,0.85660354,0.50459,-8.531427,6.9580869
0.98050072,0,-6.1451677,4.7739357,0.69331871,0.70616579,-9.0285496,7.1022297,0.84077243,0.51381109,-8.6770099,6.8050776
0.96171202,0,-6.2528668,4.6570548,0.68003309,0.71859137,-9.1742467,6.9430507,0.82466125,0.52285202,-8.8199606,6.6491681
0.94260341,0,-6.3586631,4.5381612,0.66652126,0.73076508,-9.3171407,6.7808992,0.80827575,0.5317097,-8.9602191,6.4904053
0.92318173,0,-6.4625121,4.4172912,0.65278806,0.74268277,-9.4571712,6.6158244,0.79162181,0.54038109,-9.0977261,6.3288377
0.90345394,0,-6.5643699,4.2944818,0.63883841,0.75434036,-9.5942786,6.4478767,0.77470537,0.54886323,-9.2324234,6.1645146
0.88342709,0,-6.6641934,4.1697712,0.62467728,0.76573386,-9.7284042,6.277108,0.75753248,0.55715322,-9.3642533,5.9974866
0.86310832,0,-6.7619398,4.0431979,0.61030975,0.77685941,-9.8594904,6.103571,0.74010928,0.56524824,-9.4931592,5.8278056
0.8425049,0,-6.8575672,3.9148016,0.59574093,0.7877132,-9.9874803,5.9273198,0.722442,0.57314554,-9.6190855,5.6555245
0.8216242,0,-6.9510342,3.7846226,0.58097604,0.79829157,-10.112318,5.7484096,0.70453694,0.58084243,-9.7419771,5.4806972
0.80047365,0,-7.0423001,3.6527021,0.56602035,0.80859092,-10.233949,5.5668969,0.6864005,0.58833631,-9.8617804,5.303379
0.77906082,0,-7.131325,3.5190819,0.55087919,0.81860777,-10.352318,5.3828391,0.66803915,0.59562464,-9.9784423,5.1236259
0.75739334,0,-7.2180695,3.3838046,0.53555797,0.82833875,-10.467374,5.1962948,0.64945944,0.60270497,-10.091911,4.9414952
0.73547894,0,-7.302495,3.2469136,0.52006215,0.83778059,-10.579065,5.0073237,0.63066799,0.60957492,-10.202135,4.7570453
0.71332544,0,-7.3845639,3.108453,0.50439725,0.84693011,-10.687339,4.8159865,0.61167152,0.61623217,-10.309066,4.5703355
0.69094071,0,-7.4642389,2.9684675,0.48856886,0.85578425,-10.792147,4.6223452,0.59247677,0.6226745,-10.412654,4.3814261
0.66833275,0,-7.5414838,2.8270027,0.47258262,0.86434006,-10.893441,4.4264624,0.57309061,0.62889977,-10.512851,4.1903784
0.6455096,0,-7.6162631,2.6841047,0.45644421,0.87259469,-10.991174,4.2284022,0.55351991,0.6349059,-10.60961,3.9972548
0.62247938,0,-7.6885422,2.5398203,0.44015939,0.88054542,-11.085298,4.0282294,0.53377166,0.6406909,-10.702887,3.8021186
0.59925029,0,-7.758287,2.3941969,0.42373394,0.88818961,-11.17577,3.8260097,0.51385288,0.64625287,-10.792637,3.6050337
0.57583058,0,-7.8254645,2.2472827,0.40717371,0.89552476,-11.262545,3.62181,0.49377065,0.65158997,-10.878817,3.4060655
0.55222859,0,-7.8900426,2.0991264,0.39048458,0.90254846,-11.34558,3.4156979,0.47353211,0.65670047,-10.961385,3.2052797
0.52845269,0,-7.9519899,1.9497773,0.37367248,0.90925844,-11.424835,3.2077422,0.45314445,0.66158269,-11.040299,3.0027434
0.50451134,0,-8.0112759,1.7992852,0.35674339,0.91565251,-11.50027,2.9980122,0.4326149,0.66623506,-11.11552,2.798524
0.48041302,0,-8.0678711,1.6477007,0.3397033,0.92172863,-11.571845,2.7865782,0.41195077,0.67065609,-11.187011,2.5926902
0.45616629,0,-8.1217468,1.4950747,0.32255828,0.92748485,-11.639522,2.5735116,0.39115937,0.67484435,-11.254733,2.3853111
0.43177975,0,-8.1728752,1.3414588,0.30531439,0.93291934,-11.703267,2.3588843,0.37024808,0.67879853,-11.318651,2.176457
0.40726204,0,-8.2212296,1.1869049,0.28797775,0.93803041,-11.763044,2.142769,0.34922432,0.68251737,-11.37873,1.9661985
0.38262184,0,-8.266784,1.0314658,0.2705545,0.94281645,-11.818819,1.9252394,0.32809552,0.68599973,-11.434937,1.7546072
0.35786788,0,-8.3095136,0.87519435,0.25305081,0.947276,-11.87056,1.7063696,0.30686918,0.68924453,-11.487241,1.5417554
0.33300892,0,-8.3493944,0.71814408,0.23547286,0.9514077,-11.918237,1.4862347,0.28555279,0.69225079,-11.53561,1.327716
0.30805374,0,-8.3864034,0.56036892,0.21782689,0.95521033,-11.96182,1.2649103,0.2641539,0.6950176,-11.580015,1.1125624
0.28301117,0,-8.4205186,0.40192324,0.20011912,0.95868275,-12.001282,1.0424729,0.24268008,0.69754416,-11.620429,0.89636897
0.25789006,0,-8.4517191,0.24286179,0.18235581,0.96182398,-12.036595,0.81899926,0.2211389,0.69982974,-11.656825,0.6792104
0.23269926,0,-8.4799849,0.083239706,0.16454322,0.96463314,-12.067735,0.59456708,0.19953797,0.70187371,-11.689178,0.46116209
0.20744767,0,-8.5052972,-0.076887492,0.14668765,0.96710948,-12.094678,0.36925448,0.17788491,0.70367551,-11.717464,0.24229992
0.18214419,0,-8.5276379,-0.23746395,0.12879539,0.96925236,-12.117402,0.14314017,0.15618736,0.70523468,-11.74166,0.02270032
0.15679774,0,-8.5469902,-0.39843348,0.11087274,0.97106125,-12.135886,-0.083696615,0.13445295,0.70655084,-11.761747,-0.19755978
0.13141724,0,-8.5633384,-0.55973959,0.092926019,0.97253578,-12.150111,-0.31117616,0.11268935,0.70762372,-11.777705,-0.418403
0.10601161,0,-8.5766676,-0.72132549,0.074961531,0.97367566,-12.16006,-0.53921826,0.090904209,0.70845311,-11.789516,-0.63975151
0.080589804,0,-8.5869643,-0.88313414,0.056985597,0.97448075,-12.165715,-0.76774229,0.069105187,0.70903889,-11.797163,-0.86152707
0.055160739,0,-8.5942158,-1.0451082,0.039004532,0.974951,-12.167064,-0.9966672,0.047299944,0.70938105,-11.800631,-1.0836511
0.029733348,0,-8.5984106,-1.2071902,0.021024651,0.97508651,-12.164091,-1.2259116,0.025496135,0.70947965,-11.799907,-1.3060445
0.0043165494,0,-8.5995382,-1.3693224,0.0030522609,0.97488749,-12.156787,-1.4553936,0.0037014105,0.70933484,-11.794979,-1.5286281
-0.021080745,0,-8.5975895,-1.5314469,-0.014906338,0.97435426,-12.145141,-1.6850312,-0.01807659,0.70894686,-11.785837,-1.7513222
-0.046449639,0,-8.5925562,-1.6935056,-0.032844855,0.97348728,-12.129144,-1.914742,-0.039830237,0.70831603,-11.772471,-1.9740471
-0.071781254,0,-8.5844312,-1.8554402,-0.050757012,0.9722871,-12.108789,-2.1444433,-0.061551918,0.70744278,-11.754874,-2.1967224
-0.097066731,0,-8.5732085,-2.0171925,-0.068636544,0.97075442,-12.084072,-2.3740522,-0.083234035,0.70632759,-11.73304,-2.419268
-0.12229724,0,-8.5588833,-2.1787039,-0.086477205,0.96889005,-12.054988,-2.6034856,-0.10486901,0.70497106,-11.706965,-2.6416033
-0.14746396,0,-8.5414519,-2.3399159,-0.10427277,0.96669492,-12.021536,-2.8326602,-0.1264493,0.70337387,-11.676646,-2.8636476
-0.17255812,0,-8.5209116,-2.50077,-0.12201702,0.96417006,-11.983715,-3.0614927,-0.14796737,0.70153676,-11.642082,-3.0853202
-0.19757098,0,-8.4972611,-2.6612075,-0.13970378,0.96131663,-11.941526,-3.2898994,-0.16941572,0.69946059,-11.603273,-3.3065401
-0.22249383,0,-8.4705001,-2.8211698,-0.1573269,0.95813593,-11.894971,-3.5177969,-0.19078689,0.69714629,-11.56022,-3.5272264
-0.247318,0,-8.4406293,-2.9805982,-0.17488023,0.95462933,-11.844055,-3.7451013,-0.21207344,0.69459487,-11.512928,-3.7472982
-0.27203486,0,-8.4076508,-3.1394341,-0.1923577,0.95079837,-11.788783,-3.971729,-0.23326797,0.69180743,-11.4614,-3.9666743
-0.29663584,0,-8.3715678,-3.2976189,-0.20975321,0.94664466,-11.729164,-4.1975964,-0.25436314,0.68878516,-11.405645,-4.185274
-0.3211124,0,-8.3323844,-3.4550942,-0.22706076,0.94216994,-11.665207,-4.4226198,-0.27535161,0.68552933,-11.345669,-4.4030161
-0.34545607,0,-8.2901063,-3.6118015,-0.24427433,0.93737608,-11.596921,-4.6467157,-0.29622614,0.68204128,-11.281482,-4.61982
-0.36965843,0,-8.2447399,-3.7676826,-0.26138798,0.93226504,-11.524319,-4.8698006,-0.31697949,0.67832245,-11.213096,-4.8356048
-0.3937111,0,-8.1962931,-3.9226792,-0.27839579,0.9268389,-11.447416,-5.0917911,-0.33760448,0.67437436,-11.140524,-5.0502901
-0.41760579,0,-8.1447747,-4.0767335,-0.29529189,0.92109986,-11.366227,-5.3126041,-0.35809401,0.67019859,-11.063779,-5.2637953
-0.44133426,0,-8.0901949,-4.2297875,-0.31207045,0.91505023,-11.280768,-5.5321567,-0.37844101,0.66579684,-10.982878,-5.4760404
-0.46488834,0,-8.0325648,-4.3817837,-0.3287257,0.90869241,-11.191059,-5.7503662,-0.39863846,0.66117085,-10.897839,-5.6869454
-0.48825993,0,-7.9718969,-4.5326647,-0.34525191,0.90202893,-11.097121,-5.9671499,-0.41867943,0.65632245,-10.808679,-5.8964305
-0.51144099,0,-7.9082046,-4.6823733,-0.3616434,0.89506242,-10.998974,-6.1824259,-0.43855704,0.65125357,-10.715421,-6.1044164
-0.53442359,0,-7.8415028,-4.8308527,-0.37789455,0.88779562,-10.896643,-6.3961122,-0.45826445,0.6459662,-10.618086,-6.310824
-0.55719985,0,-7.7718072,-4.9780461,-0.39399979,0.88023137,-10.790153,-6.6081273,-0.47779493,0.6404624,-10.516697,-6.5155746
-0.57976197,0,-7.6991348,-5.1238974,-0.40995362,0.87237261,-10.67953,-6.8183901,-0.49714179,0.63474431,-10.411281,-6.7185899
-0.60210225,0,-7.6235037,-5.2683506,-0.42575059,0.8642224,-10.564804,-7.02682,-0.51629842,0.62881416,-10.301864,-6.9197919
-0.62421309,0,-7.5449332,-5.4113502,-0.44138531,0.85578389,-10.446003,-7.2333366,-0.53525831,0.62267424,-10.188474,-7.1191032
-0.64608693,0,-7.4634437,-5.5528407,-0.45685245,0.84706033,-10.323159,-7.4378601,-0.55401498,0.61632692,-10.071142,-7.3164468
-0.66771637,0,-7.3790568,-5.6927675,-0.47214677,0.83805508,-10.196307,-7.6403114,-0.57256206,0.60977464,-9.9498983,-7.5117463
-0.68909404,0,-7.2917951,-5.8310761,-0.48726307,0.82877157,-10.065479,-7.8406117,-0.59089327,0.60301989,-9.8247765,-7.7049256
-0.71021272,0,-7.2016823,-5.9677125,-0.50219623,0.81921337,-9.930712,-8.0386829,-0.60900238,0.59606528,-9.695811,-7.8959094
-0.73106526,0,-7.1087434,-6.1026233,-0.5169412,0.80938411,-9.7920443,-8.2344473,-0.62688329,0.58891344,-9.5630376,-8.084623
-0.75164462,0,-7.0130044,-6.2357552,-0.53149301,0.79928752,-9.6495147,-8.4278281,-0.64452995,0.5815671,-9.4264939,-8.2709921
-0.77194388,0,-6.9144923,-6.367056,-0.54584676,0.78892744,-9.5031642,-8.6187491,-0.66193642,0.57402903,-9.2862189,-8.4549433
-0.79195621,0,-6.8132354,-6.4964734,-0.55999761,0.77830779,-9.3530348,-8.8071346,-0.67909685,0.5663021,-9.1422529,-8.6364037
-0.8116749,0,-6.709263,-6.6239561,-0.57394083,0.76743257,-9.1991705,-8.9929098,-0.69600549,0.55838921,-8.9946379,-8.8153011
-0.83109335,0,-6.6026053,-6.749453,-0.58767175,0.75630587,-9.0416164,-9.1760006,-0.71265667,0.55029335,-8.8434172,-8.9915644
-0.85020507,0,-6.4932939,-6.872914,-0.60118577,0.74493189,-8.8804192,-9.3563337,-0.72904484,0.54201757,-8.6886355,-9.1651228
-0.8690037,0,-6.3813613,-6.9942892,-0.61447841,0.73331489,-8.7156271,-9.5338366,-0.74516453,0.53356495,-8.5303391,-9.3359064
-0.887483,0,-6.2668409,-7.1135295,-0.62754525,0.72145921,-8.5472898,-9.7084377,-0.76101039,0.52493868,-8.3685755,-9.5038465
-0.90563682,0,-6.1497673,-7.2305866,-0.64038194,0.70936929,-8.3754584,-9.8800661,-0.77657717,0.51614197,-8.2033939,-9.6688747
-0.92345918,0,-6.0301762,-7.3454125,-0.65298425,0.69704963,-8.2001851,-10.048652,-0.79185972,0.5071781,-8.0348445,-9.8309239
-0.9409442,0,-5.9081042,-7.4579601,-0.66534803,0.68450483,-8.021524,-10.214126,-0.806853,0.49805042,-7.8629791,-9.9899277
-0.95808614,0,-5.783589,-7.5681831,-0.67746921,0.67173955,-7.8395303,-10.376421,-0.82155209,0.48876231,-7.6878508,-10.145821
-0.97487937,0,-5.6566692,-7.6760357,-0.68934381,0.65875852,-7.6542605,-10.535469,-0.83595216,0.47931723,-7.5095141,-10.298538
-0.99131841,0,-5.5273844,-7.7814729,-0.70096797,0.64556655,-7.4657727,-10.691205,-0.85004852,0.46971866,-7.3280248,-10.448017
-1.0073979,0,-5.3957752,-7.8844507,-0.7123379,0.63216853,-7.2741261,-10.843563,-0.86383658,0.45997017,-7.1434398,-10.594195
-1.0231127,0,-5.2618832,-7.9849254,-0.7234499,0.6185694,-7.0793814,-10.992479,-0.87731187,0.45007535,-6.9558176,-10.73701
-1.0384576,0,-5.125751,-8.0828545,-0.7343004,0.60477418,-6.8816003,-11.137891,-0.89047003,0.44003785,-6.7652178,-10.876402
-1.0534277,0,-4.9874219,-8.1781962,-0.74488589,0.59078795,-6.6808462,-11.279737,-0.90330683,0.42986137,-6.5717012,-11.012312
-1.0680183,0,-4.8469404,-8.2709094,-0.75520299,0.57661584,-6.4771833,-11.417956,-0.91581815,0.41954965,-6.37533,-11.144682
-1.0822247,0,-4.7043517,-8.360954,-0.76524841,0.56226307,-6.2706774,-11.552489,-0.92800001,0.40910647,-6.1761673,-11.273454
-1.0960423,0,-4.5597021,-8.4482906,-0.77501895,0.54773489,-6.0613953,-11.683278,-0.93984853,0.39853567,-5.9742778,-11.398573
-1.1094668,0,-4.4130385,-8.532881,-0.78451153,0.53303662,-5.8494051,-11.810265,-0.95135997,0.38784111,-5.7697271,-11.519984
-1.1224941,0,-4.2644088,-8.6146875,-0.79372316,0.51817364,-5.6347759,-11.933395,-0.96253072,0.3770267,-5.5625819,-11.637634
-1.1351199,0,-4.113862,-8.6936736,-0.80265098,0.50315136,-5.4175782,-12.052613,-0.97335728,0.36609639,-5.3529102,-11.75147
-1.1473404,0,-3.9614474,-8.7698035,-0.8112922,0.48797528,-5.1978835,-12.167866,-0.9838363,0.35505417,-5.140781,-11.861441
-1.1591519,0,-3.8072156,-8.8430426,-0.81964416,0.47265091,-4.9757642,-12.279103,-0.99396454,0.34390405,-4.9262644,-11.967498
-1.1705506,0,-3.6512178,-8.913357,-0.8277043,0.45718382,-4.7512941,-12.386272,-1.0037389,0.33265009,-4.7094316,-12.069593
-1.1815333,0,-3.4935059,-8.9807139,-0.83547018,0.44157962,-4.5245479,-12.489324,-1.0131564,0.32129637,-4.4903548,-12.167678
-1.1920964,0,-3.3341327,-9.0450815,-0.84293945,0.42584399,-4.2956012,-12.588212,-1.0222142,0.30984701,-4.2691071,-12.261707
-1.2022369,0,-3.1731518,-9.106429,-0.85010989,0.4099826,-4.064531,-12.682889,-1.0309097,0.29830616,-4.0457628,-12.351636
-1.2119518,0,-3.0106172,-9.1647267,-0.85697937,0.39400121,-3.8314147,-12.77331,-1.0392401,0.28667799,-3.8203969,-12.437423
-1.2212383,0,-2.846584,-9.2199456,-0.86354588,0.37790557,-3.5963311,-12.859431,-1.0472032,0.27496669,-3.5930855,-12.519025
-1.2300936,0,-2.6811078,-9.2720581,-0.86980754,0.3617015,-3.3593598,-12.94121,-1.0547966,0.26317649,-3.3639057,-12.596403
-1.2385153,0,-2.5142449,-9.3210375,-0.87576254,0.34539482,-3.1205812,-13.018606,-1.0620181,0.25131165,-3.1329353,-12.669517
-1.2465009,0,-2.3460523,-9.3668583,-0.88140923,0.32899141,-2.8800767,-13.091582,-1.0688657,0.23937641,-2.9002529,-12.738331
-1.2540483,0,-2.1765874,-9.4094958,-0.88674605,0.31249716,-2.6379283,-13.160097,-1.0753375,0.22737508,-2.6659381,-12.802808
-1.2611554,0,-2.0059086,-9.4489266,-0.89177155,0.29591798,-2.3942192,-13.224118,-1.0814318,0.21531195,-2.4300713,-12.862914
-1.2678204,0,-1.8340746,-9.4851284,-0.89648439,0.27925981,-2.149033,-13.283608,-1.087147,0.20319135,-2.1927336,-12.918617
-1.2740415,0,-1.6611448,-9.51808,-0.90088337,0.26252861,-1.9024543,-13.338535,-1.0924816,0.19101762,-1.9540067,-12.969884
-1.2798171,0,-1.487179,-9.5477612,-0.90496738,0.24573035,-1.6545682,-13.388868,-1.0974341,0.17879509,-1.7139734,-13.016687
-1.285146,0,-1.3122378,-9.5741532,-0.90873544,0.22887104,-1.4054607,-13.434576,-1.1020036,0.16652814,-1.4727168,-13.058998
-1.2900268,0,-1.1363821,-9.597238,-0.91218667,0.21195667,-1.1552185,-13.475632,-1.1061888,0.15422113,-1.2303207,-13.096788
-1.2944584,0,-0.9596733,-9.6169991,-0.91532032,0.19499327,-0.90392862,-13.512009,-1.1099889,0.14187845,-0.98686991,-13.130034
-1.29844,0,-0.78217336,-9.6334209,-0.91813575,0.17798686,-0.651679,-13.543682,-1.1134031,0.12950447,-0.74244937,-13.158712
-1.3019709,0,-0.60394461,-9.6464892,-0.92063244,0.16094348,-0.39855799,-13.570627,-1.1164308,0.11710358,-0.49714483,-13.1828
-1.3050504,0,-0.42504985,-9.6561906,-0.92280997,0.14386916,-0.14465453,-13.592824,-1.1190715,0.10468019,-0.25104253,-13.202278
-1.3076781,0,-0.24555223,-9.6625134,-0.92466806,0.12676994,0.10994194,-13.610251,-1.1213247,0.092238682,-0.0042292146,-13.217127
-1.3098538,0,-0.065515325,-9.6654466,-0.92620652,0.10965187,0.36514152,-13.622891,-1.1231904,0.079783456,0.24320791,-13.22733
-1.3115774,0,0.11499696,-9.6649809,-0.92742529,0.092520984,0.62085386,-13.630728,-1.1246684,0.067318904,0.49118116,-13.232872
-1.312849,0,0.29592039,-9.6611077,-0.92832442,0.075383316,0.87698817,-13.633746,-1.1257587,0.054849419,0.73960247,-13.23374
-1.3136688,0,0.47719041,-9.65382,-0.92890409,0.058244894,1.1334533,-13.631932,-1.1264617,0.042379385,0.98838339,-13.22992
-1.3140371,0,0.65874219,-9.6431118,-0.92916458,0.041111737,1.3901578,-13.625275,-1.1267776,0.029913183,1.2374351,-13.221404
-1.3139547,0,0.84051062,-9.6289784,-0.92910627,0.023989854,1.6470099,-13.613765,-1.1267069,0.017455183,1.4866685,-13.208182
-1.3134221,0,1.0224304,-9.6114164,-0.92872969,0.0068852394,1.9039174,-13.597395,-1.1262502,0.0050097477,1.7359941,-13.190247
-1.3124403,0,1.2044359,-9.5904235,-0.92803546,-0.010196127,2.160788,-13.576158,-1.1254083,-0.0074187717,1.9853223,-13.167594
-1.3110104,0,1.3864614,-9.5659988,-0.92702432,-0.027248283,2.4175292,-13.550049,-1.1241821,-0.019826038,2.2345632,-13.140219
-1.3091334,0,1.5684411,-9.5381424,-0.92569712,-0.044265286,2.6740482,-13.519067,-1.1225726,-0.032207726,2.4836267,-13.108122
-1.3068109,0,1.7503088,-9.5068558,-0.92405482,-0.061241216,2.9302523,-13.48321,-1.1205811,-0.044559529,2.7324227,-13.071301
-1.3040442,0,1.9319984,-9.4721419,-0.92209851,-0.078170176,3.1860484,-13.442479,-1.1182087,-0.056877157,2.9808607,-13.029758
-1.3008352,0,2.1134436,-9.4340045,-0.91982936,-0.095046297,3.4413434,-13.396877,-1.1154569,-0.069156338,3.2288503,-12.983496
-1.2971855,0,2.2945781,-9.392449,-0.91724868,-0.11186374,3.6960442,-13.346408,-1.1123274,-0.081392822,3.476301,-12.932522
-1.2930973,0,2.4753355,-9.3474817,-0.91435787,-0.12861668,3.9500579,-13.291079,-1.1088218,-0.093582381,3.7231223,-12.87684
-1.2885727,0,2.6556495,-9.2991105,-0.91115846,-0.14529935,4.2032911,-13.230897,-1.1049419,-0.10572081,3.9692238,-12.816461
-1.2836139,0,2.8354535,-9.2473443,-0.90765208,-0.16190601,4.455651,-13.165874,-1.1006898,-0.11780393,4.2145148,-12.751393
-1.2782234,0,3.0146813,-9.1921933,-0.90384045,-0.17843094,4.7070446,-13.096019,-1.0960675,-0.12982758,4.4589052,-12.68165
-1.2724039,0,3.1932665,-9.1336691,-0.89972542,-0.19486848,4.9573792,-13.021347,-1.0910773,-0.14178765,4.7023045,-12.607244
-1.266158,0,3.3711428,-9.0717843,-0.89530894,-0.211213,5.206562,-12.941873,-1.0857216,-0.15368003,4.9446227,-12.528192
-1.2594888,0,3.5482443,-9.0065531,-0.89059306,-0.22745891,5.4545006,-12.857613,-1.0800027,-0.16550066,5.1857699,-12.44451
-1.2523992,0,3.7245047,-8.9379905,-0.88557994,-0.24360067,5.7011028,-12.768588,-1.0739234,-0.17724552,5.4256562,-12.356218
-1.2448924,0,3.8998584,-8.8661131,-0.88027184,-0.25963279,5.9462767,-12.674816,-1.0674864,-0.1889106,5.6641922,-12.263335
-1.2369718,0,4.0742396,-8.7909387,-0.87467114,-0.27554982,6.1899307,-12.576321,-1.0606946,-0.20049194,5.9012888,-12.165885
-1.2286409,0,4.2475828,-8.712486,-0.86878028,-0.29134637,6.4319734,-12.473126,-1.0535508,-0.21198562,6.136857,-12.063891
-1.2199032,0,4.4198228,-8.6307755,-0.86260185,-0.3070171,6.672314,-12.365259,-1.0460584,-0.22338775,6.3708082,-11.957379
-1.2107627,0,4.5908945,-8.5458283,-0.85613851,-0.32255671,6.9108619,-12.252745,-1.0382204,-0.23469448,6.6030544,-11.846376
-1.2012231,0,4.7607334,-8.4576673,-0.84939301,-0.33795998,7.1475269,-12.135615,-1.0300403,-0.245902,6.8335078,-11.730913
-1.1912886,0,4.9292749,-8.3663162,-0.84236823,-0.35322173,7.3822196,-12.0139,-1.0215215,-0.25700656,7.0620811,-11.611019
-1.1809632,0,5.0964549,-8.2718001,-0.83506711,-0.36833686,7.6148508,-11.887632,-1.0126676,-0.26800443,7.2886874,-11.486727
-1.1702514,0,5.2622098,-8.1741453,-0.82749271,-0.3833003,7.845332,-11.756847,-1.0034823,-0.27889193,7.5132406,-11.358071
-1.1591576,0,5.4264761,-8.0733792,-0.81964818,-0.39810707,8.0735751,-11.62158,-0.99396942,-0.28966544,7.7356547,-11.225088
-1.1476863,0,5.5891909,-7.9695305,-0.81153675,-0.41275224,8.2994928,-11.481871,-0.98413286,-0.30032137,7.9558447,-11.087814
-1.1358422,0,5.7502916,-7.8626291,-0.80316174,-0.42723097,8.5229984,-11.337757,-0.97397667,-0.31085619,8.173726,-10.94629
-1.1236303,0,5.9097162,-7.752706,-0.79452657,-0.44153846,8.7440059,-11.189283,-0.96350499,-0.32126642,8.3892147,-10.800555
-1.1110553,0,6.067403,-7.6397933,-0.78563475,-0.45566999,8.9624298,-11.036489,-0.95272208,-0.33154862,8.6022276,-10.650653
-1.0981225,0,6.2232908,-7.5239244,-0.77648987,-0.46962092,9.1781856,-10.879422,-0.94163227,-0.34169941,8.8126821,-10.496627
-1.084837,0,6.3773191,-7.4051337,-0.76709559,-0.48338668,9.3911895,-10.718127,-0.93024004,-0.35171547,9.0204964,-10.338523
-1.0712041,0,6.5294279,-7.283457,-0.75745568,-0.49696277,9.6013584,-10.552653,-0.91854994,-0.36159353,9.2255897,-10.176388
-1.0572293,0,6.6795575,-7.158931,-0.74757398,-0.51034477,9.8086103,-10.38305,-0.90656661,-0.37133036,9.4278816,-10.010272
-1.042918,0,6.8276491,-7.0315935,-0.73745441,-0.52352834,10.012864,-10.209369,-0.89429483,-0.38092282,9.6272928,-9.840224
-1.028276,0,6.9736444,-6.9014835,-0.72710096,-0.53650921,10.214038,-10.031664,-0.88173943,-0.39036779,9.8237449,-9.6662967
-1.0133091,0,7.1174857,-6.7686411,-0.71651771,-0.5492832,10.412055,-9.8499876,-0.86890536,-0.39966223,10.01716,-9.4885435
-0.99802298,0,7.2591161,-6.6331074,-0.70570882,-0.56184621,10.606835,-9.6643976,-0.85579764,-0.40880316,10.207462,-9.3070192
-0.98242374,0,7.3984792,-6.4949247,-0.69467849,-0.57419423,10.7983,-9.4749513,-0.84242141,-0.41778767,10.394575,-9.1217805
-0.96651745,0,7.5355194,-6.3541362,-0.68343104,-0.58632332,10.986375,-9.2817079,-0.82878187,-0.42661288,10.578424,-8.9328852
-0.95031026,0,7.6701818,-6.2107862,-0.67197083,-0.59822964,11.170984,-9.0847283,-0.81488432,-0.435276,10.758935,-8.7403929
-0.93380845,0,7.8024122,-6.0649201,-0.66030229,-0.60990943,11.352053,-8.8840748,-0.80073414,-0.44377429,10.936037,-8.5443643
-0.91701839,0,7.9321574,-5.9165842,-0.64842992,-0.62135903,11.529508,-8.6798111,-0.78633678,-0.4521051,11.109657,-8.3448619
-0.89994653,0,8.0593647,-5.765826,-0.63635829,-0.63257484,11.703277,-8.4720025,-0.77169778,-0.46026581,11.279724,-8.1419492
-0.88259942,0,8.1839823,-5.6126937,-0.62409204,-0.6435534,11.873291,-8.2607156,-0.75682276,-0.46825388,11.446171,-7.9356915
-0.8649837,0,8.3059594,-5.4572366,-0.61163584,-0.6542913,12.039478,-8.0460185,-0.7417174,-0.47606685,11.608927,-7.7261551
-0.84710608,0,8.4252458,-5.299505,-0.59899445,-0.66478524,12.201771,-7.8279808,-0.72638747,-0.48370231,11.767928,-7.5134078
-0.82897336,0,8.5417923,-5.1395501,-0.58617269,-0.67503201,12.360102,-7.6066732,-0.71083879,-0.49115793,11.923106,-7.2975188
-0.81059243,0,8.6555507,-4.977424,-0.5731754,-0.6850285,12.514406,-7.382168,-0.69507727,-0.49843145,12.074397,-7.0785585
-0.79197023,0,8.7664735,-4.8131797,-0.56000752,-0.6947717,12.664618,-7.1545386,-0.67910887,-0.50552066,12.221739,-6.8565985
-0.77311379,0,8.8745144,-4.6468712,-0.546674,-0.70425868,12.810676,-6.92386,-0.6629396,-0.51242345,12.365069,-6.6317118
-0.75403021,0,8.9796277,-4.4785532,-0.53317987,-0.71348662,12.952516,-6.6902082,-0.64657557,-0.51913777,12.504327,-6.4039725
-0.73472665,0,9.0817689,-4.3082812,-0.5195302,-0.72245281,13.090079,-6.4536605,-0.63002291,-0.52566163,12.639453,-6.1734561
-0.71521036,0,9.1808946,-4.1361119,-0.50573009,-0.73115463,13.223306,-6.2142957,-0.61328782,-0.53199313,12.770389,-5.9402389
-0.69548861,0,9.2769621,-3.9621023,-0.49178471,-0.73958954,13.35214,-5.9721933,-0.59637656,-0.53813043,12.89708,-5.7043988
-0.67556876,0,9.3699301,-3.7863107,-0.47769925,-0.74775513,13.476523,-5.7274345,-0.57929544,-0.54407178,13.01947,-5.4660145
-0.65545823,0,9.4597579,-3.6087957,-0.46347896,-0.75564909,13.596402,-5.4801012,-0.5620508,-0.54981547,13.137506,-5.225166
-0.63516447,0,9.5464063,-3.429617,-0.44912911,-0.7632692,13.711724,-5.2302767,-0.54464904,-0.55535992,13.251135,-4.9819342
-0.614695,0,9.6298369,-3.2488349,-0.434655,-0.77061335,13.822437,-4.9780453,-0.52709661,-0.56070357,13.360307,-4.7364012
-0.59405738,0,9.7100125,-3.0665104,-0.420062,-0.77767952,13.928491,-4.7234924,-0.5094,-0.56584496,13.464973,-4.4886499
-0.57325921,0,9.786897,-2.8827052,-0.40535548,-0.78446582,14.029839,-4.4667043,-0.49156572,-0.57078272,13.565085,-4.2387645
-0.55230815,0,9.8604554,-2.6974817,-0.39054084,-0.79097044,14.126432,-4.2077685,-0.47360034,-0.57551553,13.660597,-3.9868299
-0.53121189,0,9.9306539,-2.5109029,-0.37562353,-0.7971917,14.218226,-3.9467732,-0.45551044,-0.58004216,13.751466,-3.732932
-0.50997814,0,9.9974598,-2.3230326,-0.36060901,-0.80312801,14.305179,-3.6838079,-0.43730265,-0.58436146,13.837647,-3.4771576
-0.48861468,0,10.060842,-2.1339348,-0.34550275,-0.80877788,14.387246,-3.4189627,-0.41898363,-0.58847235,13.9191,-3.2195944
-0.46712927,0,10.120769,-1.9436746,-0.33031028,-0.81413994,14.46439,-3.1523288,-0.40056005,-0.59237382,13.995785,-2.960331
-0.44552975,0,10.177213,-1.7523173,-0.31503711,-0.81921292,14.536571,-2.8839979,-0.38203861,-0.59606495,14.067664,-2.6994566
-0.42382395,0,10.230145,-1.5599289,-0.29968879,-0.82399566,14.603753,-2.614063,-0.36342604,-0.59954491,14.134702,-2.4370614
-0.40201974,0,10.279539,-1.3665757,-0.28427088,-0.82848711,14.6659,-2.3426176,-0.34472908,-0.60281291,14.196863,-2.1732363
-0.38012499,0,10.32537,-1.1723249,-0.26878896,-0.83268631,14.72298,-2.0697559,-0.32595449,-0.60586828,14.254115,-1.9080727
-0.35814761,0,10.367613,-0.97724366,-0.2532486,-0.83659243,14.774962,-1.7955729,-0.30710904,-0.60871041,14.306426,-1.641663
-0.3360955,0,10.406245,-0.78140001,-0.23765541,-0.84020474,14.821815,-1.5201643,-0.28819951,-0.61133875,14.353767,-1.3741
-0.31397658,0,10.441245,-0.58486219,-0.22201497,-0.84352262,14.863512,-1.2436265,-0.26923269,-0.61375285,14.396111,-1.1054773
-0.29179878,0,10.472592,-0.38769887,-0.20633289,-0.84654554,14.900026,-0.96605636,-0.25021539,-0.61595235,14.433431,-0.83588887
-0.26957003,0,10.500268,-0.18997911,-0.19061479,-0.84927309,14.931334,-0.68755146,-0.23115439,-0.61793694,14.465704,-0.56542948
-0.24729825,0,10.524254,0.0082276876,-0.17486627,-0.85170498,14.957414,-0.40820986,-0.2120565,-0.6197064,14.492906,-0.29419423
-0.22499139,0,10.544533,0.20685181,-0.15909294,-0.85384101,14.978245,-0.12813014,-0.19292853,-0.62126059,14.515019,-0.02227879
-0.20265737,0,10.561092,0.40582324,-0.1433004,-0.8556811,14.993808,0.15258864,-0.17377726,-0.62259945,14.532022,0.25022076
-0.1803041,0,10.573916,0.60507168,-0.12749425,-0.85722526,15.004086,0.43384698,-0.15460949,-0.62372299,14.543899,0.52320792
-0.15793948,0,10.582992,0.8045266,-0.11168008,-0.85847362,15.009065,0.71554498,-0.13543199,-0.6246313,14.550636,0.7965858
-0.13557141,0,10.58831,1.0041172,-0.095863467,-0.85942641,15.008733,0.99758237,-0.11625153,-0.62532456,14.552217,1.0702572
-0.11320778,0,10.58986,1.2037726,-0.080049986,-0.86008397,15.003077,1.2798586,-0.097074867,-0.62580301,14.548634,1.3441245
-0.09085642,0,10.587633,1.4034217,-0.064245192,-0.86044675,14.992088,1.5622726,-0.077908738,-0.62606697,14.539875,1.6180899
-0.068525183,0,10.581622,1.602993,-0.048454622,-0.86051529,14.975761,1.8447234,-0.05875986,-0.62611684,14.525933,1.8920555
-0.046221873,0,10.571822,1.8024154,-0.032683801,-0.86029026,14.954088,2.1271096,-0.03963493,-0.6259531,14.506802,2.1659229
-0.023954273,0,10.558228,2.0016171,-0.01693823,-0.8597724,14.927068,2.4093295,-0.02054062,-0.62557631,14.48248,2.4395937
-0.0017301332,0,10.540837,2.2005268,-0.0012233896,-0.8589626,14.894698,2.6912815,-0.0014835772,-0.62498709,14.452962,2.7129694
0.020442829,0,10.519649,2.3990728,0.014455262,-0.8578618,14.856979,2.9728638,0.017529581,-0.62418614,14.41825,2.9859513
0.042556932,0,10.494662,2.5971835,0.030092295,-0.85647108,14.813914,3.2539744,0.036492268,-0.62317425,14.378345,3.2584408
0.064604534,0,10.465877,2.7947873,0.045682304,-0.85479162,14.765507,3.5345115,0.055397931,-0.62195226,14.333251,3.530339
0.086578035,0,10.433299,2.9918126,0.061219915,-0.85282469,14.711765,3.814373,0.074240052,-0.6205211,14.282973,3.8015473
0.10846988,0,10.39693,3.188188,0.076699786,-0.85057165,14.652695,4.0934571,0.093012153,-0.61888178,14.227519,4.071967
0.13027255,0,10.356776,3.3838419,0.092116606,-0.84803399,14.588309,4.371662,0.11170779,-0.61703536,14.166899,4.3414995
0.15197861,0,10.312844,3.5787031,0.1074651,-0.84521327,14.518618,4.648886,0.13032058,-0.61498299,14.101122,4.6100464
0.17358063,0,10.265142,3.7727005,0.12274004,-0.84211118,14.443636,4.9250275,0.14884416,-0.61272588,14.030204,4.8775094
0.19507126,0,10.213679,3.965763,0.13793621,-0.83872947,14.363381,5.1999851,0.16727223,-0.61026533,13.954158,5.1437904
0.21644323,0,10.158468,4.1578198,0.15304847,-0.83507002,14.277869,5.4736577,0.18559853,-0.60760269,13.873001,5.4087914
0.23768928,0,10.099519,4.3488005,0.1680717,-0.83113479,14.187121,5.7459444,0.20381687,-0.60473938,13.786753,5.6724149
0.25880225,0,10.036847,4.5386346,0.18300082,-0.82692583,14.09116,6.0167447,0.2219211,-0.60167692,13.695435,5.9345636
0.27977503,0,9.9704671,4.727252,0.19783082,-0.82244529,13.990008,6.2859584,0.23990511,-0.59841685,13.599068,6.1951406
0.30060059,0,9.9003957,4.9145831,0.21255672,-0.81769542,13.883692,6.5534854,0.25776288,-0.59496081,13.497677,6.4540492
0.32127197,0,9.8266508,5.1005584,0.22717359,-0.81267856,13.772239,6.8192266,0.27548844,-0.59131051,13.39129,6.7111932
0.34178225,0,9.7492517,5.2851088,0.24167655,-0.80739712,13.65568,7.0830827,0.29307586,-0.5874677,13.279933,6.966477
0.36212463,0,9.6682191,5.4681656,0.25606078,-0.80185363,13.534046,7.3449553,0.31051931,-0.58343422,13.163637,7.2198053
0.38229237,0,9.5835751,5.6496605,0.27032152,-0.79605069,13.407371,7.6047466,0.327813,-0.57921195,13.042434,7.4710834
0.40227879,0,9.495343,5.8295256,0.28445406,-0.78999099,13.27569,7.8623589,0.34495122,-0.57480287,12.916359,7.7202172
0.42207732,0,9.4035478,6.0076936,0.29845374,-0.7836773,13.139039,8.1176956,0.36192832,-0.57020899,12.785446,7.967113
0.44168147,0,9.3082155,6.1840975,0.31231596,-0.7771125,12.99746,8.3706604,0.37873874,-0.5654324,12.649733,8.211678
0.46108482,0,9.2093735,6.3586708,0.3260362,-0.77029952,12.850992,8.6211578,0.39537697,-0.56047523,12.509259,8.4538198
0.48028105,0,9.1070508,6.5313476,0.33960998,-0.76324139,12.699679,8.8690932,0.4118376,-0.55533969,12.364066,8.6934469
0.49926392,0,9.0012774,6.7020627,0.3530329,-0.75594123,12.543565,9.1143723,0.42811528,-0.55002804,12.214197,8.9304685
0.51802731,0,8.8920848,6.8707511,0.36630062,-0.74840222,12.382697,9.356902,0.44420475,-0.5445426,12.059695,9.1647944
0.53656516,0,8.7795058,7.0373489,0.37940887,-0.74062762,12.217124,9.5965897,0.46010083,-0.53888575,11.900609,9.3963354
0.55487154,0,8.6635744,7.2017924,0.39235343,-0.73262079,12.046895,9.833344,0.47579842,-0.53305992,11.736985,9.6250031
0.57294058,0,8.5443261,7.3640188,0.40513017,-0.72438514,11.872063,10.067074,0.4912925,-0.5270676,11.568874,9.8507099
0.59076655,0,8.4217974,7.5239658,0.41773504,-0.71592416,11.692681,10.29769,0.50657814,-0.52091134,11.396328,10.073369
0.6083438,0,8.2960262,7.6815721,0.43016403,-0.70724141,11.508806,10.525104,0.52165051,-0.51459371,11.2194,10.292895
0.62566679,0,8.1670518,7.8367767,0.44241323,-0.69834054,11.320494,10.749226,0.53650485,-0.50811738,11.038145,10.509203
0.64273008,0,8.0349146,7.9895198,0.4544788,-0.68922526,11.127804,10.969971,0.55113649,-0.50148503,10.85262,10.722209
0.65952834,0,7.8996561,8.139742,0.46635696,-0.67989932,10.930798,11.187254,0.56554089,-0.49469942,10.662883,10.931831
0.67605637,0,7.7613193,8.2873849,0.47804404,-0.67036658,10.729537,11.400988,0.57971355,-0.48776333,10.468995,11.137987
0.69230904,0,7.6199482,8.432391,0.48953642,-0.66063094,10.524086,11.611091,0.59365011,-0.48067961,10.271018,11.340596
0.70828138,0,7.4755881,8.5747033,0.50083056,-0.65069636,10.31451,11.81748,0.60734627,-0.47345114,10.069014,11.539579
0.72396849,0,7.3282854,8.714266,0.51192303,-0.64056688,10.100876,12.020074,0.62079786,-0.46608086,9.8630481,11.734857
0.73936562,0,7.1780877,8.851024,0.52281045,-0.63024658,9.8832543,12.218794,0.63400079,-0.45857174,9.6531876,11.926355
0.75446813,0,7.0250438,8.9849233,0.53348953,-0.61973961,9.6617146,12.41356,0.64695108,-0.4509268,9.4395001,12.113995
0.76927147,0,6.8692035,9.1159106,0.54395708,-0.60905017,9.4363291,12.604295,0.65964485,-0.44314909,9.2220553,12.297703
0.78377126,0,6.7106179,9.2439337,0.55420997,-0.59818252,9.2071713,12.790924,0.67207831,-0.43524172,9.0009241,12.477407
0.79796319,0,6.549339,9.3689412,0.56424519,-0.58714098,8.9743164,12.97337,0.68424779,-0.42720782,8.7761791,12.653034
0.81184312,0,6.3854199,9.4908831,0.57405977,-0.57592991,8.737841,13.151562,0.69614973,-0.41905056,8.5478942,12.824513
0.82540699,0,6.218915,9.6097098,0.58365088,-0.56455371,8.4978231,13.325427,0.70778066,-0.41077316,8.3161448,12.991775
0.8386509,0,6.0498795,9.7253734,0.59301574,-0.55301685,8.2543422,13.494894,0.71913721,-0.40237886,8.0810077,13.154753
0.85157106,0,5.8783696,9.8378264,0.60215167,-0.54132383,8.0074793,13.659894,0.73021616,-0.39387094,7.8425611,13.31338
0.8641638,0,5.7044428,9.9470229,0.61105608,-0.52947921,7.7573164,13.820361,0.74101435,-0.38525271,7.6008845,13.46759
0.8764256,0,5.5281572,10.052918,0.61972649,-0.51748757,7.5039374,13.976227,0.75152875,-0.37652751,7.3560587,13.617322
0.88835305,0,5.3495722,10.155467,0.62816047,-0.50535355,7.247427,14.127429,0.76175646,-0.36769872,7.1081659,13.762511
0.89994288,0,5.168748,10.254628,0.63635572,-0.49308182,6.9878716,14.273904,0.77169466,-0.35876972,6.8572893,13.903099
0.91119195,0,4.9857456,10.350359,0.64431001,-0.48067709,6.7253586,14.41559,0.78134065,-0.34974395,6.6035138,14.039026
0.92209725,0,4.8006272,10.44262,0.65202122,-0.4681441,6.4599767,14.552427,0.79069187,-0.34062487,6.346925,14.170235
0.93265589,0,4.6134557,10.531371,0.65948731,-0.45548764,6.1918159,14.684358,0.79974583,-0.33141593,6.0876101,14.29667
0.94286515,0,4.4242948,10.616574,0.66670634,-0.4427125,5.9209673,14.811326,0.80850019,-0.32212066,5.8256572,14.418278
0.95272239,0,4.2332092,10.698193,0.67367646,-0.42982353,5.6475232,14.933277,0.81695271,-0.31274255,5.5611555,14.535005
0.96222516,0,4.0402643,10.776191,0.68039593,-0.41682559,5.3715768,15.050157,0.82510127,-0.30328516,5.2941954,14.646801
0.9713711,0,3.8455265,10.850534,0.68686309,-0.40372357,5.0932225,15.161916,0.83294385,-0.29375204,5.0248684,14.753617
0.98015802,0,3.6490626,10.921189,0.69307638,-0.39052239,4.812556,15.268504,0.84047857,-0.28414678,4.753267,14.855405
0.98858384,0,3.4509405,10.988124,0.69903434,-0.37722699,4.5296736,15.369873,0.84770365,-0.27447295,4.4794845,14.952121
0.99664664,0,3.2512287,11.051309,0.7047356,-0.36384232,4.2446728,15.465978,0.85461744,-0.26473417,4.2036154,15.04372
1.0043446,0,3.0499963,11.110714,0.71017888,-0.35037336,3.9576521,15.556774,0.8612184,-0.25493406,3.925755,15.130159
1.0116761,0,2.8473133,11.166311,0.71536303,-0.3368251,3.6687107,15.64222,0.86750509,-0.24507626,3.6459995,15.2114
1.0186396,0,2.6432501,11.218073,0.72028695,-0.32320254,3.3779488,15.722276,0.87347623,-0.23516439,3.3644461,15.287403
1.0252337,0,2.437878,11.265976,0.72494967,-0.30951072,3.0854674,15.796901,0.87913061,-0.22520212,3.0811925,15.358132
1.0314571,0,2.2312686,11.309994,0.72935032,-0.29575464,2.7913684,15.866062,0.88446718,-0.21519311,2.7963377,15.423552
1.0373088,0,2.0234943,11.350106,0.7334881,-0.28193936,2.4957544,15.929722,0.88948498,-0.20514101,2.5099809,15.483629
1.0427878,0,1.814628,11.38629,0.73736233,-0.26806991,2.1987287,15.987849,0.89418317,-0.19504951,2.2222224,15.538334
1.0478932,0,1.6047432,11.418527,0.74097242,-0.25415136,1.9003952,16.040412,0.89856104,-0.18492227,1.933163,15.587637
1.0526244,0,1.3939136,11.446797,0.74431787,-0.24018874,1.6008588,16.087384,0.902618,-0.17476298,1.6429043,15.63151
1.0569808,0,1.1822138,11.471084,0.74739829,-0.22618712,1.3002247,16.128736,0.90635356,-0.1645753,1.3515484,15.669928
1.0609619,0,0.96971845,11.491372,0.75021339,-0.21215154,0.99859875,16.164444,0.90976736,-0.15436292,1.059198,15.702869
1.0645676,0,0.75650292,11.507646,0.75276295,-0.19808707,0.6960874,16.194486,0.91285916,-0.14412951,0.76595635,15.730309
1.0677975,0,0.54264283,11.519894,0.75504688,-0.18399874,0.39279758,16.21884,0.91562883,-0.13387874,0.47192719,15.752231
1.0706518,0,0.32821417,11.528105,0.75706516,-0.16989159,0.088836699,16.237489,0.91807636,-0.12361429,0.17721474,15.768616
1.0731306,0,0.1132933,11.532268,0.75881789,-0.15577066,-0.21568742,16.250415,0.92020186,-0.1133398,-0.11807636,15.779449
1.075234,0,-0.10204313,11.532374,0.76030525,-0.14164097,-0.52066657,16.257604,0.92200554,-0.10305895,-0.41384107,15.784716
1.0769625,0,-0.31771817,11.528417,0.76152751,-0.12750754,-0.82599215,16.259042,0.92348775,-0.092775359,-0.70997399,15.784406
1.0783167,0,-0.53365464,11.520392,0.76248504,-0.11337534,-1.1315553,16.254721,0.92464893,-0.082492679,-1.0063694,15.778508
1.0792971,0,-0.7497751,11.508293,0.76317833,-0.09924938,-1.4372468,16.24463,0.92548967,-0.072214531,-1.3029214,15.767017
1.0799047,0,-0.96600194,11.492118,0.76360792,-0.085134608,-1.7429574,16.228765,0.92601063,-0.061944526,-1.5995237,15.749925
1.0801402,0,-1.1822574,11.471866,0.76377448,-0.071035973,-2.0485774,16.20712,0.92621261,-0.051686261,-1.8960699,15.72723
1.0800049,0,-1.3984635,11.447537,0.76367876,-0.056958398,-2.353997,16.179693,0.92609652,-0.041443321,-2.1924534,15.698929
1.0794997,0,-1.6145422,11.419133,0.76332159,-0.042906786,-2.6591065,16.146485,0.92566339,-0.031219272,-2.4885676,15.665024
1.0786262,0,-1.8304153,11.386657,0.76270391,-0.028886014,-2.9637959,16.107497,0.92491434,-0.021017662,-2.7843056,15.625517
1.0773857,0,-2.0460048,11.350113,0.76182674,-0.014900933,-3.2679553,16.062734,0.92385063,-0.010842021,-3.0795606,15.580412
1.0757798,0,-2.2612324,11.309507,0.76069121,-0.00095636708,-3.5714746,16.012201,0.92247359,-0.0006958587,-3.3742258,15.529717
1.0738103,0,-2.4760198,11.264848,0.75929851,0.01294289,-3.874244,15.955907,0.9207847,0.0094173366,-3.6681944,15.473439
1.0714788,0,-2.6902889,11.216143,0.75764995,0.026792076,-4.1761537,15.893863,0.91878552,0.0194941,-3.9613596,15.411589
1.0687875,0,-2.9039615,11.163404,0.7557469,0.040586461,-4.4770939,15.82608,0.91647774,0.029530988,-4.2536149,15.344181
1.0657384,0,-3.1169597,11.106643,0.75359085,0.054321348,-4.7769552,15.752574,0.91386314,0.039524587,-4.5448538,15.271229
1.0623337,0,-3.3292055,11.045873,0.75118334,0.067992078,-5.0756282,15.673362,0.9109436,0.049471504,-4.83497,15.192749
1.0585756,0,-3.5406211,10.981109,0.74852602,0.08159403,-5.3730038,15.588461,0.90772113,0.059368378,-5.1238575,15.108761
1.0544668,0,-3.7511289,10.912367,0.74562062,0.095122621,-5.6689734,15.497893,0.90419782,0.069211874,-5.4114106,15.019284
1.0500097,0,-3.9606516,10.839666,0.74246896,0.10857331,-5.9634283,15.401681,0.90037587,0.078998687,-5.6975237,14.924344
1.045207,0,-4.169112,10.763024,0.73907293,0.1219416,-6.2562606,15.29985,0.89625758,0.088725545,-5.9820918,14.823963
1.0400615,0,-4.3764331,10.682462,0.73543452,0.13522303,-6.5473626,15.192427,0.89184536,0.098389205,-6.2650102,14.718168
1.0345761,0,-4.5825383,10.598002,0.73155579,0.14841319,-6.836627,15.079442,0.8871417,0.10798646,-6.5461745,14.60699
1.0287539,0,-4.7873515,10.509669,0.72743887,0.16150773,-7.1239472,14.960925,0.88214921,0.11751413,-6.8254809,14.490458
1.022598,0,-4.9907965,10.417487,0.72308599,0.17450232,-7.4092169,14.83691,0.87687057,0.12696909,-7.1028262,14.368606
1.0161117,0,-5.1927979,10.321482,0.71849946,0.18739271,-7.6923305,14.707432,0.87130858,0.13634823,-7.3781075,14.241468
1.0092983,0,-5.3932804,10.221684,0.71368164,0.20017468,-7.9731829,14.57253,0.86546611,0.14564847,-7.6512226,14.109081
1.0021612,0,-5.5921694,10.11812,0.70863499,0.21284407,-8.2516699,14.432242,0.85934615,0.15486681,-7.92207,13.971485
0.99470414,0,-5.7893906,10.010822,0.70336204,0.22539677,-8.5276877,14.286609,0.85295176,0.16400024,-8.1905488,13.828718
0.9869307,0,-5.9848701,9.8998212,0.69786539,0.23782874,-8.8011333,14.135676,0.84628609,0.17304582,-8.4565586,13.680826
0.97884469,0,-6.1785348,9.7851522,0.69214772,0.25013597,-9.0719047,13.979487,0.8393524,0.18200065,-8.7200001,13.527851
0.97044998,0,-6.3703118,9.6668495,0.68621176,0.26231455,-9.3399003,13.818091,0.832154,0.19086187,-8.9807746,13.36984
0.96175057,0,-6.5601291,9.5449494,0.68006035,0.27436058,-9.6050196,13.651536,0.82469431,0.19962664,-9.238784,13.206842
0.95275052,0,-6.747915,9.4194894,0.67369635,0.28627025,-9.8671631,13.479874,0.81697683,0.2082922,-9.4939314,13.038907
0.94345402,0,-6.9335987,9.2905086,0.66712273,0.29803981,-10.126232,13.303158,0.80900515,0.21685582,-9.7461206,12.866088
0.93386533,0,-7.1171098,9.1580472,0.66034251,0.30966558,-10.382128,13.121444,0.80078291,0.2253148,-9.9952564,12.688437
0.92398881,0,-7.2983788,9.0221468,0.65335876,0.32114391,-10.634755,12.934788,0.79231387,0.23366652,-10.241244,12.506011
0.91382892,0,-7.4773369,8.8828505,0.64617463,0.33247126,-10.884017,12.74325,0.78360184,0.24190837,-10.483991,12.318869
0.9033902,0,-7.6539157,8.7402024,0.63879333,0.34364412,-11.12982,12.546889,0.7746507,0.25003782,-10.723405,12.127068
0.89267726,0,-7.828048,8.5942479,0.63121814,0.35465907,-11.372069,12.34577,0.76546443,0.25805238,-10.959394,11.93067
0.88169481,0,-7.9996671,8.4450339,0.62345238,0.36551275,-11.610672,12.139957,0.75604706,0.26594959,-11.191868,11.729739
0.87044765,0,-8.1687073,8.2926083,0.61549944,0.37620187,-11.845538,11.929515,0.74640271,0.27372707,-11.420739,11.524339
0.85894065,0,-8.3351036,8.1370205,0.60736276,0.38672322,-12.076578,11.714514,0.73653553,0.28138247,-11.645918,11.314536
0.84717875,0,-8.4987918,7.9783208,0.59904584,0.39707364,-12.303701,11.495022,0.72644979,0.28891351,-11.867319,11.100398
0.83516698,0,-8.6597088,7.8165609,0.59055224,0.40725006,-12.526821,11.271111,0.71614978,0.29631795,-12.084857,10.881996
0.82291044,0,-8.8177923,7.6517936,0.58188555,0.41724949,-12.745851,11.042855,0.70563988,0.3035936,-12.298447,10.659401
0.81041428,0,-8.9729809,7.484073,0.57304944,0.42706899,-12.960707,10.810329,0.69492452,0.31073833,-12.508006,10.432685
0.79768376,0,-9.1252142,7.3134542,0.5640476,0.43670571,-13.171304,10.573609,0.68400818,0.31775007,-12.713454,10.201924
0.78472418,0,-9.2744328,7.1399935,0.55488379,0.44615687,-13.377562,10.332773,0.67289543,0.32462681,-12.91471,9.9671944
0.7715409,0,-9.4205783,6.9637482,0.5455618,0.45541978,-13.579399,10.087902,0.66159087,0.33136657,-13.111695,9.7285729
0.75813937,0,-9.5635933,6.7847769,0.53608549,0.46449182,-13.776735,9.8390771,0.65009914,0.33796744,-13.304333,9.4861394
0.74452506,0,-9.7034214,6.6031391,0.52645872,0.47337044,-13.969495,9.586381,0.63842497,0.34442759,-13.492546,9.2399748
0.73070354,0,-9.8400075,6.4188954,0.51668543,0.48205318,-14.1576,9.3298985,0.62657312,0.35074521,-13.676262,8.9901613
0.71668041,0,-9.9732973,6.2321075,0.50676958,0.49053764,-14.340977,9.0697155,0.61454838,0.35691856,-13.855406,8.7367826
0.70246134,0,-10.103238,6.042838,0.49671517,0.49882153,-14.519553,8.8059197,0.60235563,0.36294598,-14.029909,8.4799241
0.68805203,0,-10.229777,5.8511505,0.48652625,0.50690263,-14.693257,8.5386,0.58999975,0.36882584,-14.199699,8.2196722
0.67345824,0,-10.352864,5.6571097,0.47620689,0.51477878,-14.862018,8.2678468,0.57748568,0.37455658,-14.36471,7.9561148
0.6586858,0,-10.47245,5.4607812,0.46576119,0.52244792,-15.025769,7.9937518,0.56481841,0.3801367,-14.524874,7.6893413
0.64374054,0,-10.588486,5.2622313,0.4551933,0.52990809,-15.184444,7.7164082,0.55200296,0.38556477,-14.680127,7.4194421
0.62862837,0,-10.700925,5.0615274,0.44450738,0.53715737,-15.337978,7.4359104,0.53904438,0.39083939,-14.830405,7.1465091
0.61335521,0,-10.809721,4.8587379,0.43370763,0.54419395,-15.486308,7.152354,0.52594776,0.39595926,-14.975648,6.8706353
0.59792705,0,-10.91483,4.6539318,0.42279827,0.55101612,-15.629373,6.8658362,0.51271822,0.40092311,-15.115795,6.591915
0.58234989,0,-11.016207,4.4471791,0.41178356,0.55762221,-15.767115,6.5764549,0.49936091,0.40572975,-15.250789,6.3104437
0.56662977,0,-11.113812,4.2385504,0.40066775,0.56401066,-15.899475,6.2843097,0.48588102,0.41037803,-15.380573,6.0263177
0.55077276,0,-11.207603,4.0281174,0.38945516,0.57018,-16.026398,5.9895009,0.47228375,0.41486689,-15.505094,5.7396349
0.53478497,0,-11.29754,3.8159523,0.37815008,0.57612884,-16.147832,5.6921303,0.45857433,0.4191953,-15.624298,5.450494
0.51867251,0,-11.383586,3.6021281,0.36675685,0.58185586,-16.263723,5.3923005,0.44475801,0.42336232,-15.738135,5.1589947
0.50244153,0,-11.465705,3.3867186,0.35527981,0.58735984,-16.374023,5.0901152,0.43084006,0.42736706,-15.846556,4.8652377
0.48609821,0,-11.543859,3.1697981,0.34372334,0.59263965,-16.478683,4.7856792,0.41682577,0.43120868,-15.949514,4.5693249
0.46964872,0,-11.618017,2.9514417,0.3320918,0.59769423,-16.577658,4.4790982,0.40272046,0.43488643,-16.046965,4.2713588
0.45309929,0,-11.688144,2.731725,0.32038958,0.60252261,-16.670904,4.1704789,0.38852943,0.43839959,-16.138865,3.9714431
0.43645612,0,-11.754211,2.5107243,0.30862108,0.60712391,-16.75838,3.8599287,0.37425803,0.44174753,-16.225173,3.669682
0.41972544,0,-11.816186,2.2885166,0.2967907,0.61149734,-16.840044,3.5475561,0.35991159,0.44492967,-16.30585,3.3661809
0.40291349,0,-11.874043,2.0651791,0.28490286,0.61564218,-16.91586,3.2334703,0.34549547,0.44794548,-16.380859,3.0610458
0.38602652,0,-11.927754,1.8407898,0.27296197,0.61955781,-16.985792,2.9177812,0.33101501,0.45079452,-16.450165,2.7543834
0.36907078,0,-11.977293,1.6154271,0.26097245,0.62324369,-17.049807,2.6005996,0.31647558,0.45347639,-16.513734,2.4463011
0.35205252,0,-12.022637,1.38917,0.24893872,0.62669936,-17.107872,2.2820368,0.30188254,0.45599076,-16.571536,2.1369071
0.33497799,0,-12.063764,1.1620976,0.23686521,0.62992445,-17.159958,1.9622051,0.28724126,0.45833736,-16.62354,1.8263101
0.31785345,0,-12.100653,0.93428967,0.22475633,0.63291869,-17.206039,1.641217,0.27255708,0.46051599,-16.669722,1.5146195
0.30068513,0,-12.133284,0.70582639,0.21261649,0.63568186,-17.246088,1.3191858,0.25783537,0.46252649,-16.710054,1.2019451
0.28347927,0,-12.161639,0.47678815,0.20045012,0.63821386,-17.280084,0.99622541,0.24308147,0.46436879,-16.744515,0.88839745
0.26624211,0,-12.185703,0.24725572,0.1882616,0.64051465,-17.308004,0.67245007,0.22830073,0.46604286,-16.773084,0.57408732
0.24897986,0,-12.20546,0.017310165,0.17605535,0.64258429,-17.329831,0.34797458,0.21349847,0.46754875,-16.795742,0.25912605
0.23169872,0,-12.220897,-0.21296719,0.16383574,0.64442291,-17.345548,0.022914118,0.19868002,0.46888654,-16.812473,-0.05637466
0.21440488,0,-12.232002,-0.44349477,0.15160715,0.64603073,-17.35514,-0.30261576,0.18385067,0.4700564,-16.823262,-0.37230274
0.19710451,0,-12.238766,-0.67419083,0.13937394,0.64740805,-17.358596,-0.62849916,0.16901572,0.47105855,-16.828096,-0.68854584
0.17980375,0,-12.24118,-0.90497343,0.12714045,0.64855527,-17.355906,-0.95461989,0.15418045,0.47189327,-16.826967,-1.0049913
0.16250873,0,-12.239237,-1.1357605,0.11491103,0.64947285,-17.347061,-1.2808615,0.13935009,0.47256091,-16.819865,-1.3215263
0.14522556,0,-12.232931,-1.3664697,0.10268997,0.65016133,-17.332057,-1.6071075,0.12452989,0.47306185,-16.806784,-1.6380377
0.12796029,0,-12.222259,-1.597019,0.090481586,0.65062134,-17.31089,-1.9332408,0.10972504,0.47339656,-16.787722,-1.9544123
0.11071897,0,-12.207218,-1.8273258,0.078290135,0.65085361,-17.283558,-2.2591448,0.094940734,0.47356556,-16.762677,-2.2705369
0.093507621,0,-12.187808,-2.0573079,0.066119872,0.65085891,-17.250064,-2.5847023,0.080182123,0.47356942,-16.731649,-2.5862979
0.076332214,0,-12.164029,-2.2868828,0.053975025,0.65063812,-17.210411,-2.9097963,0.065454333,0.47340877,-16.694641,-2.9015821
0.059198691,0,-12.135885,-2.5159682,0.041859795,0.65019218,-17.164604,-3.2343098,0.050762459,0.4730843,-16.651658,-3.216276
0.042112958,0,-12.103378,-2.7444818,0.029778357,0.64952213,-17.112651,-3.5581258,0.036111563,0.47259677,-16.602707,-3.5302663
0.025080877,0,-12.066516,-2.9723415,0.017734858,0.64862906,-17.054562,-3.8811274,0.021506674,0.47194697,-16.547798,-3.8434397
0.0081082716,0,-12.025305,-3.1994652,0.0057334133,0.64751416,-16.99035,-4.2031979,0.0069527854,0.47113576,-16.486941,-4.1556832
-0.0087990797,0,-11.979754,-3.4257709,-0.0062218895,0.64617869,-16.920029,-4.5242207,-0.0075451487,0.47016406,-16.420151,-4.4668838
-0.025635445,0,-11.929874,-3.651177,-0.018126997,0.64462397,-16.843616,-4.8440794,-0.021982212,0.46903283,-16.347444,-4.7769289
-0.042395138,0,-11.875676,-3.8756019,-0.02997789,0.64285141,-16.76113,-5.162658,-0.036353531,0.4677431,-16.268837,-5.0857059
-0.059072526,0,-11.817174,-4.0989643,-0.041770584,0.64086249,-16.672592,-5.4798406,-0.050654273,0.46629596,-16.18435,-5.3931028
-0.075662024,0,-11.754384,-4.3211833,-0.053501131,0.63865877,-16.578026,-5.7955118,-0.064879651,0.46469251,-16.094006,-5.6990079
-0.092158103,0,-11.687322,-4.5421781,-0.06516562,0.63624187,-16.477457,-6.1095566,-0.079024922,0.46293396,-15.997829,-6.0033096
-0.10855529,0,-11.616006,-4.7618684,-0.076760182,0.63361349,-16.370914,-6.4218604,-0.093085393,0.46102153,-15.895847,-6.3058971
-0.12484816,0,-11.540457,-4.9801742,-0.088280984,0.63077539,-16.258425,-6.732309,-0.10705642,0.45895651,-15.788086,-6.6066599
-0.14103137,0,-11.460697,-5.1970157,-0.09972424,0.6277294,-16.140025,-7.0407888,-0.1209334,0.45674023,-15.674579,-6.905488
-0.15709961,0,-11.376747,-5.412314,-0.1110862,0.62447744,-16.015746,-7.3471867,-0.13471181,0.45437408,-15.555359,-7.2022719
-0.17304765,0,-11.288633,-5.6259901,-0.12236317,0.62102147,-15.885626,-7.6513904,-0.14838714,0.45185949,-15.430459,-7.4969029
-0.18887032,0,-11.19638,-5.8379658,-0.13355149,0.61736353,-15.749703,-7.9532879,-0.16195497,0.44919795,-15.299919,-7.7892727
-0.20456252,0,-11.100017,-6.0481634,-0.14464754,0.61350572,-15.608018,-8.2527682,-0.17541091,0.44639098,-15.163776,-8.0792738
-0.2201192,0,-10.999573,-6.2565056,-0.15564778,0.60945021,-15.460615,-8.5497208,-0.18875066,0.44344016,-15.022072,-8.3667994
-0.2355354,0,-10.895079,-6.4629158,-0.16654868,0.60519923,-15.307538,-8.8440362,-0.20196994,0.44034712,-14.874851,-8.6517434
-0.25080622,0,-10.786566,-6.6673178,-0.17734678,0.60075507,-15.148836,-9.1356055,-0.21506456,0.43711352,-14.722159,-8.9340005
-0.26592684,0,-10.674069,-6.8696364,-0.18803868,0.59612009,-14.984556,-9.4243208,-0.22803039,0.43374108,-14.564041,-9.2134664
-0.28089251,0,-10.557622,-7.0697965,-0.198621,0.5912967,-14.814751,-9.7100749,-0.24086334,0.43023154,-14.400549,-9.4900374
-0.29569855,0,-10.437263,-7.2677243,-0.20909045,0.58628736,-14.639474,-9.9927617,-0.25355941,0.42658672,-14.231734,-9.763611
-0.31034036,0,-10.313029,-7.4633461,-0.21944377,0.58109462,-14.458781,-10.272276,-0.26611466,0.42280844,-14.057648,-10.034085
-0.32481342,0,-10.184961,-7.6565894,-0.22967777,0.57572105,-14.27273,-10.548514,-0.27852521,0.4188986,-13.878349,-10.30136
-0.33911329,0,-10.053098,-7.8473823,-0.23978931,0.5701693,-14.081379,-10.821372,-0.29078725,0.41485911,-13.693893,-10.565335
-0.35323561,0,-9.9174852,-8.0356535,-0.24977529,0.56444207,-13.884791,-11.090748,-0.30289703,0.41069193,-13.504339,-10.825911
-0.36717609,0,-9.7781648,-8.2213328,-0.25963271,0.5585421,-13.683029,-11.356542,-0.3148509,0.40639907,-13.309749,-11.082992
-0.38093056,0,-9.6351825,-8.4043508,-0.26935858,0.55247219,-13.476159,-11.618653,-0.32664526,0.40198256,-13.110186,-11.33648
-0.39449488,0,-9.4885849,-8.5846388,-0.27895001,0.54623519,-13.264248,-11.876983,-0.33827657,0.39744448,-12.905716,-11.586281
-0.40786505,0,-9.3384203,-8.762129,-0.28840414,0.539834,-13.047365,-12.131435,-0.34974139,0.39278693,-12.696404,-11.832301
-0.42103711,0,-9.1847381,-8.9367548,-0.2977182,0.53327158,-12.825582,-12.381913,-0.36103635,0.38801207,-12.482321,-12.074447
-0.43400723,0,-9.027589,-9.1084503,-0.30688946,0.52655091,-12.598972,-12.628322,-0.37215813,0.38312206,-12.263536,-12.312627
-0.44677164,0,-8.8670251,-9.2771506,-0.31591526,0.51967503,-12.36761,-12.870569,-0.38310352,0.37811912,-12.040123,-12.546751
-0.45932667,0,-8.7030998,-9.4427917,-0.32479301,0.51264703,-12.131572,-13.108561,-0.39386937,0.3730055,-11.812154,-12.77673
-0.47166875,0,-8.5358679,-9.605311,-0.33352017,0.50547003,-11.890937,-13.342209,-0.40445261,0.36778347,-11.579706,-13.002477
-0.48379437,0,-8.3653853,-9.7646464,-0.34209428,0.4981472,-11.645786,-13.571422,-0.41485025,0.36245533,-11.342858,-13.223906
-0.49570016,0,-8.1917092,-9.9207374,-0.35051295,0.49068175,-11.3962,-13.796115,-0.42505938,0.35702341,-11.101687,-13.440933
-0.50738281,0,-8.014898,-10.073524,-0.35877383,0.48307692,-11.142263,-14.016199,-0.43507717,0.35149009,-10.856275,-13.653473
-0.51883912,0,-7.8350114,-10.222948,-0.36687466,0.47533599,-10.884061,-14.231592,-0.44490087,0.34585774,-10.606704,-13.861447
-0.53006597,0,-7.6521102,-10.368952,-0.37481324,0.46746229,-10.62168,-14.44221,-0.45452782,0.34012878,-10.35306,-14.064772
-0.54106035,0,-7.4662565,-10.511479,-0.38258744,0.45945917,-10.35521,-14.647971,-0.46395542,0.33430565,-10.095427,-14.263372
-0.55181935,0,-7.2775133,-10.650475,-0.3901952,0.45133001,-10.084739,-14.848797,-0.47318119,0.32839082,-9.8338923,-14.45717
-0.56234015,0,-7.0859449,-10.785886,-0.39763453,0.44307823,-9.8103617,-15.044608,-0.4822027,0.32238677,-9.5685457,-14.646089
-0.57262002,0,-6.8916168,-10.917659,-0.4049035,0.43470728,-9.5321696,-15.23533,-0.49101762,0.316296,-9.2994772,-14.830057
-0.58265636,0,-6.6945954,-11.045742,-0.41200026,0.42622063,-9.2502579,-15.420887,-0.49962371,0.31012106,-9.0267785,-15.009002
-0.59244663,0,-6.4949481,-11.170086,-0.41892303,0.4176218,-8.9647229,-15.601206,-0.50801879,0.30386449,-8.7505429,-15.182853
-0.60198841,0,-6.2927436,-11.290641,-0.42567009,0.40891431,-8.6756624,-15.776218,-0.51620081,0.29752886,-8.4708649,-15.351542
-0.61127939,0,-6.0880514,-11.40736,-0.43223981,0.40010171,-8.3831754,-15.945851,-0.52416776,0.29111676,-8.1878405,-15.515003
-0.62031735,0,-5.8809421,-11.520197,-0.43863061,0.39118759,-8.0873624,-16.110041,-0.53191774,0.28463078,-7.9015669,-15.673171
-0.62910016,0,-5.6714871,-11.629107,-0.44484099,0.38217554,-7.7883251,-16.26872,-0.53944894,0.27807355,-7.6121429,-15.825983
-0.63762582,0,-5.4597588,-11.734046,-0.45086954,0.37306919,-7.4861667,-16.421826,-0.54675963,0.2714477,-7.3196682,-15.973378
-0.6458924,0,-5.2458308,-11.834973,-0.4567149,0.36387216,-7.1809913,-16.569297,-0.55384816,0.26475589,-7.0242438,-16.115296
-0.6538981,0,-5.0297771,-11.931846,-0.46237578,0.35458813,-6.8729047,-16.711073,-0.56071299,0.25800076,-6.725972,-16.251681
-0.6616412,0,-4.8116728,-12.024626,-0.46785098,0.34522077,-6.5620134,-16.847098,-0.56735265,0.251185,-6.4249563,-16.382477
-0.6691201,0,-4.591594,-12.113274,-0.47313936,0.33577375,-6.2484253,-16.977315,-0.57376575,0.24431129,-6.121301,-16.50763
-0.6763333,0,-4.3696172,-12.197756,-0.47823986,0.32625078,-5.9322494,-17.10167,-0.57995102,0.23738231,-5.8151118,-16.627089
-0.6832794,0,-4.1458201,-12.278035,-0.4831515,0.31665557,-5.6135956,-17.220114,-0.58590725,0.23040077,-5.5064954,-16.740804
-0.68995709,0,-3.9202809,-12.354078,-0.48787334,0.30699185,-5.292575,-17.332595,-0.59163333,0.22336938,-5.1955592,-16.848729
-0.6963652,0,-3.6930785,-12.425852,-0.49240456,0.29726334,-4.9692996,-17.439067,-0.59712823,0.21629085,-4.8824121,-16.950817
-0.70250262,0,-3.4642927,-12.493328,-0.49674437,0.28747379,-4.6438824,-17.539485,-0.60239103,0.20916791,-4.5671633,-17.047026
-0.70836837,0,-3.2340037,-12.556476,-0.50089208,0.27762693,-4.3164371,-17.633805,-0.60742087,0.20200327,-4.2499235,-17.137313
-0.71396157,0,-3.0022926,-12.615269,-0.50484707,0.26772652,-3.9870786,-17.721986,-0.612217,0.19479966,-3.9308037,-17.221641
-0.71928143,0,-2.769241,-12.66968,-0.50860878,0.25777631,-3.6559224,-17.803991,-0.61677874,0.18755982,-3.6099161,-17.299971
-0.72432728,0,-2.5349309,-12.719685,-0.51217674,0.24778005,-3.3230849,-17.879782,-0.62110552,0.18028647,-3.2873735,-17.372268
-0.72909855,0,-2.2994452,-12.765261,-0.51555053,0.2377415,-2.988683,-17.949325,-0.62519685,0.17298235,-2.9632895,-17.4385
-0.73359475,0,-2.062867,-12.806387,-0.51872983,0.22766441,-2.6528346,-18.012587,-0.62905231,0.16565019,-2.6377783,-17.498637
-0.73781553,0,-1.8252801,-12.843043,-0.52171436,0.21755253,-2.3156581,-18.06954,-0.6326716,0.15829272,-2.3109547,-17.552649
-0.7417606,0,-1.5867687,-12.87521,-0.52450395,0.2074096,-1.9772726,-18.120155,-0.63605447,0.15091265,-1.9829343,-17.60051
-0.74542981,0,-1.3474173,-12.902872,-0.52709848,0.19723938,-1.6377977,-18.164406,-0.63920079,0.14351273,-1.6538332,-17.642195
-0.74882309,0,-1.1073111,-12.926014,-0.52949789,0.18704558,-1.2973535,-18.202271,-0.6421105,0.13609565,-1.3237679,-17.677684
-0.75194047,0,-0.86653538,-12.944623,-0.53170221,0.17683195,-0.95606062,-18.23373,-0.64478364,0.12866414,-0.99285548,-17.706956
-0.75478209,0,-0.62517586,-12.958686,-0.53371154,0.16660219,-0.61404021,-18.258762,-0.64722031,0.1212209,-0.66121344,-17.729993
-0.75734819,0,-0.38331859,-12.968194,-0.53552604,0.15636002,-0.27141371,-18.277352,-0.64942071,0.11376863,-0.32895969,-17.746781
-0.75963909,0,-0.14104988,-12.973138,-0.53714595,0.14610913,0.07169705,-18.289487,-0.65138515,0.10631001,0.0037875404,-17.757306
-0.76165524,0,0.10154372,-12.973511,-0.53857158,0.1358532,0.41516992,-18.295153,-0.65311398,0.098847723,0.33690968,-17.761557
-0.76339715,0,0.34437544,-12.969308,-0.5398033,0.1255959,0.75888249,-18.294343,-0.65460766,0.091384439,0.6702879,-17.759525
-0.76486547,0,0.58735834,-12.960524,-0.54084156,0.11534087,1.1027121,-18.287048,-0.65586673,0.083922812,1.0038032,-17.751205
-0.76606092,0,0.83040531,-12.947159,-0.54168687,0.10509176,1.446536,-18.273265,-0.65689182,0.076465487,1.3373362,-17.736592
-0.76698431,0,1.0734291,-12.929211,-0.54233981,0.094852174,1.7902312,-18.252991,-0.65768362,0.069015094,1.6707677,-17.715685
-0.76763657,0,1.3163425,-12.906682,-0.54280103,0.084625711,2.1336747,-18.226226,-0.65824293,0.06157425,2.0039781,-17.688483
-0.76801871,0,1.5590581,-12.879575,-0.54307124,0.074415945,2.4767434,-18.192972,-0.65857061,0.054145554,2.336848,-17.654989
-0.76813183,0,1.8014885,-12.847894,-0.54315123,0.064226427,2.8193141,-18.153234,-0.65866761,0.046731591,2.6692578,-17.615209
-0.76797714,0,2.0435463,-12.811646,-0.54304184,0.054060687,3.161264,-18.107019,-0.65853496,0.039334928,3.001088,-17.56915
-0.76755591,0,2.2851442,-12.770838,-0.54274399,0.043922228,3.50247,-18.054336,-0.65817377,0.031958116,3.3322192,-17.51682
-0.76686954,0,2.5261949,-12.72548,-0.54225866,0.033814528,3.8428092,-17.995198,-0.65758521,0.024603684,3.6625321,-17.458233
-0.7659195,0,2.7666113,-12.675583,-0.54158687,0.023741038,4.1821592,-17.929617,-0.65677055,0.017274143,3.9919076,-17.393401
-0.76470734,0,3.0063064,-12.621159,-0.54072975,0.01370518,4.5203974,-17.857611,-0.65573114,0.0099719835,4.3202268,-17.322342
-0.76323473,0,3.2451932,-12.562224,-0.53968845,0.0037103466,4.8574018,-17.779198,-0.65446838,0.0026996743,4.647371,-17.245074
-0.76150338,0,3.4831852,-12.498793,-0.53846421,-0.0062400986,5.1930504,-17.694399,-0.65298376,-0.004540338,4.9732218,-17.161617
-0.75951514,0,3.7201959,-12.430885,-0.53705831,-0.016142825,5.5272219,-17.603238,-0.65127886,-0.01174563,5.2976613,-17.071995
-0.7572719,0,3.9561391,-12.358517,-0.5354721,-0.025994535,5.8597951,-17.50574,-0.6493553,-0.018913802,5.6205717,-16.976233
-0.75477566,0,4.1909291,-12.281712,-0.53370699,-0.035791963,6.1906494,-17.401933,-0.64721479,-0.026042478,5.9418359,-16.874359
-0.7520285,0,4.4244802,-12.200491,-0.53176445,-0.045531882,6.5196647,-17.291849,-0.64485912,-0.03312931,6.2613371,-16.766402
-0.74903257,0,4.6567073,-12.114879,-0.52964601,-0.055211096,6.8467215,-17.175518,-0.64229013,-0.040171972,6.578959,-16.652394
-0.74579012,0,4.8875255,-12.024902,-0.52735325,-0.06482645,7.1717006,-17.052976,-0.63950975,-0.04716817,6.8945861,-16.53237
-0.74230345,0,5.1168506,-11.930587,-0.52488781,-0.074374825,7.4944837,-16.924261,-0.63651996,-0.054115634,7.2081031,-16.406366
-0.73857497,0,5.3445986,-11.831963,-0.52225137,-0.083853142,7.8149531,-16.789412,-0.63332281,-0.061012122,7.5193958,-16.274421
-0.73460715,0,5.5706861,-11.729061,-0.5194457,-0.093258361,8.1329917,-16.648469,-0.62992043,-0.067855424,7.8283502,-16.136575
-0.73040253,0,5.7950301,-11.621912,-0.51647259,-0.10258748,8.4484833,-16.501479,-0.62631501,-0.074643358,8.1348535,-15.992872
-0.72596375,0,6.0175483,-11.51055,-0.51333389,-0.11183755,8.7613124,-16.348485,-0.62250878,-0.081373772,8.4387932,-15.843356
-0.72129349,0,6.2381589,-11.395011,-0.51003152,-0.12100565,9.0713645,-16.189538,-0.61850407,-0.088044545,8.740058,-15.688076
-0.71639453,0,6.4567807,-11.275331,-0.50656743,-0.13008892,9.3785256,-16.024687,-0.61430324,-0.094653591,9.0385372,-15.527079
-0.7112697,0,6.6733332,-11.151548,-0.50294363,-0.13908452,9.6826831,-15.853985,-0.60990873,-0.10119885,9.3341212,-15.360418
-0.70592191,0,6.8877364,-11.023703,-0.49916217,-0.14798967,9.9837251,-15.677488,-0.60532304,-0.1076783,9.6267011,-15.188146
-0.70035413,0,7.0999112,-10.891836,-0.49522516,-0.15680165,10.281541,-15.495251,-0.60054871,-0.11408996,9.9161691,-15.01032
-0.69456941,0,7.3097791,-10.75599,-0.49113474,-0.16551776,10.57602,-15.307335,-0.59558835,-0.12043186,10.202418,-14.826996
-0.68857085,0,7.5172624,-10.616209,-0.48689312,-0.17413536,10.867055,-15.1138,-0.59044463,-0.12670209,10.485343,-14.638235
-0.68236161,0,7.7222842,-10.47254,-0.48250252,-0.18265187,11.154537,-14.91471,-0.58512026,-0.13289875,10.764839,-14.444097
-0.67594494,0,7.9247684,-10.325029,-0.47796525,-0.19106473,11.43836,-14.710131,-0.579618,-0.13902001,11.040802,-14.244648
-0.66932412,0,8.1246396,-10.173725,-0.47328362,-0.19937147,11.718419,-14.50013,-0.5739407,-0.14506405,11.313131,-14.039953
-0.66250249,0,8.3218236,-10.018678,-0.46846001,-0.20756963,11.99461,-14.284776,-0.5680912,-0.15102909,11.581723,-13.830079
-0.65548348,0,8.5162468,-9.8599387,-0.46349681,-0.21565683,12.266831,-14.064141,-0.56207244,-0.15691339,11.846479,-13.615097
-0.64827053,0,8.7078366,-9.6975605,-0.45839649,-0.22363073,12.534979,-13.838298,-0.55588739,-0.16271525,12.1073,-13.395077
-0.64086716,0,8.8965214,-9.5315972,-0.45316152,-0.23148904,12.798956,-13.607324,-0.54953906,-0.16843301,12.36409,-13.170093
-0.63327695,0,9.0822306,-9.3621044,-0.44779443,-0.23922953,13.058662,-13.371294,-0.54303051,-0.17406505,12.616751,-12.940221
-0.62550351,0,9.2648945,-9.1891387,-0.44229778,-0.24685003,13.314,-13.130289,-0.53636484,-0.17960978,12.865191,-12.705537
-0.61755052,0,9.4444445,-9.0127583,-0.43667416,-0.2543484,13.564875,-12.884389,-0.5295452,-0.18506564,13.109314,-12.466121
-0.60942168,0,9.6208132,-8.8330225,-0.4309262,-0.26172259,13.811193,-12.633679,-0.52257478,-0.19043115,13.349031,-12.222053
-0.60112077,0,9.793934,-8.6499919,-0.42505657,-0.26897057,14.052861,-12.378241,-0.5154568,-0.19570483,13.58425,-11.973416
-0.59265158,0,9.9637415,-8.4637284,-0.41906795,-0.27609039,14.289788,-12.118163,-0.50819454,-0.20088526,13.814883,-11.720294
-0.58401797,0,10.130172,-8.274295,-0.41296307,-0.28308014,14.521884,-11.853534,-0.50079128,-0.20597106,14.040843,-11.462773
-0.57522383,0,10.293161,-8.081756,-0.40674467,-0.28993799,14.749062,-11.584443,-0.49325037,-0.21096087,14.262044,-11.20094
-0.5662731,0,10.452649,-7.8861769,-0.40041555,-0.29666214,14.971236,-11.310982,-0.48557518,-0.21585341,14.478403,-10.934884
-0.55716973,0,10.608573,-7.6876243,-0.3939785,-0.30325087,15.188322,-11.033244,-0.47776911,-0.22064742,14.689838,-10.664698
-0.54791775,0,10.760875,-7.4861659,-0.38743635,-0.3097025,15.400237,-10.751325,-0.46983559,-0.22534166,14.896268,-10.390472
-0.53852117,0,10.909496,-7.2818706,-0.38079197,-0.31601541,15.6069,-10.465321,-0.4617781,-0.22993499,15.097614,-10.112301
-0.52898408,0,11.05438,-7.0748082,-0.37404823,-0.32218806,15.808232,-10.175331,-0.45360011,-0.23442625,15.293799,-9.8302799
-0.51931059,0,11.19547,-6.8650499,-0.36720804,-0.32821895,16.004156,-9.8814535,-0.44530516,-0.23881437,15.484749,-9.5445062
-0.50950482,0,11.332714,-6.6526676,-0.36027431,-0.33410664,16.194597,-9.5837905,-0.43689678,-0.24309829,15.670389,-9.255078
-0.49957093,0,11.466056,-6.4377343,-0.35324999,-0.33984976,16.379482,-9.2824446,-0.42837854,-0.24727702,15.850648,-8.9620952
-0.48951312,0,11.595447,-6.2203242,-0.34613805,-0.34544697,16.558738,-8.9775199,-0.41975404,-0.25134959,16.025457,-8.6656588
-0.47933559,0,11.720836,-6.0005121,-0.33894144,-0.35089704,16.732298,-8.6691219,-0.41102688,-0.2553151,16.194748,-8.3658714
-0.46904257,0,11.842174,-5.778374,-0.33166319,-0.35619875,16.900092,-8.3573574,-0.40220069,-0.25917266,16.358455,-8.0628367
-0.45863833,0,11.959413,-5.5539868,-0.32430628,-0.36135098,17.062056,-8.0423347,-0.39327913,-0.26292145,16.516514,-7.7566598
-0.44812714,0,12.072508,-5.3274281,-0.31687374,-0.36635264,17.218126,-7.7241631,-0.38426585,-0.2665607,16.668863,-7.447447
-0.43751329,0,12.181415,-5.0987765,-0.30936861,-0.37120271,17.368242,-7.4029534,-0.37516455,-0.27008965,16.815443,-7.1353057
-0.42680108,0,12.286089,-4.8681113,-0.30179394,-0.37590025,17.512342,-7.0788175,-0.36597891,-0.2735076,16.956194,-6.8203447
-0.41599485,0,12.38649,-4.6355129,-0.29415278,-0.38044435,17.650372,-6.7518684,-0.35671264,-0.27681392,17.091063,-6.5026737
-0.40509892,0,12.482578,-4.401062,-0.28644819,-0.38483418,17.782274,-6.4222202,-0.34736946,-0.28000799,17.219994,-6.1824034
-0.39411764,0,12.574314,-4.1648404,-0.27868326,-0.38906896,17.907997,-6.0899883,-0.33795309,-0.28308925,17.342936,-5.8596458
-0.38305537,0,12.661661,-3.9269306,-0.27086105,-0.39314799,18.02749,-5.7552888,-0.32846727,-0.28605718,17.45984,-5.5345138
-0.37191646,0,12.744584,-3.6874155,-0.26298465,-0.39707059,18.140705,-5.418239,-0.31891573,-0.28891129,17.570658,-5.2071211
-0.36070529,0,12.823049,-3.446379,-0.25505716,-0.4008362,18.247594,-5.0789573,-0.30930224,-0.29165117,17.675344,-4.8775825
-0.34942623,0,12.897023,-3.2039053,-0.24708166,-0.40444426,18.348114,-4.7375626,-0.29963052,-0.29427642,17.773857,-4.5460136
-0.33808366,0,12.966476,-2.9600795,-0.23906125,-0.40789431,18.442224,-4.3941751,-0.28990435,-0.2967867,17.866154,-4.2125309
-0.32668194,0,13.03138,-2.714987,-0.23099902,-0.41118593,18.529883,-4.0489155,-0.28012746,-0.29918171,17.952197,-3.8772516
-0.31522546,0,13.091705,-2.468714,-0.22289806,-0.41431878,18.611055,-3.7019055,-0.27030361,-0.30146119,18.031949,-3.5402938
-0.30371859,0,13.147428,-2.2213469,-0.21476148,-0.41729256,18.685704,-3.3532674,-0.26043654,-0.30362494,18.105377,-3.2017761
-0.2921657,0,13.198522,-1.9729728,-0.20659235,-0.42010704,18.753798,-3.0031243,-0.25053002,-0.30567277,18.172448,-2.861818
-0.28057114,0,13.244967,-1.7236791,-0.19839376,-0.42276204,18.815307,-2.6516,-0.24058777,-0.30760457,18.233133,-2.5205394
-0.26893929,0,13.286741,-1.4735538,-0.19016879,-0.42525745,18.870202,-2.2988186,-0.23061354,-0.30942025,18.287403,-2.178061
-0.25727447,0,13.323825,-1.222685,-0.18192052,-0.42759322,18.918458,-1.9449051,-0.22061104,-0.31111977,18.335234,-1.8345039
-0.24558104,0,13.356201,-0.97116138,-0.17365202,-0.42976935,18.960052,-1.589985,-0.210584,-0.31270313,18.376603,-1.4899896
-0.23386331,0,13.383853,-0.71907185,-0.16536633,-0.4317859,18.994962,-1.234184,-0.20053613,-0.31417039,18.411489,-1.1446404
-0.22212559,0,13.406768,-0.46650559,-0.15706651,-0.43364299,19.023172,-0.87762845,-0.19047113,-0.31552162,18.439874,-0.79857861
-0.21037219,0,13.424933,-0.21355205,-0.1487556,-0.43534079,19.044663,-0.52044508,-0.18039267,-0.31675695,18.461742,-0.45192719
-0.19860738,0,13.438337,0.039699108,-0.14043663,-0.43687956,19.059424,-0.16276089,-0.17030442,-0.31787657,18.477079,-0.10480928
-0.18683542,0,13.446972,0.29315804,-0.13211259,-0.43825956,19.067441,0.1952968,-0.16021005,-0.31888067,18.485875,0.24265165
-0.17506056,0,13.450829,0.54673475,-0.12378651,-0.43948117,19.068708,0.55360042,-0.15011319,-0.31976952,18.488119,0.59033193
-0.16328701,0,13.449903,0.8003391,-0.11546135,-0.44054477,19.063216,0.91202223,-0.14001745,-0.3205434,18.483806,0.93810768
-0.15151897,0,13.444191,1.0538809,-0.10714009,-0.44145083,19.050963,1.2704343,-0.12992644,-0.32120265,18.472931,1.2858549
-0.13976062,0,13.433691,1.3072698,-0.098825682,-0.44219986,19.031947,1.6287086,-0.11984374,-0.32174766,18.455493,1.6334494
-0.1280161,0,13.418401,1.5604156,-0.090521055,-0.44279244,19.006168,1.9867171,-0.1097729,-0.32217882,18.431492,1.9807671
-0.11628954,0,13.398323,1.813228,-0.082229125,-0.44322919,18.97363,2.3443316,-0.099717461,-0.32249661,18.40093,2.3276839
-0.10458503,0,13.37346,2.0656167,-0.073952787,-0.44351079,18.934338,2.7014242,-0.089680926,-0.3227015,18.363813,2.6740755
-0.092906637,0,13.343817,2.3174916,-0.065694913,-0.44363797,18.888301,3.0578667,-0.079666784,-0.32279403,18.320149,3.0198179
-0.081258385,0,13.309401,2.5687626,-0.057458356,-0.44361151,18.83553,3.4135313,-0.069678491,-0.32277478,18.269948,3.3647872
-0.069644279,0,13.27022,2.8193397,-0.049245943,-0.44343225,18.776036,3.7682905,-0.059719477,-0.32264435,18.213221,3.7088596
-0.058068284,0,13.226283,3.0691333,-0.041060478,-0.44310108,18.709837,4.1220165,-0.049793143,-0.32240339,18.149984,4.0519116
-0.046534333,0,13.177603,3.3180537,-0.032904743,-0.44261894,18.63695,4.4745824,-0.039902861,-0.32205258,18.080253,4.3938199
-0.035046318,0,13.124192,3.5660117,-0.02478149,-0.44198681,18.557394,4.825861,-0.03005197,-0.32159264,18.004049,4.7344616
-0.023608099,0,13.066067,3.8129182,-0.016693447,-0.44120574,18.471194,5.175726,-0.020243778,-0.32102433,17.921391,5.073714
-0.012223492,0,13.003243,4.0586845,-0.008643315,-0.44027681,18.378373,5.5240512,-0.010481558,-0.32034843,17.832306,5.4114549
-0.00089627722,0,12.935739,4.3032221,-0.00063376435,-0.43920116,18.27896,5.8707108,-0.00076855157,-0.31956578,17.736819,5.7475625
0.01036981,0,12.863576,4.546443,0.0073325621,-0.43797996,18.172984,6.2155797,0.0088920382,-0.31867723,17.634959,6.0819156
0.021571074,0,12.786775,4.7882596,0.015253052,-0.43661446,18.060478,6.5585331,0.018497043,-0.31768369,17.526756,6.4143933
0.032703864,0,12.705361,5.0285846,0.023125123,-0.43510593,17.941477,6.8994471,0.028043332,-0.31658607,17.412245,6.7448754
0.043764575,0,12.619358,5.2673314,0.030946227,-0.43345569,17.816017,7.2381982,0.037527813,-0.31538534,17.291461,7.0732425
0.054749646,0,12.528794,5.5044135,0.038713845,-0.43166511,17.684138,7.5746636,0.046947434,-0.3140825,17.164441,7.3993755
0.065655563,0,12.433697,5.7397454,0.046425493,-0.4297356,17.545882,7.9087212,0.056299181,-0.31267857,17.031227,7.7231564
0.076478863,0,12.334097,5.9732418,0.054078722,-0.42766861,17.401293,8.2402499,0.065580084,-0.31117462,16.891861,8.0444675
0.087216128,0,12.230027,6.2048181,0.061671115,-0.42546564,17.250417,8.569129,0.074787212,-0.30957172,16.746386,8.3631922
0.097863992,0,12.12152,6.4343904,0.069200292,-0.42312822,17.093302,8.895239,0.083917681,-0.307871,16.594852,8.6792148
0.10841914,0,12.008612,6.6618753,0.076663909,-0.42065795,16.930001,9.2184613,0.092968646,-0.30607361,16.437305,8.9924201
0.11887831,0,11.891339,6.8871901,0.08405966,-0.41805643,16.760566,9.5386779,0.10193731,-0.30418073,16.273799,9.3026943
0.12923829,0,11.769739,7.1102531,0.091385274,-0.41532533,16.585052,9.8557721,0.11082092,-0.30219356,16.104385,9.6099242
0.13949593,0,11.643854,7.3309829,0.09863852,-0.41246634,16.403518,10.169628,0.11961678,-0.30011334,15.929122,9.9139978
0.14964813,0,11.513724,7.5492991,0.1058172,-0.40948119,16.216024,10.480132,0.12832221,-0.29794133,15.748065,10.214804
0.15969183,0,11.379392,7.7651222,0.11291918,-0.40637167,16.02263,10.787168,0.13693461,-0.29567882,15.561275,10.512233
0.16962405,0,11.240904,7.9783733,0.11994232,-0.40313957,15.823403,11.090626,0.14545143,-0.29332712,15.368815,10.806175
0.17944187,0,11.098306,8.1889744,0.12688456,-0.39978674,15.618408,11.390394,0.15387013,-0.29088758,15.170748,11.096524
0.18914239,0,10.951646,8.3968486,0.13374387,-0.39631505,15.407713,11.686362,0.16218826,-0.28836156,14.967141,11.383173
0.19872282,0,10.800972,8.6019198,0.14051825,-0.39272642,15.19139,11.978422,0.17040341,-0.28575044,14.758063,11.666016
0.2081804,0,10.646336,8.8041126,0.14720577,-0.38902278,14.969511,12.266465,0.17851322,-0.28305565,14.543583,11.94495
0.21751242,0,10.48779,9.003353,0.15380451,-0.38520611,14.742152,12.550386,0.18651536,-0.28027861,14.323773,12.219872
0.22671626,0,10.325388,9.1995676,0.16031261,-0.38127841,14.509388,12.83008,0.19440759,-0.27742079,14.098709,12.49068
0.23578935,0,10.159184,9.3926844,0.16672825,-0.37724172,14.271299,13.105445,0.2021877,-0.27448367,13.868467,12.757276
0.24472918,0,9.989236,9.5826321,0.17304966,-0.37309809,14.027966,13.376378,0.20985354,-0.27146874,13.633124,13.01956
0.25353329,0,9.8156013,9.7693407,0.17927511,-0.36884962,13.779471,13.642779,0.217403,-0.26837752,13.392761,13.277436
0.26219931,0,9.6383393,9.9527413,0.18540291,-0.36449843,13.525899,13.904549,0.22483405,-0.26521156,13.14746,13.530808
0.27072491,0,9.4575108,10.132766,0.19143142,-0.36004665,13.267337,14.161592,0.2321447,-0.26197242,12.897305,13.779582
0.27910785,0,9.2731777,10.309348,0.19735905,-0.35549645,13.003873,14.413812,0.23933301,-0.25866166,12.642381,14.023666
0.28734593,0,9.0854034,10.482422,0.20318425,-0.35085002,12.735597,14.661115,0.2463971,-0.25528089,12.382775,14.26297
0.29543702,0,8.8942525,10.651924,0.20890552,-0.34610959,12.462601,14.90341,0.25333516,-0.25183171,12.118578,14.497403
0.30337908,0,8.6997909,10.817791,0.2145214,-0.34127737,12.18498,15.140606,0.26014541,-0.24831576,11.849879,14.72688
0.3111701,0,8.5020857,10.97996,0.22003049,-0.33635564,11.902829,15.372613,0.26682616,-0.24473468,11.576771,14.951314
0.31880816,0,8.3012053,11.138372,0.22543141,-0.33134667,11.616244,15.599347,0.27337574,-0.24109011,11.299349,15.170622
0.32629141,0,8.0972193,11.292967,0.23072286,-0.32625274,11.325326,15.820721,0.27979257,-0.23738374,11.017708,15.384721
0.33361804,0,7.8901983,11.443687,0.23590358,-0.32107619,11.030175,16.036652,0.28607511,-0.23361724,10.731946,15.593531
0.34078635,0,7.6802142,11.590476,0.24097234,-0.31581934,10.730892,16.24706,0.29222188,-0.22979232,10.442162,15.796973
0.34779466,0,7.46734,11.733279,0.24592796,-0.31048453,10.427581,16.451865,0.29823146,-0.22591068,10.148456,15.994971
0.3546414,0,7.2516498,11.872041,0.25076934,-0.30507414,10.120349,16.650989,0.3041025,-0.22197404,9.8509306,16.187451
0.36132505,0,7.0332188,12.006711,0.25549539,-0.29959053,9.8093003,16.844358,0.30983368,-0.21798413,9.5496885,16.374339
0.36784416,0,6.8121231,12.137237,0.2601051,-0.29403611,9.4945448,17.031898,0.31542376,-0.21394269,9.244835,16.555564
0.37419733,0,6.58844,12.26357,0.26459747,-0.28841326,9.1761915,17.213538,0.32087157,-0.20985147,8.9364763,16.731058
0.38038327,0,6.3622476,12.385661,0.26897159,-0.28272441,8.8543514,17.389209,0.32617597,-0.20571223,8.6247199,16.900755
0.38640073,0,6.1336251,12.503465,0.27322658,-0.27697199,8.5291369,17.558843,0.33133589,-0.20152672,8.3096747,17.064588
0.39224853,0,5.9026527,12.616937,0.27736159,-0.27115841,8.2006615,17.722376,0.33635034,-0.19729673,7.9914508,17.222496
0.39792557,0,5.6694112,12.726032,0.28137587,-0.26528614,7.86904,17.879744,0.34121836,-0.19302402,7.6701596,17.374417
0.4034308,0,5.4339826,12.830708,0.28526865,-0.25935761,7.5343886,18.030887,0.34593906,-0.18871038,7.3459136,17.520294
0.40876327,0,5.1964497,12.930926,0.28903928,-0.25337529,7.1968245,18.175747,0.35051161,-0.1843576,7.0188265,17.66007
0.41392207,0,4.9568959,13.026646,0.2926871,-0.24734163,6.856466,18.314268,0.35493525,-0.17996747,6.6890131,17.79369
0.41890638,0,4.7154055,13.117831,0.29621154,-0.24125911,6.5134327,18.446394,0.35920925,-0.17554179,6.3565891,17.921102
0.42371543,0,4.4720637,13.204445,0.29961205,-0.23513019,6.1678449,18.572075,0.36333298,-0.17108234,6.0216716,18.042257
0.42834853,0,4.2269562,13.286455,0.30288815,-0.22895734,5.8198243,18.691261,0.36730583,-0.16659094,5.6843782,18.157106
0.43280505,0,3.9801697,13.363827,0.30603939,-0.22274305,5.4694932,18.803905,0.37112727,-0.16206937,5.3448278,18.265605
0.43708446,0,3.7317911,13.436531,0.30906538,-0.21648978,5.1169751,18.909961,0.37479683,-0.15751945,5.0031401,18.36771
0.44118625,0,3.4819084,13.504538,0.31196579,-0.21020001,4.7623943,19.009388,0.37831409,-0.15294298,4.6594356,18.46338
0.44511001,0,3.23061,13.56782,0.31474031,-0.20387622,4.4058757,19.102146,0.38167868,-0.14834174,4.3138356,18.552576
0.44885539,0,2.9779847,13.626351,0.31738869,-0.19752088,4.0475453,19.188195,0.38489032,-0.14371755,3.9664622,18.635263
0.4524221,0,2.7241223,13.680108,0.31991074,-0.19113646,3.6875297,19.267502,0.38794875,-0.1390722,3.6174382,18.711405
0.45580994,0,2.4691126,13.729067,0.3223063,-0.18472542,3.3259562,19.340032,0.3908538,-0.13440748,3.2668872,18.780972
0.45901875,0,2.2130461,13.773208,0.32457527,-0.17829022,2.9629527,19.405756,0.39360533,-0.12972519,2.9149333,18.843933
0.46204845,0,1.9560139,13.812511,0.32671759,-0.17183332,2.5986477,19.464645,0.39620328,-0.1250271,2.5617012,18.900262
0.46489902,0,1.6981073,13.846961,0.32873325,-0.16535717,2.2331704,19.516673,0.39864762,-0.12031501,2.2073162,18.949934
0.46757053,0,1.439418,13.87654,0.33062229,-0.15886421,1.8666505,19.561817,0.40093842,-0.11559069,1.851904,18.992926
0.47006307,0,1.180038,13.901235,0.33238478,-0.15235687,1.4992178,19.600056,0.40307576,-0.1108559,1.4955909,19.02922
0.47237684,0,0.9200598,13.921033,0.33402086,-0.14583757,1.1310031,19.631372,0.4050598,-0.10611242,1.1385035,19.058796
0.47451208,0,0.65957601,13.935926,0.33553071,-0.13930874,0.762137,19.655749,0.40689075,-0.101362,0.78076885,19.081641
0.47646909,0,0.39867955,13.945902,0.33691453,-0.13277277,0.39275085,19.673173,0.40856888,-0.096606381,0.42251419,19.097741
0.47824826,0,0.13746353,13.950957,0.33817259,-0.12623206,0.022976053,19.683633,0.4100945,-0.091847312,0.063867153,19.107086
0.47985003,0,-0.12397876,13.951085,0.33930521,-0.11968898,-0.34705569,19.687121,0.411468,-0.08708652,-0.29504446,19.109667
0.48127488,0,-0.38555389,13.946281,0.34031273,-0.11314589,-0.71721253,19.683631,0.4126898,-0.082325728,-0.65409264,19.105481
0.48252338,0,-0.6471683,13.936546,0.34119556,-0.10660516,-1.0873625,19.67316,0.41376039,-0.077566646,-1.0131493,19.094522
0.48359616,0,-0.90872838,13.921878,0.34195413,-0.10006911,-1.4573734,19.655706,0.41468029,-0.072810974,-1.3720861,19.076792
0.4844939,0,-1.1701405,13.90228,0.34258892,-0.093540073,-1.8271132,19.631271,0.4154501,-0.0680604,-1.730775,19.052291
0.48521735,0,-1.4313109,13.877755,0.34310048,-0.087020346,-2.1964497,19.59986,0.41607044,-0.063316601,-2.0890875,19.021023
0.4857673,0,-1.692146,13.848309,0.34348935,-0.080512216,-2.565251,19.561478,0.41654202,-0.058581241,-2.4468955,18.982997
0.48614462,0,-1.9525522,13.813949,0.34375616,-0.074017953,-2.9333851,19.516134,0.41686558,-0.053855971,-2.804071,18.938219
0.48635024,0,-2.2124361,13.774685,0.34390155,-0.067539807,-3.3007201,19.463842,0.41704189,-0.049142427,-3.1604859,18.886703
0.48638513,0,-2.4717042,13.730526,0.34392622,-0.061080008,-3.6671244,19.404613,0.41707181,-0.044442234,-3.5160125,18.828461
0.48625033,0,-2.7302634,13.681485,0.3438309,-0.054640767,-4.0324668,19.338465,0.41695622,-0.039756997,-3.8705232,18.763511
0.48594693,0,-2.9880206,13.627576,0.34361637,-0.048224273,-4.3966162,19.265418,0.41669605,-0.035088312,-4.2238908,18.691871
0.48547607,0,-3.2448832,13.568816,0.34328342,-0.041832692,-4.7594418,19.185492,0.4162923,-0.030437754,-4.5759883,18.613561
0.48483897,0,-3.5007585,13.505223,0.34283292,-0.035468172,-5.1208134,19.098711,0.41574598,-0.025806885,-4.9266893,18.528607
0.48403687,0,-3.7555543,13.436815,0.34226575,-0.029132832,-5.4806011,19.005103,0.41505819,-0.021197249,-5.2758675,18.437033
0.48307109,0,-4.0091789,13.363614,0.34158284,-0.022828773,-5.8386754,18.904696,0.41423004,-0.016610372,-5.6233974,18.338869
0.48194298,0,-4.2615406,13.285642,0.34078515,-0.016558068,-6.1949076,18.797522,0.4132627,-0.012047764,-5.9691537,18.234144
0.48065397,0,-4.5125483,13.202926,0.33987368,-0.010322766,-6.5491694,18.683614,0.41215738,-0.0075109152,-6.3130119,18.122892
0.4792055,0,-4.7621114,13.11549,0.33884946,-0.0041248914,-6.901333,18.563008,0.41091533,-0.0030012988,-6.6548481,18.005148
0.47759911,0,-5.0101397,13.023363,0.33771357,0.0020335593,-7.2512716,18.435745,0.40953786,0.0014796323,-6.9945387,17.880951
0.47583635,0,-5.2565433,12.926575,0.33646711,0.0081506152,-7.5988588,18.301864,0.4080263,0.0059304442,-7.3319613,17.750341
0.47391882,0,-5.5012331,12.825157,0.33511121,0.014224333,-7.9439691,18.161409,0.40638204,0.010349723,-7.6669939,17.613359
0.47184819,0,-5.7441205,12.719143,0.33364706,0.020252798,-8.286478,18.014427,0.40460649,0.014736076,-7.9995154,17.470051
0.46962616,0,-5.9851174,12.608567,0.33207584,0.026234123,-8.6262615,17.860965,0.40270111,0.019088129,-8.3294055,17.320464
0.46725448,0,-6.2241364,12.493465,0.33039881,0.03216645,-8.9631967,17.701075,0.40066741,0.023404531,-8.6565447,17.164647
0.46473495,0,-6.4610907,12.373877,0.32861723,0.038047951,-9.2971617,17.534809,0.39850693,0.027683951,-8.9808146,17.002652
0.46206939,0,-6.6958944,12.249841,0.3267324,0.043876828,-9.6280354,17.362222,0.39622123,0.031925082,-9.3020976,16.834533
0.45925969,0,-6.9284619,12.121398,0.32474564,0.049651314,-9.955698,17.183373,0.39381193,0.036126638,-9.6202771,16.660346
0.45630776,0,-7.1587088,11.988593,0.32265831,0.055369671,-10.28003,16.998321,0.39128068,0.040287354,-9.9352377,16.480149
0.45321558,0,-7.3865512,11.851469,0.32047181,0.061030195,-10.600915,16.807129,0.38862915,0.04440599,-10.246865,16.294003
0.44998513,0,-7.6119062,11.710073,0.31818754,0.066631214,-10.918235,16.60986,0.38585907,0.04848133,-10.555045,16.10197
0.44661846,0,-7.8346915,11.564451,0.31580694,0.072171085,-11.231876,16.406582,0.38297217,0.052512178,-10.859667,15.904116
0.44311764,0,-8.054826,11.414654,0.31333149,0.077648201,-11.541722,16.197363,0.37997024,0.056497366,-11.160619,15.700507
0.43948479,0,-8.2722292,11.260733,0.31076268,0.083060988,-11.847662,15.982275,0.3768551,0.060435746,-11.457792,15.491213
0.43572205,0,-8.4868217,11.102738,0.30810202,0.088407904,-12.149584,15.76139,0.37362858,0.064326199,-11.751076,15.276304
0.43183161,0,-8.6985252,10.940725,0.30535106,0.093687443,-12.447377,15.534784,0.37029255,0.068167628,-12.040366,15.055854
0.42781568,0,-8.907262,10.774748,0.30251137,0.09889813,-12.740933,15.302535,0.36684892,0.07195896,-12.325556,14.829938
0.42367652,0,-9.1129557,10.604865,0.29958454,0.10403853,-13.030144,15.064721,0.36329962,0.07569915,-12.606541,14.598633
0.41941639,0,-9.315531,10.431132,0.29657217,0.10910724,-13.314906,14.821424,0.35964659,0.079387176,-12.883218,14.362019
0.41503761,0,-9.5149135,10.25361,0.29347591,0.11410288,-13.595113,14.572728,0.35589181,0.083022043,-13.155486,14.120176
0.41054252,0,-9.7110301,10.072359,0.2902974,0.11902414,-13.870664,14.318718,0.35203731,0.086602783,-13.423246,13.873188
0.40593348,0,-9.9038086,9.8874418,0.28703832,0.12386971,-14.141456,14.059482,0.34808509,0.09012845,-13.686399,13.62114
0.4012129,0,-10.093178,9.6989221,0.28370036,0.12863832,-14.407391,13.795109,0.34403722,0.093598129,-13.944848,13.364119
0.39638318,0,-10.279069,9.5068646,0.28028523,0.13332877,-14.668371,13.525691,0.33989577,0.09701093,-14.198499,13.102213
0.39144678,0,-10.461412,9.3113357,0.27679467,0.13793986,-14.9243,13.25132,0.33566284,0.10036599,-14.447258,12.835513
0.38640615,0,-10.640141,9.1124028,0.27323041,0.14247043,-15.175083,12.972091,0.33134054,0.10366247,-14.691033,12.564111
0.38126381,0,-10.81519,8.9101346,0.26959422,0.14691938,-15.420629,12.688102,0.32693102,0.10689955,-14.929735,12.288101
0.37602224,0,-10.986493,8.7046013,0.26588788,0.15128564,-15.660846,12.399451,0.32243641,0.11007647,-15.163275,12.007579
0.370684,0,-11.153987,8.495874,0.26211317,0.15556815,-15.895646,12.106237,0.31785891,0.11319246,-15.391568,11.722642
0.36525163,0,-11.317611,8.2840251,0.25827191,0.15976592,-16.124943,11.808564,0.31320069,0.11624679,-15.614528,11.433389
0.35972771,0,-11.477303,8.0691281,0.2543659,0.163878,-16.34865,11.506534,0.30846397,0.11923876,-15.832072,11.139921
0.35411482,0,-11.633004,7.8512578,0.25039699,0.16790344,-16.566685,11.200253,0.30365095,0.1221677,-16.044122,10.842341
0.34841556,0,-11.784656,7.63049,0.24636701,0.17184137,-16.778968,10.889828,0.29876388,0.12503296,-16.250596,10.54075
0.34263256,0,-11.932203,7.4069015,0.24227781,0.17569093,-16.985419,10.575367,0.293805,0.12783393,-16.451419,10.235256
0.33676846,0,-12.07559,7.1805702,0.23813126,0.17945131,-17.185961,10.25698,0.28877657,0.13057001,-16.646516,9.9259644
0.33082589,0,-12.214762,6.9515751,0.23392923,0.18312175,-17.380519,9.934778,0.28368086,0.13324064,-16.835814,9.6129834
0.32480752,0,-12.349668,6.7199962,0.2296736,0.1867015,-17.569021,9.6088742,0.27852015,0.13584529,-17.019242,9.2964226
0.31871601,0,-12.480257,6.4859143,0.22536625,0.19018986,-17.751396,9.2793825,0.27329673,0.13838345,-17.196731,8.9763928
0.31255405,0,-12.606481,6.2494113,0.22100909,0.19358618,-17.927576,8.9464186,0.26801289,0.14085464,-17.368214,8.6530061
0.30632433,0,-12.72829,6.0105701,0.21660401,0.19688985,-18.097494,8.6100992,0.26267094,0.14325841,-17.533628,8.3263759
0.30002953,0,-12.845641,5.7694741,0.21215292,0.20010027,-18.261086,8.2705424,0.2572732,0.14559433,-17.69291,7.9966168
0.29367236,0,-12.958487,5.526208,0.20765772,0.2032169,-18.41829,7.9278675,0.25182197,0.14786201,-17.845999,7.6638446
0.28725553,0,-13.066787,5.2808571,0.20312034,0.20623923,-18.569048,7.582195,0.24631959,0.15006108,-17.992838,7.3281763
0.28078175,0,-13.170499,5.0335074,0.19854268,0.20916681,-18.713301,7.2336466,0.24076837,0.15219121,-18.13337,6.9897298
0.27425374,0,-13.269583,4.7842459,0.19392668,0.2119992,-18.850994,6.882345,0.23517064,0.15425207,-18.267542,6.6486244
0.2676742,0,-13.364002,4.5331602,0.18927424,0.214736,-18.982076,6.5284139,0.22952874,0.15624339,-18.395304,6.30498
0.26104587,0,-13.453719,4.2803385,0.18458731,0.21737687,-19.106495,6.1719782,0.22384499,0.15816491,-18.516604,5.9589178
0.25437146,0,-13.538699,4.0258698,0.17986778,0.21992149,-19.224204,5.8131636,0.21812172,0.16001639,-18.631398,5.6105598
0.24765368,0,-13.618911,3.7698439,0.17511759,0.22236958,-19.335156,5.4520967,0.21236128,0.16179764,-18.739641,5.2600289
0.24089525,0,-13.694322,3.5123508,0.17033867,0.2247209,-19.43931,5.0889052,0.20656597,0.16350847,-18.841289,4.9074488
0.23409889,0,-13.764903,3.2534814,0.16553291,0.22697525,-19.536624,4.7237174,0.20073814,0.16514875,-18.936304,4.5529442
0.22726731,0,-13.830626,2.993327,0.16070225,0.22913245,-19.627059,4.3566625,0.19488011,0.16671835,-19.024649,4.1966403
0.2204032,0,-13.891465,2.7319794,0.1558486,0.23119239,-19.71058,3.9878703,0.18899419,0.16821718,-19.106287,3.8386631
0.21350927,0,-13.947396,2.469531,0.15097385,0.23315497,-19.787154,3.6174715,0.18308269,0.16964516,-19.181187,3.4791393
0.20658821,0,-13.998396,2.2060745,0.14607993,0.23502014,-19.856749,3.2455972,0.17714793,0.17100227,-19.249318,3.1181962
0.19964271,0,-14.044444,1.941703,0.14116871,0.23678787,-19.919338,2.8723794,0.17119221,0.17228848,-19.310652,2.7559616
0.19267543,0,-14.085522,1.6765102,0.1362421,0.23845818,-19.974893,2.4979503,0.16521782,0.17350381,-19.365164,2.3925641
0.18568904,0,-14.121612,1.4105899,0.13130198,0.24003112,-20.023392,2.122443,0.15922704,0.17464829,-19.41283,2.0281325
0.1786862,0,-14.152699,1.1440363,0.12635022,0.24150679,-20.064813,1.7459906,0.15322215,0.175722,-19.453632,1.662796
0.17166955,0,-14.178768,0.87694385,0.12138871,0.2428853,-20.099139,1.3687269,0.14720543,0.17672502,-19.487549,1.2966844
0.16464173,0,-14.199809,0.60940727,0.11641928,0.24416683,-20.126352,0.99078616,0.14117912,0.17765746,-19.514567,0.92992782
0.15760534,0,-14.21581,0.34152148,0.1114438,0.24535155,-20.146441,0.61230262,0.13514546,0.17851947,-19.534672,0.56265653
0.15056299,0,-14.226764,0.073381566,0.10646411,0.2464397,-20.159394,0.23341101,0.1291067,0.17931122,-19.547854,0.19500115
0.14351727,0,-14.232664,-0.19491724,0.10148203,0.24743154,-20.165203,-0.14575378,0.12306504,0.18003289,-19.554104,-0.17290749
0.13647074,0,-14.233506,-0.46327962,0.096499387,0.24832737,-20.163862,-0.52505672,0.1170227,0.1806847,-19.553417,-0.54093845
0.12942597,0,-14.229286,-0.73161014,0.091517981,0.24912752,-20.155368,-0.90436262,0.11098185,0.18126689,-19.545789,-0.90896065
0.12238549,0,-14.220004,-0.99981339,0.086539609,0.24983234,-20.13972,-1.2835363,0.10494469,0.18177973,-19.53122,-1.2768429
0.11535181,0,-14.20566,-1.2677939,0.081566049,0.25044225,-20.116921,-1.6624424,0.098913364,0.1822235,-19.509711,-1.6444542
0.10832744,0,-14.186257,-1.5354563,0.076599069,0.25095766,-20.086975,-2.0409457,0.092890016,0.18259852,-19.481267,-2.0116633
0.10131485,0,-14.1618,-1.8027052,0.07164042,0.25137903,-20.049889,-2.4189112,0.086876771,0.18290511,-19.445894,-2.3783392
0.094316505,0,-14.132294,-2.0694453,0.06669184,0.25170687,-20.005673,-2.7962037,0.080875736,0.18314365,-19.403602,-2.7443509
0.087334829,0,-14.097748,-2.3355817,0.061755049,0.25194168,-19.954339,-3.1726885,0.074888998,0.1833145,-19.354402,-3.1095678
0.080372238,0,-14.058171,-2.6010192,0.056831754,0.25208403,-19.895901,-3.5482309,0.068918626,0.18341808,-19.298308,-3.4738594
0.073431122,0,-14.013576,-2.8656632,0.051923644,0.25213451,-19.830378,-3.9226965,0.062966668,0.1834548,-19.235336,-3.8370953
0.066513844,0,-13.963975,-3.1294192,0.04703239,0.25209372,-19.757789,-4.2959514,0.057035151,0.18342512,-19.165507,-4.1991457
0.059622744,0,-13.909385,-3.392193,0.042159646,0.25196231,-19.678157,-4.6678618,0.051126081,0.18332951,-19.088842,-4.5598809
0.052760135,0,-13.849821,-3.6538906,0.037307048,0.25174095,-19.591506,-5.0382946,0.045241442,0.18316845,-19.005364,-4.9191719
0.045928304,0,-13.785304,-3.9144184,0.032476215,0.25143035,-19.497863,-5.4071169,0.039383196,0.18294246,-18.9151,-5.2768898
0.039129513,0,-13.715853,-4.1736832,0.027668743,0.25103124,-19.39726,-5.7741965,0.03355328,0.18265206,-18.818079,-5.6329066
0.032365993,0,-13.641491,-4.4315923,0.022886212,0.25054438,-19.289729,-6.1394017,0.02775361,0.18229782,-18.714332,-5.9870944
0.025639949,0,-13.562243,-4.6880532,0.018130181,0.24997055,-19.175304,-6.5026013,0.021986074,0.18188029,-18.603894,-6.3393264
0.018953555,0,-13.478134,-4.9429741,0.013402187,0.24931057,-19.054023,-6.8636651,0.016252539,0.18140008,-18.4868,-6.689476
0.012308958,0,-13.389192,-5.1962636,0.0087037468,0.24856526,-18.925926,-7.2224631,0.010554844,0.1808578,-18.363088,-7.0374175
0.0057082718,0,-13.295446,-5.4478307,0.0040363571,0.24773551,-18.791055,-7.5788666,0.0048948026,0.18025406,-18.232801,-7.3830259
-0.0008464184,0,-13.196929,-5.6975854,-0.0005985088,0.2468222,-18.649456,-7.9327471,-0.0007257979,0.17958953,-18.095981,-7.726177
-0.0073530599,0,-13.093672,-5.9454379,-0.0051993991,0.24582624,-18.501175,-8.2839776,-0.006305197,0.17886486,-17.952675,-8.0667474
-0.013809632,0,-12.985711,-6.1912991,-0.009764885,0.24474857,-18.346263,-8.6324314,-0.011841662,0.17808074,-17.802929,-8.4046145
-0.020214146,0,-12.873081,-6.4350807,-0.01429356,0.24359016,-18.184771,-8.9779831,-0.017333487,0.17723788,-17.646795,-8.7396566
-0.026564647,0,-12.755822,-6.6766951,-0.018784043,0.242352,-18.016754,-9.3205081,-0.022778997,0.17633698,-17.484325,-9.0717533
-0.032859213,0,-12.633972,-6.9160552,-0.023234973,0.24103508,-17.84227,-9.659883,-0.028176543,0.17537878,-17.315575,-9.4007846
-0.039095957,0,-12.507573,-7.1530751,-0.027645017,0.23964045,-17.661376,-9.9959853,-0.033524507,0.17436404,-17.140601,-9.7266321
-0.045273026,0,-12.376669,-7.3876692,-0.032012864,0.23816916,-17.474135,-10.328694,-0.0388213,0.17329352,-16.959463,-10.049178
-0.051388601,0,-12.241304,-7.6197532,-0.036337229,0.23662228,-17.28061,-10.657888,-0.044065362,0.17216799,-16.772223,-10.368306
-0.057440901,0,-12.101523,-7.8492432,-0.040616851,0.2350009,-17.080868,-10.983449,-0.049255167,0.17098827,-16.578945,-10.683901
-0.063428179,0,-11.957376,-8.0760565,-0.044850496,0.23330614,-16.874977,-11.30526,-0.054389215,0.16975515,-16.379696,-10.995849
-0.069348724,0,-11.808912,-8.3001112,-0.049036954,0.23153913,-16.663008,-11.623204,-0.05946604,0.16846947,-16.174543,-11.304038
-0.075200864,0,-11.656182,-8.5213265,-0.053175041,0.22970104,-16.445033,-11.937165,-0.064484209,0.16713205,-15.963556,-11.608354
-0.080982961,0,-11.499238,-8.7396223,-0.057263602,0.22779302,-16.221127,-12.247031,-0.069442316,0.16574376,-15.74681,-11.908689
-0.086693418,0,-11.338135,-8.9549198,-0.061301504,0.22581626,-15.991368,-12.552688,-0.074338992,0.16430547,-15.524378,-12.204934
-0.092330672,0,-11.172928,-9.1671411,-0.065287645,0.22377198,-15.755835,-12.854027,-0.079172898,0.16281803,-15.296336,-12.496982
-0.097893202,0,-11.003675,-9.3762092,-0.069220947,0.2216614,-15.514609,-13.150937,-0.083942728,0.16128236,-15.062765,-12.784725
-0.10337952,0,-10.830434,-9.5820485,-0.073100362,0.21948575,-15.267773,-13.443311,-0.088647209,0.15969934,-14.823745,-13.068061
-0.10878819,0,-10.653266,-9.7845844,-0.076924866,0.21724628,-15.015414,-13.731043,-0.093285102,0.15806989,-14.579359,-13.346886
-0.11411779,0,-10.472231,-9.9837433,-0.080693465,0.21494428,-14.757619,-14.014027,-0.0978552,0.15639493,-14.329691,-13.621098
-0.11936697,0,-10.287394,-10.179453,-0.084405193,0.21258101,-14.494477,-14.292162,-0.10235633,0.1546754,-14.074828,-13.890599
-0.12453439,0,-10.098818,-10.371642,-0.08805911,0.21015778,-14.226079,-14.565346,-0.10678736,0.15291225,-13.814859,-14.15529
-0.12961876,0,-9.9065687,-10.560242,-0.091654306,0.2076759,-13.952519,-14.83348,-0.11114717,0.15110641,-13.549874,-14.415075
-0.13461884,0,-9.7107139,-10.745182,-0.095189898,0.20513668,-13.673893,-15.096465,-0.11543471,0.14925886,-13.279966,-14.669859
-0.13953343,0,-9.5113216,-10.926396,-0.098665032,0.20254147,-13.390297,-15.354206,-0.11964893,0.14737057,-13.005229,-14.919548
-0.14436134,0,-9.3084618,-11.103818,-0.10207888,0.19989161,-13.101831,-15.606608,-0.12378883,0.14544251,-12.725758,-15.164053
-0.14910146,0,-9.1022052,-11.277383,-0.10543065,0.19718845,-12.808595,-15.853579,-0.12785345,0.14347567,-12.441652,-15.403284
-0.1537527,0,-8.8926241,-11.447028,-0.10871958,0.19443337,-12.510691,-16.09503,-0.13184185,0.14147105,-12.15301,-15.637153
-0.15831401,0,-8.679792,-11.612691,-0.11194491,0.19162773,-12.208224,-16.330871,-0.13575315,0.13942965,-11.859932,-15.865574
-0.16278439,0,-8.4637836,-11.77431,-0.11510595,0.18877292,-11.9013,-16.561017,-0.13958647,0.13735247,-11.562522,-16.088465
-0.16716288,0,-8.2446746,-11.931828,-0.11820201,0.18587034,-11.590026,-16.785382,-0.14334099,0.13524053,-11.260883,-16.305743
-0.17144855,0,-8.0225421,-12.085186,-0.12123243,0.18292138,-11.274511,-17.003885,-0.14701592,0.13309485,-10.955121,-16.517328
-0.17564052,0,-7.7974641,-12.234328,-0.12419661,0.17992745,-10.954866,-17.216444,-0.15061051,0.13091645,-10.645344,-16.723143
-0.17973796,0,-7.5695197,-12.379199,-0.12709393,0.17688998,-10.631204,-17.422983,-0.15412403,0.12870637,-10.331661,-16.923112
-0.18374005,0,-7.3387893,-12.519746,-0.12992384,0.17381037,-10.303637,-17.623424,-0.1575558,0.12646562,-10.014181,-17.117162
-0.18764605,0,-7.105354,-12.655917,-0.1326858,0.17069006,-9.9722806,-17.817694,-0.16090516,0.12419526,-9.6930162,-17.30522
-0.19145524,0,-6.8692961,-12.787662,-0.1353793,0.16753048,-9.6372521,-18.005721,-0.16417151,0.12189633,-9.36828,-17.487218
-0.19516694,0,-6.6306989,-12.914932,-0.13800387,0.16433305,-9.2986689,-18.187435,-0.16735427,0.11956986,-9.0400864,-17.663088
-0.19878051,0,-6.3896466,-13.037681,-0.14055905,0.16109923,-8.9566503,-18.36277,-0.17045289,0.11721691,-8.7085511,-17.832765
-0.20229538,0,-6.1462242,-13.155862,-0.14304443,0.15783045,-8.6113167,-18.531659,-0.17346685,0.11483852,-8.3737908,-17.996186
-0.20571097,0,-5.9005177,-13.269431,-0.14545962,0.15452815,-8.26279,-18.694041,-0.1763957,0.11243575,-8.0359237,-18.15329
-0.20902678,0,-5.652614,-13.378348,-0.14780426,0.15119379,-7.9111929,-18.849854,-0.17923899,0.11000964,-7.6950689,-18.304019
-0.21224235,0,-5.4026006,-13.48257,-0.150078,0.14782881,-7.5566495,-18.999041,-0.18199631,0.10756126,-7.3513469,-18.448316
-0.21535723,0,-5.1505661,-13.582059,-0.15228056,0.14443466,-7.1992851,-19.141546,-0.1846673,0.10509165,-7.004879,-18.586128
-0.21837105,0,-4.8965997,-13.676778,-0.15441165,0.14101278,-6.8392258,-19.277315,-0.18725163,0.10260187,-6.6557875,-18.717403
-0.22128344,0,-4.6407912,-13.766691,-0.15647102,0.13756464,-6.4765988,-19.406297,-0.18974899,0.10009298,-6.3041961,-18.842091
-0.22409412,0,-4.3832314,-13.851765,-0.15845847,0.13409167,-6.1115324,-19.528444,-0.19215912,0.097566019,-5.950229,-18.960146
-0.22680279,0,-4.1240114,-13.931966,-0.16037379,0.13059532,-5.7441557,-19.643709,-0.19448179,0.095022052,-5.5940115,-19.071523
-0.22940925,0,-3.8632232,-14.007265,-0.16221683,0.12707704,-5.3745987,-19.752049,-0.19671681,0.092462125,-5.2356697,-19.176179
-0.23191329,0,-3.6009594,-14.077633,-0.16398746,0.12353826,-5.0029923,-19.853421,-0.198864,0.08988729,-4.8753305,-19.274074
-0.23431477,0,-3.3373129,-14.143043,-0.16568556,0.11998044,-4.629468,-19.947789,-0.20092326,0.087298591,-4.5131217,-19.365172
-0.23661358,0,-3.0723775,-14.20347,-0.16731107,0.116405,-4.2541582,-20.035114,-0.20289447,0.084697076,-4.1491716,-19.449437
-0.23880965,0,-2.8062472,-14.258891,-0.16886392,0.11281337,-3.8771959,-20.115363,-0.20477758,0.082083784,-3.7836093,-19.526836
-0.24090294,0,-2.5390165,-14.309283,-0.1703441,0.10920699,-3.4987149,-20.188506,-0.20657257,0.079459755,-3.4165645,-19.597339
-0.24289346,0,-2.2707805,-14.354627,-0.17175162,0.10558727,-3.1188494,-20.254512,-0.20827943,0.076826024,-3.0481676,-19.660919
-0.24478127,0,-2.0016347,-14.394905,-0.17308649,0.10195563,-2.7377343,-20.313357,-0.2098982,0.074183621,-2.6785493,-19.71755
-0.24656643,0,-1.7316746,-14.430101,-0.17434879,0.098313491,-2.3555048,-20.365015,-0.21142897,0.071533573,-2.307841,-19.767209
-0.24824907,0,-1.4609965,-14.460199,-0.1755386,0.094662245,-1.9722967,-20.409466,-0.21287182,0.068876901,-1.9361743,-19.809876
-0.24982934,0,-1.1896966,-14.485189,-0.17665602,0.091003292,-1.5882462,-20.446692,-0.21422689,0.066214621,-1.5636815,-19.845533
-0.25130745,0,-0.91787174,-14.505058,-0.1777012,0.087338023,-1.2034899,-20.476677,-0.21549436,0.063547746,-1.190495,-19.874165
-0.25268362,0,-0.64561862,-14.519798,-0.1786743,0.083667818,-0.81816456,-20.499406,-0.21667441,0.06087728,-0.81674754,-19.895758
-0.25395812,0,-0.37303433,-14.529401,-0.17957551,0.079994052,-0.43240724,-20.51487,-0.21776729,0.058204223,-0.44257222,-19.910304
-0.25513124,0,-0.10021607,-14.533863,-0.18040503,0.076318088,-0.04635525,-20.523059,-0.21877324,0.055529566,-0.068102249,-19.917793
-0.25620334,0,0.17273884,-14.533179,-0.18116312,0.072641282,0.33985397,-20.523969,-0.21969256,0.052854297,0.306529,-19.918221
-0.25717479,0,0.445733,-14.527349,-0.18185004,0.068964978,0.72608288,-20.517597,-0.22052556,0.050179392,0.68118803,-19.911584
-0.25804598,0,0.71866895,-14.516372,-0.18246607,0.065290511,1.1121939,-20.503941,-0.22127261,0.047505825,1.0557413,-19.897883
-0.25881738,0,0.99144924,-14.50025,-0.18301152,0.061619205,1.4980493,-20.483005,-0.22193407,0.044834558,1.4300552,-19.87712
-0.25948944,0,1.2639764,-14.478987,-0.18348674,0.057952374,1.8835117,-20.454793,-0.22251036,0.042166546,1.8039963,-19.849299
-0.26006269,0,1.5361531,-14.452589,-0.18389209,0.054291319,2.2684434,-20.419312,-0.22300191,0.039502738,2.1774312,-19.814429
-0.26053766,0,1.807882,-14.421064,-0.18422794,0.05063733,2.6527073,-20.376572,-0.2234092,0.03684407,2.5502264,-19.772518
-0.26091493,0,2.079066,-14.38442,-0.18449471,0.046991684,3.036166,-20.326587,-0.2237327,0.034191473,2.922249,-19.72358
-0.26119511,0,2.3496079,-14.342669,-0.18469283,0.043355645,3.4186828,-20.269371,-0.22397296,0.031545866,3.293366,-19.667628
-0.26137883,0,2.6194111,-14.295825,-0.18482275,0.039730466,3.800121,-20.204941,-0.2241305,0.02890816,3.6634448,-19.604682
-0.26146678,0,2.888379,-14.2439,-0.18488493,0.036117383,4.1803443,-20.133319,-0.22420591,0.026279257,4.0323531,-19.534759
-0.26145964,0,3.1564152,-14.186914,-0.18487989,0.032517621,4.5592169,-20.054528,-0.22419979,0.023660045,4.399959,-19.457884
-0.26135816,0,3.4234237,-14.124883,-0.18480813,0.028932391,4.9366032,-19.968592,-0.22411277,0.021051407,4.766131,-19.37408
-0.26116308,0,3.6893089,-14.057829,-0.18467019,0.025362886,5.3123683,-19.875541,-0.2239455,0.018454211,5.1307382,-19.283376
-0.26087521,0,3.9539754,-13.985772,-0.18446663,0.021810288,5.6863778,-19.775404,-0.22369865,0.015869316,5.4936499,-19.1858
-0.26049536,0,4.2173284,-13.908738,-0.18419803,0.018275761,6.0584977,-19.668215,-0.22337293,0.01329757,5.8547363,-19.081386
-0.26002437,0,4.4792733,-13.826752,-0.183865,0.014760456,6.4285949,-19.554009,-0.22296906,0.01073981,6.2138679,-18.970168
-0.25946313,0,4.7397163,-13.739841,-0.18346814,0.011265505,6.7965369,-19.432826,-0.2224878,0.0081968594,6.5709162,-18.852184
-0.25881252,0,4.9985637,-13.648034,-0.18300809,0.0077920259,7.1621917,-19.304705,-0.22192991,0.0056695322,6.9257531,-18.727473
-0.25807349,0,5.2557227,-13.551363,-0.18248552,0.0043411194,7.5254284,-19.169689,-0.22129619,0.0031586289,7.2782514,-18.596077
-0.25724698,0,5.511101,-13.44986,-0.18190109,0.00091386957,7.8861167,-19.027826,-0.22058747,0.00066493834,7.6282847,-18.458041
-0.25633398,0,5.7646067,-13.343559,-0.1812555,-0.0024886569,8.2441272,-18.879162,-0.21980458,-0.0018107633,7.9757274,-18.313411
-0.25533548,0,6.0161487,-13.232497,-0.18054945,-0.0058654105,8.5993315,-18.723749,-0.21894837,-0.0042677125,8.3204547,-18.162237
-0.25425252,0,6.2656366,-13.116712,-0.17978368,-0.0092153595,8.9516021,-18.561639,-0.21801974,-0.0067051584,8.6623428,-18.004571
-0.25308615,0,6.5129806,-12.996243,-0.17895893,-0.01253749,9.3008126,-18.392888,-0.21701958,-0.0091223635,9.0012691,-17.840466
-0.25183743,0,6.7580918,-12.871131,-0.17807596,-0.015830807,9.6468374,-18.217554,-0.21594882,-0.011518603,9.3371116,-17.669979
-0.25050748,0,7.0008819,-12.741419,-0.17713554,-0.019094332,9.9895523,-18.035698,-0.21480839,-0.013893167,9.6697496,-17.493169
-0.24909741,0,7.2412635,-12.607153,-0.17613847,-0.022327107,10.328834,-17.847381,-0.21359926,-0.016245356,9.9990636,-17.310095
-0.24760835,0,7.47915,-12.468378,-0.17508554,-0.025528193,10.664561,-17.652669,-0.21232241,-0.018574488,10.324935,-17.120821
-0.24604147,0,7.7144557,-12.325141,-0.1739776,-0.028696668,10.996612,-17.451629,-0.21097882,-0.020879893,10.647247,-16.925414
-0.24439796,0,7.9470958,-12.177494,-0.17281546,-0.031831632,11.324867,-17.24433,-0.20956952,-0.023160914,10.965882,-16.723939
-0.24267901,0,8.1769863,-12.025485,-0.17159997,-0.034932203,11.649209,-17.030845,-0.20809553,-0.02541691,11.280728,-16.516467
-0.24088584,0,8.4040443,-11.869169,-0.17033201,-0.037997518,11.96952,-16.811246,-0.2065579,-0.027647254,11.591669,-16.30307
-0.23901969,0,8.6281879,-11.708599,-0.16901244,-0.041026735,12.285686,-16.585612,-0.20495769,-0.029851334,11.898594,-16.083822
-0.23708181,0,8.8493361,-11.543832,-0.16764216,-0.044019032,12.597592,-16.354019,-0.20329598,-0.032028549,12.201392,-15.858799
-0.23507349,0,9.0674091,-11.374923,-0.16622206,-0.046973606,12.905126,-16.11655,-0.20157385,-0.034178318,12.499954,-15.628079
-0.232996,0,9.282328,-11.201933,-0.16475305,-0.049889677,13.208176,-15.873285,-0.19979242,-0.036300072,12.794172,-15.391742
-0.23085065,0,9.4940152,-11.02492,-0.16323606,-0.052766483,13.506634,-15.62431,-0.1979528,-0.038393255,13.08394,-15.149872
-0.22863876,0,9.702394,-10.843948,-0.16167202,-0.055603283,13.800392,-15.369713,-0.19605612,-0.04045733,13.369154,-14.902552
-0.22636168,0,9.9073891,-10.659079,-0.16006188,-0.058399357,14.089343,-15.109581,-0.19410354,-0.042491773,13.649709,-14.649869
-0.22402073,0,10.108926,-10.470377,-0.15840658,-0.061154007,14.373383,-14.844006,-0.19209619,-0.044496075,13.925505,-14.39191
-0.2216173,0,10.306932,-10.277908,-0.1567071,-0.063866553,14.65241,-14.57308,-0.19003527,-0.046469743,14.196443,-14.128767
-0.21915275,0,10.501336,-10.08174,-0.15496439,-0.06653634,14.926322,-14.296899,-0.18792193,-0.048412298,14.462423,-13.86053
-0.21662846,0,10.692066,-9.881941,-0.15317946,-0.069162731,15.19502,-14.015559,-0.18575737,-0.050323278,14.72335,-13.587295
-0.21404585,0,10.879054,-9.6785812,-0.15135327,-0.071745112,15.458407,-13.729159,-0.1835428,-0.052202236,14.979128,-13.309157
-0.2114063,0,11.062231,-9.4717317,-0.14948683,-0.074282889,15.716388,-13.4378,-0.18127941,-0.05404874,15.229666,-13.026213
-0.20871126,0,11.241532,-9.261465,-0.14758115,-0.07677549,15.968869,-13.141582,-0.17896843,-0.055862374,15.474872,-12.738562
-0.20596214,0,11.416891,-9.0478547,-0.14563722,-0.079222364,16.215758,-12.840611,-0.17661108,-0.057642736,15.714658,-12.446306
-0.20316038,0,11.588244,-8.8309759,-0.14365608,-0.081622984,16.456965,-12.534993,-0.17420859,-0.059389444,15.948936,-12.149547
-0.20030743,0,11.755529,-8.6109046,-0.14163874,-0.08397684,16.692404,-12.224834,-0.1717622,-0.061102125,16.177621,-11.848389
-0.19740474,0,11.918685,-8.387718,-0.13958623,-0.086283447,16.921988,-11.910244,-0.16927316,-0.062780428,16.40063,-11.542939
-0.19445377,0,12.077652,-8.1614947,-0.13749958,-0.08854234,17.145634,-11.591333,-0.16674273,-0.064424014,16.617882,-11.233303
-0.19145599,0,12.232373,-7.9323141,-0.13537983,-0.090753076,17.36326,-11.268215,-0.16417216,-0.066032561,16.829297,-10.919592
-0.18841288,0,12.382791,-7.7002568,-0.13322802,-0.092915233,17.574788,-10.941001,-0.16156271,-0.067605762,17.034798,-10.601914
-0.1853259,0,12.528851,-7.4654045,-0.1310452,-0.095028412,17.780139,-10.609809,-0.15891565,-0.069143325,17.234312,-10.280383
-0.18219656,0,12.6705,-7.2278399,-0.12883242,-0.097092234,17.979239,-10.274755,-0.15623226,-0.070644976,17.427764,-9.9551108
-0.17902632,0,12.807685,-6.9876466,-0.12659073,-0.099106342,18.172016,-9.935956,-0.15351381,-0.072110455,17.615083,-9.6262129
-0.17581669,0,12.940357,-6.7449092,-0.12432118,-0.1010704,18.358398,-9.5935328,-0.15076157,-0.073539518,17.796203,-9.2938052
-0.17256916,0,13.068468,-6.4997133,-0.12202482,-0.1029841,18.538318,-9.247606,-0.14797683,-0.074931936,17.971055,-8.958005
-0.16928522,0,13.191969,-6.2521453,-0.11970272,-0.10484713,18.711709,-8.8982977,-0.14516087,-0.076287495,18.139576,-8.6189308
-0.16596636,0,13.310815,-6.0022927,-0.11735594,-0.10665925,18.878508,-8.5457314,-0.14231498,-0.077606,18.301704,-8.2767023
-0.1626141,0,13.424964,-5.7502434,-0.11498553,-0.10842018,19.038654,-8.1900316,-0.13944044,-0.078887267,18.45738,-7.9314406
-0.15922993,0,13.534372,-5.4960867,-0.11259256,-0.11012971,19.192087,-7.8313242,-0.13653854,-0.08013113,18.606545,-7.5832675
-0.15581534,0,13.638999,-5.2399121,-0.11017808,-0.11178762,19.338751,-7.4697361,-0.13361055,-0.081337438,18.749146,-7.2323064
-0.15237184,0,13.738807,-4.9818102,-0.10774316,-0.11339373,19.478592,-7.1053951,-0.13065777,-0.082506055,18.885129,-6.8786812
-0.14890092,0,13.833759,-4.7218723,-0.10528885,-0.11494787,19.611558,-6.7384303,-0.12768148,-0.083636859,19.014444,-6.5225171
-0.14540408,0,13.923819,-4.4601902,-0.10281621,-0.1164499,19.737599,-6.3689716,-0.12468297,-0.084729747,19.137043,-6.1639401
-0.14188281,0,14.008954,-4.1968564,-0.1003263,-0.11789969,19.85667,-5.9971499,-0.1216635,-0.085784626,19.252881,-5.8030774
-0.1383386,0,14.089132,-3.9319641,-0.097820164,-0.11929714,19.968725,-5.6230969,-0.11862437,-0.086801421,19.361914,-5.4400566
-0.13477294,0,14.164323,-3.6656071,-0.095298862,-0.12064217,20.073723,-5.2469453,-0.11556685,-0.087780072,19.464102,-5.0750063
-0.13118732,0,14.234499,-3.3978797,-0.092763441,-0.12193471,20.171624,-4.8688283,-0.1124922,-0.088720533,19.559405,-4.7080561
-0.1275832,0,14.299634,-3.1288767,-0.090214945,-0.12317472,20.262392,-4.4888802,-0.10940169,-0.089622772,19.647789,-4.3393359
-0.12396206,0,14.359702,-2.8586933,-0.087654416,-0.12436218,20.345992,-4.1072356,-0.10629659,-0.090486774,19.729221,-3.9689766
-0.12032538,0,14.414682,-2.5874252,-0.085082892,-0.12549708,20.422392,-3.7240302,-0.10317816,-0.091312535,19.803668,-3.5971095
-0.11667461,0,14.464552,-2.3151688,-0.082501407,-0.12657944,20.491563,-3.3393998,-0.10004765,-0.092100068,19.871103,-3.2238666
-0.1130112,0,14.509292,-2.0420204,-0.079910989,-0.12760929,20.55348,-2.9534811,-0.096906307,-0.092849399,19.931499,-2.8493804
-0.10933661,0,14.548886,-1.7680769,-0.077312662,-0.12858671,20.608116,-2.5664111,-0.093755373,-0.09356057,19.984834,-2.4737838
-0.10565228,0,14.583318,-1.4934356,-0.074707444,-0.12951174,20.655452,-2.1783274,-0.090596083,-0.094233634,20.031086,-2.0972102
-0.10195963,0,14.612575,-1.2181938,-0.072096349,-0.1303845,20.695469,-1.789368,-0.087429665,-0.094868661,20.070237,-1.7197935
-0.0982601,0,14.636644,-0.94244933,-0.069480383,-0.1312051,20.728149,-1.399671,-0.08425734,-0.095465731,20.102271,-1.3416677
-0.094555091,0,14.655515,-0.66630003,-0.066860547,-0.13197366,20.75348,-1.0093751,-0.081080322,-0.096024941,20.127175,-0.96296731
-0.090846014,0,14.669181,-0.38984399,-0.064237833,-0.13269034,20.771451,-0.61861907,-0.077899814,-0.096546401,20.144938,-0.5838269
-0.087134262,0,14.677635,-0.1131794,-0.061613228,-0.1333553,20.782053,-0.22754197,-0.074717013,-0.097030232,20.155552,-0.20438134
-0.083421222,0,14.680873,0.1635954,-0.058987712,-0.13396873,20.78528,0.16371704,-0.071533107,-0.097476569,20.159011,0.17523438
-0.079708266,0,14.678892,0.44038206,-0.056362256,-0.13453084,20.78113,0.55501868,-0.068349274,-0.097885562,20.155311,0.55488518
-0.075996757,0,14.671692,0.71708217,-0.053737823,-0.13504184,20.769602,0.94622361,-0.065166681,-0.098257372,20.144454,0.93443593
-0.072288046,0,14.659273,0.99359733,-0.051115368,-0.13550198,20.750698,1.3371925,-0.061986488,-0.098592173,20.12644,1.3137515
-0.068583471,0,14.64164,1.2698292,-0.048495838,-0.13591151,20.724423,1.7277861,-0.058809841,-0.09889015,20.101273,1.6926968
-0.064884358,0,14.618796,1.5456794,-0.04588017,-0.13627071,20.690784,2.1178652,-0.055637878,-0.099151504,20.068962,2.0711369
-0.061192021,0,14.590749,1.8210499,-0.043269293,-0.13657986,20.649792,2.5072908,-0.052471725,-0.099376443,20.029516,2.4489369
-0.057507758,0,14.557507,2.0958426,-0.040664126,-0.13683927,20.601459,2.895924,-0.049312495,-0.099565192,19.982947,2.8259623
-0.053832855,0,14.519081,2.3699597,-0.038065577,-0.13704926,20.5458,3.2836262,-0.046161292,-0.099717985,19.929269,3.2020785
-0.050168585,0,14.475483,2.6433034,-0.035474547,-0.13721018,20.482834,3.6702593,-0.043019206,-0.099835067,19.868501,3.5771514
-0.046516203,0,14.426728,2.9157766,-0.032891923,-0.13732237,20.412581,4.0556851,-0.039887315,-0.099916697,19.800661,3.9510474
-0.042876953,0,14.372831,3.187282,-0.030318585,-0.1373862,20.335065,4.4397662,-0.036766684,-0.099963142,19.725773,4.3236331
-0.039252061,0,14.313811,3.4577229,-0.027755399,-0.13740206,20.25031,4.8223655,-0.033658365,-0.099974683,19.643861,4.6947754
-0.035642739,0,14.249687,3.7270028,-0.025203223,-0.13737035,20.158346,5.2033463,-0.030563396,-0.09995161,19.554953,5.064342
-0.032050181,0,14.180481,3.9950258,-0.022662901,-0.13729148,20.059203,5.5825727,-0.027482803,-0.099894223,19.459079,5.4322008
-0.028475567,0,14.106216,4.2616962,-0.020135267,-0.13716588,19.952915,5.9599091,-0.024417597,-0.099802835,19.35627,5.7982206
-0.024920059,0,14.026918,4.526919,-0.017621143,-0.13699399,19.839518,6.3352208,-0.021368775,-0.099677766,19.246563,6.1622706
-0.021384804,0,13.942613,4.7905994,-0.01512134,-0.13677626,19.71905,6.7083735,-0.018337318,-0.099519349,19.129994,6.5242207
-0.017870929,0,13.853331,5.0526433,-0.012636656,-0.13651318,19.591554,7.079234,-0.015324195,-0.099327925,19.006603,6.8839417
-0.014379546,0,13.759102,5.3129571,-0.010167875,-0.13620521,19.457072,7.4476696,-0.012330358,-0.099103843,18.876432,7.2413048
-0.010911747,0,13.659958,5.571448,-0.0077157704,-0.13585285,19.31565,7.8135485,-0.0093567454,-0.098847466,18.739527,7.5961825
-0.0074686073,0,13.555933,5.8280235,-0.0052811033,-0.13545661,19.167338,8.1767398,-0.0064042778,-0.098559162,18.595934,7.9484476
-0.0040511845,0,13.447065,6.082592,-0.0028646205,-0.13501702,19.012186,8.5371136,-0.003473862,-0.098239308,18.445702,8.2979744
-0.00066051663,0,13.333389,6.3350625,-0.00046705623,-0.13453459,18.850248,8.8945409,-0.00056638826,-0.097888293,18.288885,8.6446376
0.002702377,0,13.214946,6.5853447,0.0019108687,-0.13400988,18.681581,9.2488938,0.0023172692,-0.097506512,18.125536,8.9883133
0.0060364959,0,13.091777,6.8333491,0.0042684468,-0.13344345,18.506242,9.6000453,0.0051762526,-0.097094368,17.955711,9.3288783
0.009340859,0,12.963924,7.078987,0.0066049843,-0.13283584,18.324292,9.9478696,0.0080097206,-0.096652273,17.77947,9.6662108
0.012614504,0,12.831432,7.3221705,0.0089198012,-0.13218766,18.135795,10.292242,0.010816848,-0.096180646,17.596874,10.00019
0.01585649,0,12.694347,7.5628127,0.011212231,-0.13149947,17.940816,10.63304,0.013596828,-0.095679915,17.407986,10.330696
0.019065895,0,12.552717,7.8008273,0.013481623,-0.13077187,17.739424,10.97014,0.01634887,-0.095150513,17.212873,10.657611
0.022241815,0,12.406592,8.036129,0.015727338,-0.13000548,17.531687,11.303421,0.019072199,-0.094592883,17.011602,10.980817
0.02538337,0,12.256022,8.2686338,0.017948753,-0.12920091,17.31768,11.632765,0.021766061,-0.094007472,16.804244,11.300198
0.028489699,0,12.101059,8.4982581,0.020145259,-0.12835879,17.097476,11.958054,0.024429715,-0.093394736,16.59087,11.61564
0.031559959,0,11.94176,8.7249198,0.022316261,-0.12747974,16.871153,12.279169,0.027062442,-0.092755136,16.371557,11.927031
0.034593332,0,11.778178,8.9485375,0.024461179,-0.12656442,16.63879,12.595997,0.029663538,-0.09208914,16.14638,12.234257
0.037589019,0,11.610372,9.1690311,0.02657945,-0.12561347,16.400467,12.908422,0.032232318,-0.091397222,15.915418,12.537209
0.04054624,0,11.438401,9.3863215,0.028670521,-0.12462755,16.15627,13.216334,0.034768114,-0.09067986,15.678752,12.835777
0.043464239,0,11.262324,9.6003307,0.030733858,-0.12360733,15.906282,13.519621,0.037270278,-0.08993754,15.436465,13.129856
0.04634228,0,11.082203,9.8109819,0.03276894,-0.12255348,15.650593,13.818175,0.039738178,-0.089170751,15.188643,13.419338
0.04917965,0,10.898103,10.018199,0.034775263,-0.12146668,15.389291,14.111888,0.042171202,-0.088379989,14.935372,13.704121
0.051975654,0,10.710087,10.221909,0.036752337,-0.12034762,15.122468,14.400654,0.044568755,-0.087565754,14.676742,13.984101
0.054729621,0,10.518222,10.422037,0.038699686,-0.11919699,14.850219,14.68437,0.046930263,-0.08672855,14.412842,14.259177
0.057440901,0,10.322575,10.618512,0.04061685,-0.1180155,14.572639,14.962933,0.049255167,-0.085868886,14.143767,14.529252
0.060108867,0,10.123216,10.811263,0.042503387,-0.11680384,14.289826,15.236243,0.051542928,-0.084987275,13.86961,14.794227
0.062732912,0,9.9202144,11.000221,0.044358867,-0.11556273,14.001878,15.504202,0.053793028,-0.084084234,13.590468,15.054008
0.06531245,0,9.7136417,11.185317,0.046182876,-0.11429288,13.708899,15.766712,0.056004964,-0.083160283,13.306441,15.3085
0.06784692,0,9.5035711,11.366486,0.047975017,-0.11299501,13.41099,16.023681,0.058178254,-0.082215946,13.017626,15.557613
0.070335779,0,9.2900766,11.543661,0.049734906,-0.11166985,13.108256,16.275014,0.060312433,-0.081251749,12.724128,15.801255
0.07277851,0,9.0732336,11.71678,0.051462178,-0.11031812,12.800806,16.520621,0.062407058,-0.080268224,12.426048,16.03934
0.075174614,0,8.8531186,11.885779,0.053156479,-0.10894056,12.488746,16.760414,0.0644617,-0.079265902,12.123492,16.271781
0.077523617,0,8.6298096,12.050598,0.054817475,-0.1075379,12.172187,16.994306,0.066475953,-0.078245318,11.816568,16.498495
0.079825064,0,8.4033853,12.211177,0.056444843,-0.10611089,11.851242,17.222211,0.068449428,-0.077207011,11.505382,16.719399
0.082078524,0,8.1739258,12.367458,0.05803828,-0.10466025,11.526022,17.444049,0.070381754,-0.076151518,11.190046,16.934413
0.084283587,0,7.9415124,12.519385,0.059597496,-0.10318674,11.196643,17.659739,0.07227258,-0.075079383,10.870671,17.143461
0.086439866,0,7.7062272,12.666903,0.061122215,-0.10169111,10.863222,17.869202,0.074121573,-0.073991147,10.547369,17.346466
0.088546993,0,7.4681534,12.809958,0.062612179,-0.10017409,10.525876,18.072363,0.07592842,-0.072887354,10.220255,17.543355
0.090604625,0,7.2273755,12.948499,0.064067145,-0.098636439,10.184725,18.269148,0.077692826,-0.071768551,9.8894451,17.734057
0.092612439,0,6.9839786,13.082476,0.065486884,-0.09707891,9.8398884,18.459486,0.079414512,-0.070635282,9.5550554,17.918501
0.094570134,0,6.7380489,13.211839,0.066871183,-0.095502253,9.4914894,18.643308,0.081093221,-0.069488095,9.2172047,18.096622
0.09647743,0,6.4896737,13.336542,0.068219845,-0.093907219,9.1396509,18.820547,0.082728714,-0.068327538,8.8760126,18.268355
0.098334068,0,6.2389409,13.45654,0.069532686,-0.092294562,8.7844974,18.991138,0.084320768,-0.067154157,8.5315998,18.433638
0.10013981,0,5.9859394,13.571789,0.070809541,-0.090665034,8.4261547,19.155019,0.085869182,-0.065968501,8.1840884,18.592409
0.10189445,0,5.730759,13.682248,0.072050255,-0.089019388,8.0647497,19.312132,0.087373769,-0.064771118,7.8336015,18.744612
0.10359778,0,5.4734902,13.787875,0.073254693,-0.087358375,7.7004105,19.462417,0.088834364,-0.063562554,7.4802633,18.890191
0.10524964,0,5.2142242,13.888632,0.074422731,-0.085682748,7.3332661,19.605822,0.090250818,-0.062343356,7.124199,19.029092
0.10684986,0,4.9530531,13.984484,0.075554261,-0.083993255,6.9634467,19.742292,0.091623001,-0.06111407,6.7655349,19.161266
0.10839833,0,4.6900695,14.075393,0.076649192,-0.082290647,6.5910834,19.871779,0.092950799,-0.05987524,6.4043982,19.286663
0.10989492,0,4.4253669,14.161329,0.077707444,-0.08057567,6.2163083,19.994235,0.094234118,-0.058627411,6.040917,19.405238
0.11133956,0,4.1590392,14.242257,0.078728954,-0.078849069,5.8392543,20.109615,0.095472881,-0.057371124,5.6752203,19.516948
0.11273216,0,3.891181,14.31815,0.079713673,-0.077111587,5.4600551,20.217875,0.096667028,-0.05610692,5.3074378,19.62175
0.11407268,0,3.6218876,14.388979,0.080661566,-0.075363966,5.0788453,20.318978,0.097816517,-0.054835339,4.9377,19.719607
0.11536109,0,3.3512546,14.454718,0.081572612,-0.073606942,4.6957603,20.412884,0.098921322,-0.053556917,4.5661384,19.810482
0.11659739,0,3.0793782,14.515342,0.082446804,-0.071841251,4.310936,20.49956,0.099981436,-0.052272188,4.1928847,19.894342
0.11778157,0,2.806355,14.57083,0.08328415,-0.070067626,3.924509,20.578972,0.10099687,-0.050981686,3.8180716,19.971155
0.11891368,0,2.5322822,14.621159,0.084084671,-0.068286793,3.5366167,20.651092,0.10196764,-0.049685939,3.4418323,20.040893
0.11999376,0,2.2572572,14.666312,0.084848403,-0.066499477,3.1473968,20.715893,0.1028938,-0.048385476,3.0643004,20.10353
0.12102188,0,1.9813778,14.706272,0.085575393,-0.064706399,2.7569875,20.773349,0.10377541,-0.04708082,2.6856101,20.159041
0.12199813,0,1.7047423,14.741022,0.086265704,-0.062908276,2.3655277,20.823439,0.10461253,-0.045772493,2.305896,20.207407
0.12292261,0,1.4274489,14.770551,0.086919412,-0.061105818,1.9731565,20.866145,0.10540527,-0.044461013,1.9252932,20.248607
0.12379545,0,1.1495966,14.794846,0.087536604,-0.059299734,1.5800133,20.901448,0.10615373,-0.043146894,1.543937,20.282628
0.1246168,0,0.87128406,14.813898,0.088117383,-0.057490725,1.186238,20.929336,0.10685802,-0.041830646,1.1619629,20.309453
0.12538681,0,0.5926105,14.827698,0.088661863,-0.055679489,0.79197058,20.949796,0.1075183,-0.040512778,0.77950699,20.329075
0.12610567,0,0.31367512,14.836242,0.089170171,-0.053866717,0.3973513,20.962822,0.10813472,-0.039193793,0.39670525,20.341482
0.12677356,0,0.034577289,14.839526,0.089642447,-0.052053094,0.0025205615,20.968405,0.10870744,-0.037874189,0.013693922,20.346671
0.12739072,0,-0.24458358,14.837546,0.090078843,-0.050239303,-0.39238115,20.966544,0.10923664,-0.036554461,-0.36939067,20.344637
0.12795737,0,-0.52370801,14.830303,0.090479523,-0.048426015,-0.78721329,20.957236,0.10972254,-0.035235101,-0.75241214,20.335381
0.12847376,0,-0.80269653,14.817798,0.090844664,-0.046613901,-1.1818353,20.940486,0.11016534,-0.033916594,-1.1352341,20.318904
0.12894015,0,-1.0814497,14.800036,0.091174454,-0.04480362,-1.5761067,20.916296,0.11056527,-0.032599421,-1.5177203,20.295211
0.12935683,0,-1.3598682,14.777021,0.091469093,-0.042995828,-1.9698871,20.884674,0.11092257,-0.03128406,-1.8997343,20.264309
0.1297241,0,-1.6378527,14.74876,0.091728792,-0.041191174,-2.3630363,20.845631,0.1112375,-0.029970981,-2.2811402,20.226207
0.13004228,0,-1.915304,14.715263,0.091953775,-0.039390297,-2.7554142,20.799178,0.11151033,-0.02866065,-2.6618021,20.180918
0.13031168,0,-2.1921233,14.676541,0.092144275,-0.037593832,-3.146881,20.745331,0.11174135,-0.02735353,-3.0415843,20.128457
0.13053267,0,-2.4682118,14.632606,0.092300536,-0.035802406,-3.5372972,20.684108,0.11193084,-0.026050076,-3.4203514,20.068842
0.1307056,0,-2.7434709,14.583473,0.092422816,-0.034016636,-3.9265237,20.615529,0.11207913,-0.024750738,-3.7979684,20.002091
0.13083085,0,-3.0178025,14.529159,0.092511379,-0.032237135,-4.3144217,20.539618,0.11218653,-0.023455961,-4.1743006,19.928228
0.1309088,0,-3.2911086,14.469683,0.092566503,-0.030464506,-4.7008531,20.4564,0.11225337,-0.022166183,-4.5492139,19.847278
0.13093988,0,-3.5632917,14.405064,0.092588474,-0.028699343,-5.0856799,20.365904,0.11228002,-0.020881838,-4.9225746,19.759268
0.13092448,0,-3.8342547,14.335324,0.092577588,-0.026942233,-5.4687649,20.26816,0.11226682,-0.019603354,-5.2942494,19.664228
0.13086306,0,-4.1039007,14.260488,0.092534153,-0.025193756,-5.8499715,20.163202,0.11221414,-0.01833115,-5.6641058,19.562191
0.13075604,0,-4.3721334,14.180581,0.092458485,-0.023454481,-6.2291638,20.051066,0.11212238,-0.017065641,-6.0320117,19.453193
0.13060391,0,-4.6388571,14.09563,0.092350908,-0.021724969,-6.6062063,19.931792,0.11199193,-0.015807237,-6.397836,19.33727
0.13040712,0,-4.9039764,14.005666,0.092211758,-0.020005774,-6.9809646,19.805419,0.11182318,-0.014556338,-6.7614479,19.214463
0.13016616,0,-5.1673967,13.910719,0.092041377,-0.018297438,-7.3533049,19.671992,0.11161657,-0.013313341,-7.1227177,19.084814
0.12988154,0,-5.4290238,13.810823,0.091840118,-0.016600496,-7.7230943,19.531558,0.1113725,-0.012078635,-7.4815163,18.948369
0.12955376,0,-5.6887642,13.706011,0.091608342,-0.014915474,-8.0902008,19.384165,0.11109143,-0.010852601,-7.8377157,18.805174
0.12918334,0,-5.946525,13.59632,0.091346417,-0.013242888,-8.4544932,19.229864,0.1107738,-0.0096356154,-8.1911886,18.65528
0.12877082,0,-6.2022141,13.481789,0.09105472,-0.011583243,-8.8158414,19.068709,0.11042007,-0.0084280465,-8.5418086,18.498739
0.12831674,0,-6.45574,13.362457,0.090733636,-0.0099370371,-9.1741164,18.900756,0.1100307,-0.007230256,-8.8894507,18.335605
0.12782165,0,-6.7070121,13.238367,0.090383558,-0.0083047578,-9.5291901,18.726065,0.10960616,-0.0060425983,-9.2339904,18.165936
0.12728613,0,-6.9559404,13.10956,0.090004886,-0.0066868825,-9.8809357,18.544696,0.10914696,-0.0048654211,-9.5753046,17.98979
0.12671074,0,-7.202436,12.976083,0.089598025,-0.0050838789,-10.229227,18.356712,0.10865357,-0.0036990647,-9.9132713,17.80723
0.12609608,0,-7.4464106,12.837983,0.089163392,-0.0034962049,-10.573941,18.162179,0.1081265,-0.0025438622,-10.24777,17.618318
0.12544273,0,-7.6877768,12.695307,0.088701405,-0.0019243082,-10.914953,17.961167,0.10756625,-0.0014001393,-10.57868,17.423123
0.1247513,0,-7.9264484,12.548105,0.088212493,-0.00036862649,-11.252141,17.753744,0.10697336,-0.0002682146,-10.905884,17.221711
0.12402241,0,-8.1623397,12.396429,0.087697089,0.0011704128,-11.585385,17.539984,0.10634834,0.00085160096,-11.229265,17.014153
0.12325668,0,-8.3953664,12.240333,0.087155632,0.0026923924,-11.914565,17.319963,0.10569173,0.0019590038,-11.548707,16.800524
0.12245473,0,-8.625445,12.079871,0.086588568,0.0041969055,-12.239565,17.093756,0.10500406,0.0030536979,-11.864095,16.580896
0.1216172,0,-8.8524931,11.915099,0.085996348,0.0056835556,-12.560267,16.861445,0.10428589,0.0041353947,-12.175317,16.355348
0.12074475,0,-9.0764293,11.746076,0.085379428,0.0071519566,-12.876557,16.62311,0.10353777,0.0052038134,-12.482261,16.12396
0.11983801,0,-9.2971733,11.57286,0.08473827,0.0086017331,-13.188321,16.378835,0.10276025,0.0062586807,-12.784817,15.886812
0.11889766,0,-9.514646,11.395513,0.08407334,0.01003252,-13.495448,16.128707,0.1019539,0.0072997312,-13.082877,15.643987
0.11792435,0,-9.7287695,11.214098,0.08338511,0.011443963,-13.797828,15.872814,0.1011193,0.0083267069,-13.376335,15.395572
0.11691877,0,-9.939467,11.028677,0.082674055,0.012835719,-14.095352,15.611245,0.10025702,0.0093393577,-13.665084,15.141654
0.11588159,0,-10.146663,10.839317,0.081940654,0.014207454,-14.387914,15.344093,0.09936764,0.010337441,-13.949022,14.882323
0.11481348,0,-10.350283,10.646084,0.081185393,0.015558845,-14.67541,15.071453,0.098451751,0.011320723,-14.228047,14.617669
0.11371516,0,-10.550254,10.449046,0.080408758,0.016889583,-14.957735,14.79342,0.097509943,0.012288977,-14.502058,14.347787
0.1125873,0,-10.746504,10.248273,0.079611241,0.018199365,-15.234789,14.510092,0.096542812,0.013241983,-14.770957,14.072771
0.11143061,0,-10.938963,10.043835,0.078793337,0.019487901,-15.506472,14.22157,0.095550957,0.014179531,-15.034649,13.792719
0.11024579,0,-11.127561,9.8358047,0.077955543,0.020754913,-15.772687,13.927956,0.094534983,0.015101418,-15.293038,13.507729
0.10903355,0,-11.312231,9.6242555,0.077098361,0.022000131,-16.033339,13.629352,0.093495496,0.016007447,-15.546031,13.217903
0.1077946,0,-11.492907,9.4092621,0.076222292,0.023223299,-16.288333,13.325866,0.092433107,0.016897433,-15.793537,12.923342
0.10652966,0,-11.669524,9.1909003,0.075327844,0.024424169,-16.537578,13.017603,0.091348429,0.017771194,-16.035469,12.62415
0.10523944,0,-11.842017,8.9692473,0.074415524,0.025602505,-16.780985,12.704674,0.090242079,0.018628559,-16.271738,12.320434
0.10392468,0,-12.010326,8.7443814,0.073485843,0.026758082,-17.018466,12.387188,0.089114675,0.019469365,-16.502261,12.012301
0.10258608,0,-12.174389,8.5163821,0.072539313,0.027890685,-17.249936,12.065258,0.087966838,0.020293455,-16.726953,11.69986
0.10122438,0,-12.334147,8.2853301,0.071576446,0.029000111,-17.475311,11.738998,0.086799191,0.02110068,-16.945734,11.383221
0.099840307,0,-12.489543,8.0513069,0.070597758,0.030086166,-17.694511,11.408524,0.085612357,0.021890902,-17.158526,11.062496
0.098434589,0,-12.640522,7.8143954,0.069603765,0.031148668,-17.907457,11.073952,0.084406964,0.022663986,-17.365252,10.737799
0.097007957,0,-12.787028,7.5746794,0.068594984,0.032187447,-18.114072,10.735401,0.083183637,0.023419808,-17.565837,10.409245
0.095561144,0,-12.929008,7.3322437,0.067571933,0.033202339,-18.314281,10.392991,0.081943005,0.024158251,-17.76021,10.07695
0.094094884,0,-13.066412,7.0871742,0.06653513,0.034193197,-18.508013,10.046843,0.080685697,0.024879205,-17.9483,9.7410326
0.092609908,0,-13.19919,6.8395575,0.065485094,0.035159878,-18.695197,9.6970794,0.079412341,0.02558257,-18.130039,9.4016106
0.091106952,0,-13.327294,6.5894813,0.064422343,0.036102255,-18.875766,9.3438248,0.078123567,0.02626825,-18.305362,9.0588047
0.089586748,0,-13.450678,6.3370343,0.063347397,0.037020209,-19.049655,8.9872042,0.076820003,0.026936159,-18.474205,8.7127364
0.08805003,0,-13.569297,6.0823059,0.062260773,0.03791363,-19.216802,8.6273439,0.075502278,0.027586219,-18.636508,8.3635285
0.08649753,0,-13.683109,5.8253862,0.06116299,0.038782422,-19.377145,8.2643716,0.07417102,0.028218358,-18.792211,8.0113046
0.08492998,0,-13.792071,5.5663663,0.060054565,0.039626497,-19.530627,7.8984161,0.072826857,0.028832512,-18.941259,7.6561898
0.083348111,0,-13.896145,5.305338,0.058936014,0.040445776,-19.677192,7.5296071,0.071470415,0.029428625,-19.083598,7.2983098
0.08175265,0,-13.995293,5.0423939,0.057807853,0.041240193,-19.816787,7.1580754,0.070102319,0.030006649,-19.219176,6.9377918
0.080144326,0,-14.089479,4.7776272,0.056670596,0.042009692,-19.949361,6.783953,0.068723192,0.030566541,-19.347944,6.5747635
0.078523862,0,-14.178668,4.5111317,0.055524755,0.042754224,-20.074867,6.4073726,0.067333657,0.031108268,-19.469854,6.2093538
0.076891983,0,-14.262829,4.2430019,0.054370842,0.043473752,-20.193259,6.0284679,0.065934331,0.031631802,-19.584864,5.8416924
0.075249407,0,-14.34193,3.973333,0.053209366,0.04416825,-20.304494,5.6473733,0.064525835,0.032137123,-19.692931,5.4719097
0.073596854,0,-14.415944,3.7022207,0.052040834,0.0448377,-20.40853,5.2642243,0.063108781,0.03262422,-19.794015,5.100137
0.071935035,0,-14.484842,3.429761,0.050865751,0.045482095,-20.505331,4.8791568,0.061683784,0.033093085,-19.88808,4.7265064
0.070264664,0,-14.548599,3.1560508,0.04968462,0.046101435,-20.594861,4.4923076,0.060251452,0.033543722,-19.975091,4.3511504
0.068586447,0,-14.607193,2.8811871,0.048497941,0.046695734,-20.677087,4.1038142,0.058812393,0.033976138,-20.055017,3.9742025
0.066901087,0,-14.660601,2.6052675,0.047306212,0.047265011,-20.751979,3.7138145,0.057367209,0.034390347,-20.127827,3.5957964
0.065209285,0,-14.708805,2.3283899,0.046109927,0.047809297,-20.819509,3.3224472,0.055916501,0.034786374,-20.193496,3.2160666
0.063511736,0,-14.751786,2.0506527,0.044909579,0.048328631,-20.879653,2.9298513,0.054460864,0.035164245,-20.251999,2.8351481
0.06180913,0,-14.789527,1.7721546,0.043705655,0.048823063,-20.932387,2.5361664,0.053000892,0.035523997,-20.303315,2.4531761
0.060102154,0,-14.822016,1.4929943,0.04249864,0.049292649,-20.977693,2.1415323,0.051537172,0.035865671,-20.347423,2.0702865
0.058391489,0,-14.84924,1.2132711,0.041289017,0.049737456,-21.015553,1.7460894,0.050070289,0.036189316,-20.384308,1.6866152
0.05667781,0,-14.871188,0.93308428,0.040077263,0.05015756,-21.045952,1.3499783,0.048600821,0.036494986,-20.413955,1.3022988
0.054961789,0,-14.887853,0.65253348,0.038863853,0.050553045,-21.06888,0.95333983,0.047129345,0.036782744,-20.436353,0.91747379
0.05324409,0,-14.899227,0.37171836,0.037649257,0.050924004,-21.084327,0.55631506,0.045656431,0.037052656,-20.451494,0.53227704
0.051525373,0,-14.905305,0.090738697,0.03643394,0.051270537,-21.092286,0.15904521,0.044182643,0.037304795,-20.45937,0.14684554
0.04980629,0,-14.906086,-0.19030563,0.035218365,0.051592754,-21.092755,-0.23832841,0.042708542,0.037539243,-20.459978,-0.23868365
0.04808749,0,-14.901567,-0.47131471,0.03400299,0.051890773,-21.085731,-0.63566442,0.041234682,0.037756084,-20.453318,-0.62417339
0.046369611,0,-14.891751,-0.75218865,0.032788266,0.05216472,-21.071216,-1.0328215,0.039761614,0.03795541,-20.43939,-1.0094865
0.044653289,0,-14.876639,-1.0328276,0.031574643,0.052414729,-21.049215,-1.4296582,0.03828988,0.038137317,-20.418198,-1.394486
0.042939151,0,-14.856237,-1.3131317,0.030362564,0.05264094,-21.019734,-1.8260334,0.036820018,0.038301911,-20.38975,-1.7790349
0.041227817,0,-14.830551,-1.5930014,0.029152468,0.052843504,-20.982784,-2.2218059,0.035352561,0.038449298,-20.354055,-2.1629962
0.0395199,0,-14.79959,-1.872337,0.027944789,0.053022578,-20.938376,-2.616835,0.033888034,0.038579593,-20.311123,-2.5462334
0.037816006,0,-14.763363,-2.1510392,0.026739954,0.053178326,-20.886525,-3.0109799,0.032426958,0.038692916,-20.260971,-2.92861
0.036116734,0,-14.721885,-2.4290088,0.025538387,0.053310919,-20.827249,-3.4041003,0.030969844,0.038789392,-20.203614,-3.3099899
0.034422674,0,-14.675168,-2.706147,0.024340506,0.053420536,-20.760568,-3.7960562,0.0295172,0.03886915,-20.139073,-3.6902374
0.03273441,0,-14.623228,-2.9823551,0.023146723,0.053507364,-20.686505,-4.1867081,0.028069525,0.038932326,-20.067369,-4.069217
0.031052517,0,-14.566084,-3.2575349,0.021957445,0.053571595,-20.605085,-4.5759168,0.026627314,0.038979061,-19.988527,-4.4467938
0.029377562,0,-14.503755,-3.5315883,0.020773073,0.053613428,-20.516337,-4.9635437,0.025191051,0.0390095,-19.902575,-4.8228333
0.027710103,0,-14.436263,-3.8044178,0.019594001,0.05363307,-20.420292,-5.3494506,0.023761217,0.039023791,-19.809542,-5.1972016
0.026050692,0,-14.363631,-4.0759264,0.01842062,0.053630734,-20.316981,-5.7335001,0.022338284,0.039022091,-19.70946,-5.5697653
0.02439987,0,-14.285885,-4.3460172,0.017253313,0.053606638,-20.206443,-6.1155553,0.020922716,0.039004559,-19.602365,-5.9403917
0.022758171,0,-14.203051,-4.6145943,0.016092456,0.053561007,-20.088714,-6.4954801,0.01951497,0.038971357,-19.488293,-6.3089487
0.021126119,0,-14.115159,-4.8815618,0.014938422,0.053494073,-19.963837,-6.873139,0.018115498,0.038922656,-19.367285,-6.675305
0.019504231,0,-14.022239,-5.1468247,0.013791573,0.053406072,-19.831854,-7.2483975,0.01672474,0.038858626,-19.239382,-7.0393301
0.017893012,0,-13.924324,-5.4102885,0.01265227,0.053297247,-19.692813,-7.6211217,0.015343132,0.038779444,-19.10463,-7.4008942
0.016292962,0,-13.821449,-5.6718594,0.011520863,0.053167847,-19.54676,-7.9911788,0.0139711,0.038685292,-18.963075,-7.7598684
0.014704568,0,-13.713648,-5.9314442,0.010397699,0.053018125,-19.393749,-8.3584369,0.012609063,0.038576353,-18.814768,-8.1161247
0.01312831,0,-13.60096,-6.1889504,0.0092831166,0.05284834,-19.233832,-8.7227649,0.011257433,0.038452816,-18.659759,-8.4695361
0.011564658,0,-13.483425,-6.4442861,0.0081774474,0.052658757,-19.067066,-9.0840329,0.0099166122,0.038314874,-18.498105,-8.8199766
0.010014071,0,-13.361084,-6.6973604,0.0070810173,0.052449643,-18.893509,-9.4421121,0.0085869954,0.038162722,-18.329861,-9.1673213
0.008477002,0,-13.23398,-6.9480831,0.0059941452,0.052221274,-18.713222,-9.7968747,0.0072689693,0.037996559,-18.155086,-9.5114462
0.0069538907,0,-13.102157,-7.1963648,0.0049171429,0.051973928,-18.526268,-10.148194,0.0059629122,0.037816588,-17.973843,-9.8522286
0.0054451691,0,-12.965663,-7.442117,0.0038503156,0.051707887,-18.332714,-10.495945,0.0046691941,0.037623015,-17.786195,-10.189547
0.0039512588,0,-12.824545,-7.685252,0.0027939615,0.05142344,-18.132628,-10.840003,0.0033881765,0.037416049,-17.592207,-10.523281
0.0024725715,0,-12.678853,-7.9256831,0.0017483717,0.051120877,-17.92608,-11.180246,0.0021202127,0.037195902,-17.39195,-10.853311
0.0010095092,0,-12.528638,-8.1633246,0.00071383041,0.050800494,-17.713142,-11.516553,0.00086564709,0.036962789,-17.185492,-11.17952
-0.00043753623,0,-12.373954,-8.3980916,-0.00030938525,0.050462591,-17.49389,-11.848802,-0.00037518417,0.036716929,-16.972906,-11.501791
-0.001868183,0,-12.214855,-8.6299005,-0.0013210053,0.050107471,-17.268402,-12.176875,-0.0016019537,0.036458541,-16.754269,-11.82001
-0.0032820595,0,-12.051397,-8.8586686,-0.0023207669,0.049735441,-17.036757,-12.500656,-0.0028143427,0.03618785,-16.529656,-12.134062
-0.0046788039,0,-11.883638,-9.0843141,-0.0033084144,0.049346811,-16.799036,-12.820029,-0.0040120412,0.035905079,-16.299148,-12.443835
-0.0060580649,0,-11.711637,-9.3067565,-0.0042836992,0.048941894,-16.555323,-13.134879,-0.0051947478,0.035610459,-16.062825,-12.74922
-0.0074195014,0,-11.535455,-9.5259165,-0.0052463802,0.048521007,-16.305706,-13.445095,-0.0063621699,0.035304219,-15.820772,-13.050106
-0.0087627823,0,-11.355154,-9.7417158,-0.0061962232,0.04808447,-16.050271,-13.750565,-0.0075140238,0.034986591,-15.573073,-13.346386
-0.010087587,0,-11.170799,-9.9540773,-0.0071330017,0.047632604,-15.789109,-14.05118,-0.0086500345,0.03465781,-15.319817,-13.637955
-0.011393605,0,-10.982454,-10.162925,-0.0080564961,0.047165735,-15.522313,-14.346832,-0.009769936,0.034318113,-15.061092,-13.924708
-0.012680537,0,-10.790185,-10.368185,-0.0089664942,0.04668419,-15.249976,-14.637417,-0.010873471,0.033967738,-14.796991,-14.206543
-0.013948093,0,-10.594062,-10.569783,-0.0098627913,0.046188299,-14.972196,-14.92283,-0.011960391,0.033606924,-14.527606,-14.483359
-0.015195993,0,-10.394153,-10.767648,-0.01074519,0.045678393,-14.68907,-15.202969,-0.013030456,0.033235914,-14.253034,-14.755057
-0.016423968,0,-10.190529,-10.961708,-0.0116135,0.045154808,-14.400699,-15.477734,-0.014083436,0.032854949,-13.97337,-15.02154
-0.01763176,0,-9.9832632,-11.151895,-0.012467538,0.044617878,-14.107184,-15.747026,-0.01511911,0.032464275,-13.688715,-15.282713
-0.018819121,0,-9.7724277,-11.33814,-0.013307129,0.044067942,-13.80863,-16.01075,-0.016137263,0.032064138,-13.399169,-15.538482
-0.019985812,0,-9.5580977,-11.520377,-0.014132104,0.043505338,-13.505142,-16.268811,-0.017137693,0.031654784,-13.104835,-15.788755
-0.021131607,0,-9.3403492,-11.69854,-0.014942303,0.042930407,-13.196828,-16.521116,-0.018120203,0.03123646,-12.805816,-16.033444
-0.022256287,0,-9.1192593,-11.872567,-0.015737572,0.042343491,-12.883797,-16.767576,-0.019084609,0.030809416,-12.50222,-16.272461
-0.023359646,0,-8.8949065,-12.042394,-0.016517765,0.041744934,-12.56616,-17.008102,-0.020030732,0.030373901,-12.194152,-16.505719
-0.024441488,0,-8.6673702,-12.207961,-0.017282742,0.041135078,-12.24403,-17.242608,-0.020958403,0.029930166,-11.881724,-16.733136
-0.025501625,0,-8.4367312,-12.369208,-0.018032372,0.040514269,-11.91752,-17.47101,-0.021867463,0.029478462,-11.565044,-16.95463
-0.026539882,0,-8.2030713,-12.526079,-0.018766531,0.039882853,-11.586746,-17.693226,-0.022757761,0.029019039,-11.244226,-17.170122
-0.027556092,0,-7.9664734,-12.678516,-0.0194851,0.039241176,-11.251826,-17.909176,-0.023629154,0.02855215,-10.919384,-17.379535
-0.0285501,0,-7.7270215,-12.826465,-0.02018797,0.038589584,-10.912879,-18.118784,-0.024481509,0.028078047,-10.590632,-17.582793
-0.02952176,0,-7.4848004,-12.969873,-0.020875037,0.037928424,-10.570024,-18.321973,-0.025314701,0.027596982,-10.258087,-17.779823
-0.030470937,0,-7.2398962,-13.108689,-0.021546207,0.037258043,-10.223383,-18.518671,-0.026128613,0.027109209,-9.9218675,-17.970556
-0.031397504,0,-6.9923958,-13.242862,-0.022201389,0.036578788,-9.8730791,-18.708808,-0.026923138,0.026614978,-9.5820923,-18.154922
-0.032301347,0,-6.7423871,-13.372346,-0.022840502,0.035891006,-9.5192369,-18.892316,-0.027698177,0.026114543,-9.2388819,-18.332856
-0.033182359,0,-6.4899588,-13.497093,-0.023463472,0.035195044,-9.1619817,-19.069127,-0.028453638,0.025608156,-8.8923584,-18.504293
-0.034040445,0,-6.2352006,-13.617058,-0.02407023,0.034491247,-8.8014402,-19.23918,-0.029189441,0.025096069,-8.5426446,-18.669172
-0.034875518,0,-5.9782029,-13.732199,-0.024660716,0.033779962,-8.4377404,-19.402412,-0.02990551,0.024578533,-8.1898647,-18.827434
-0.035687502,0,-5.7190571,-13.842474,-0.025234875,0.033061533,-8.0710114,-19.558765,-0.030601781,0.0240558,-7.8341438,-18.979021
-0.036476331,0,-5.4578551,-13.947843,-0.025792662,0.032336305,-7.7013835,-19.708183,-0.031278196,0.023528119,-7.4756085,-19.123881
-0.037241947,0,-5.1946898,-14.048269,-0.026334034,0.031604621,-7.3289877,-19.850613,-0.031934706,0.02299574,-7.1143858,-19.261959
-0.037984303,0,-4.9296547,-14.143716,-0.026858959,0.030866823,-6.9539564,-19.986002,-0.032571272,0.022458913,-6.7506041,-19.393207
-0.038703361,0,-4.6628439,-14.234148,-0.02736741,0.030123253,-6.5764227,-20.114302,-0.033187858,0.021917886,-6.3843927,-19.517577
-0.039399092,0,-4.3943522,-14.319534,-0.027859365,0.029374249,-6.1965207,-20.235467,-0.033784442,0.021372906,-6.0158815,-19.635024
-0.040071476,0,-4.1242752,-14.399843,-0.028334813,0.028620151,-5.8143854,-20.349453,-0.034361007,0.020824219,-5.6452015,-19.745507
-0.040720502,0,-3.8527087,-14.475045,-0.028793744,0.027861295,-5.4301523,-20.456219,-0.034917543,0.02027207,-5.2724844,-19.848985
-0.041346171,0,-3.5797493,-14.545114,-0.029236158,0.027098017,-5.0439582,-20.555726,-0.035454049,0.019716704,-4.8978626,-19.94542
-0.041948489,0,-3.3054941,-14.610024,-0.029662062,0.026330649,-4.6559401,-20.647938,-0.035970533,0.019158362,-4.5214692,-20.034779
-0.042527474,0,-3.0300405,-14.669752,-0.030071466,0.025559524,-4.266236,-20.732822,-0.036467008,0.018597286,-4.143438,-20.117027
-0.04308315,0,-2.7534866,-14.724276,-0.030464388,0.024784972,-3.8749843,-20.810347,-0.036943496,0.018033717,-3.7639033,-20.192137
-0.043615552,0,-2.4759305,-14.773576,-0.030840853,0.024007319,-3.482324,-20.880486,-0.037400027,0.017467891,-3.3830001,-20.260079
-0.044124723,0,-2.1974711,-14.817634,-0.031200891,0.023226891,-3.0883948,-20.943211,-0.037836638,0.016900046,-3.0008637,-20.320831
-0.044610714,0,-1.9182074,-14.856434,-0.031544539,0.022444011,-2.6933365,-20.998501,-0.038253371,0.016330418,-2.6176299,-20.374368
-0.045073584,0,-1.6382387,-14.889962,-0.031871838,0.021659,-2.2972898,-21.046334,-0.03865028,0.015759238,-2.2334351,-20.420672
-0.045513403,0,-1.3576646,-14.918206,-0.032182836,0.020872176,-1.9003953,-21.086695,-0.039027421,0.015186739,-1.8484158,-20.459726
-0.045930245,0,-1.0765849,-14.941155,-0.032477588,0.020083854,-1.5027942,-21.119566,-0.03938486,0.014613151,-1.462709,-20.491515
-0.046324195,0,-0.7950996,-14.9588,-0.032756153,0.019294346,-1.1046278,-21.144937,-0.03972267,0.0140387,-1.0764517,-20.516028
-0.046695346,0,-0.51330887,-14.971135,-0.033018596,0.018503964,-0.70603768,-21.162797,-0.040040929,0.013463612,-0.6897814,-20.533254
-0.047043797,0,-0.23131299,-14.978155,-0.033264988,0.017713014,-0.30716567,-21.17314,-0.040339723,0.012888111,-0.30283559,-20.543187
-0.047369655,0,0.050787719,-14.979856,-0.033495405,0.0169218,0.091846423,-21.175961,-0.040619144,0.012312419,0.084248096,-20.545823
-0.047673038,0,0.33289285,-14.976239,-0.033709929,0.016130623,0.49085668,-21.171259,-0.040879292,0.011736753,0.47133196,-20.541162
-0.047954066,0,0.61490199,-14.967304,-0.033908645,0.015339782,0.88972316,-21.159035,-0.041120272,0.011161331,0.8582783,-20.529202
-0.04821287,0,0.89671478,-14.953054,-0.034091648,0.014549569,1.288304,-21.139292,-0.041342195,0.010586367,1.2449494,-20.509949
-0.048449587,0,1.1782309,-14.933492,-0.034259032,0.013760278,1.6864574,-21.112037,-0.041545178,0.010012074,1.6312078,-20.483409
-0.048664363,0,1.4593501,-14.908627,-0.034410901,0.012972196,2.0840417,-21.077279,-0.041729347,0.0094386597,2.016916,-20.44959
-0.048857347,0,1.7399724,-14.878465,-0.034547362,0.012185607,2.4809154,-21.03503,-0.041894829,0.0088663322,2.4019366,-20.408504
-0.049028699,0,2.0199978,-14.843019,-0.034668526,0.011400793,2.8769373,-20.985304,-0.042041762,0.0082952956,2.7861328,-20.360165
-0.049178582,0,2.2993266,-14.802299,-0.034774509,0.010618029,3.2719665,-20.928119,-0.042170286,0.0077257515,3.1693678,-20.30459
-0.049307169,0,2.5778593,-14.756319,-0.034865434,0.0098375906,3.6658624,-20.863493,-0.042280549,0.0071578991,3.5515051,-20.241797
-0.049414637,0,2.8554968,-14.705097,-0.034941426,0.0090597466,4.0584848,-20.791451,-0.042372702,0.0065919345,3.9324087,-20.171809
-0.049501171,0,3.1321402,-14.648649,-0.035002614,0.0082847631,4.449694,-20.712016,-0.042446904,0.0060280512,4.3119431,-20.09465
-0.04956696,0,3.4076909,-14.586995,-0.035049134,0.0075129021,4.8393507,-20.625216,-0.042503317,0.0054664398,4.6899731,-20.010347
-0.0496122,0,3.6820508,-14.520157,-0.035081124,0.0067444216,5.2273161,-20.531082,-0.042542111,0.0049072881,5.0663641,-19.918929
-0.049637095,0,3.9551223,-14.448159,-0.035098727,0.0059795756,5.6134523,-20.429646,-0.042563458,0.0043507809,5.4409822,-19.820429
-0.049641851,0,4.2268079,-14.371024,-0.03510209,0.0052186139,5.9976216,-20.320945,-0.042567536,0.0037970999,5.8136938,-19.71488
-0.049626681,0,4.4970109,-14.288781,-0.035091363,0.0044617824,6.3796874,-20.205016,-0.042554528,0.0032464241,6.1843664,-19.60232
-0.049591806,0,4.7656351,-14.201458,-0.035066703,0.0037093226,6.7595134,-20.081899,-0.042524623,0.0026989292,6.5528678,-19.482788
-0.049537448,0,5.0325846,-14.109087,-0.035028266,0.0029614718,7.1369646,-19.951639,-0.042478012,0.0021547878,6.9190668,-19.356327
-0.049463838,0,5.2977645,-14.011698,-0.034976216,0.002218463,7.5119065,-19.814282,-0.042414891,0.0016141695,7.282833,-19.22298
-0.049371209,0,5.5610802,-13.909327,-0.034910717,0.001480525,7.8842055,-19.669874,-0.042335462,0.0010772407,7.6440369,-19.082795
-0.0492598,0,5.8224379,-13.80201,-0.034831939,0.00074788192,8.253729,-19.518468,-0.04223993,0.00054416458,8.0025497,-18.935822
-0.049129855,0,6.0817444,-13.689785,-0.034740054,2.0753758e-05,8.6203454,-19.360116,-0.042128503,1.5101135e-05,8.3582437,-18.782111
-0.048981624,0,6.3389073,-13.57269,-0.034635239,-0.00070064414,8.9839241,-19.194875,-0.042001396,-0.00050979294,8.7109922,-18.621717
-0.048815358,0,6.5938349,-13.450768,-0.034517671,-0.0014161009,9.3443355,-19.022802,-0.041858824,-0.0010303642,9.0606694,-18.454697
-0.048631314,0,6.8464363,-13.324061,-0.034387532,-0.0021254102,9.7014513,-18.843959,-0.041701008,-0.0015464625,9.4071509,-18.281109
-0.048429755,0,7.0966215,-13.192614,-0.034245008,-0.0028283702,10.055144,-18.658408,-0.041528172,-0.002057941,9.7503131,-18.101015
-0.048210944,0,7.3443014,-13.056473,-0.034090286,-0.0035247838,10.405288,-18.466216,-0.041340543,-0.0025646564,10.090034,-17.914479
-0.047975152,0,7.5893875,-12.915687,-0.033923556,-0.0042144585,10.751758,-18.267449,-0.041138353,-0.0030664684,10.426192,-17.721566
-0.04772265,0,7.8317925,-12.770305,-0.03374501,-0.0048972064,11.094431,-18.062179,-0.040921835,-0.0035632405,10.758667,-17.522344
-0.047453716,0,8.0714299,-12.620379,-0.033554845,-0.0055728444,11.433185,-17.850477,-0.040691226,-0.0040548394,11.087342,-17.316885
-0.047168629,0,8.3082143,-12.465962,-0.033353258,-0.006241194,11.767899,-17.63242,-0.040446766,-0.0045411351,11.412098,-17.105259
-0.046867672,0,8.5420613,-12.307107,-0.033140449,-0.0069020815,12.098453,-17.408083,-0.040188697,-0.0050220014,11.73282,-16.887543
-0.046551131,0,8.7728873,-12.143872,-0.032916621,-0.0075553379,12.42473,-17.177546,-0.039917265,-0.0054973152,12.049394,-16.663814
-0.046219295,0,9.0006102,-11.976314,-0.032681977,-0.008200799,12.746613,-16.940891,-0.039632718,-0.0059669572,12.361707,-16.43415
-0.045872455,0,9.2251485,-11.804492,-0.032436725,-0.0088383054,13.063988,-16.698201,-0.039335306,-0.0064308112,12.669647,-16.198633
-0.045510907,0,9.4464223,-11.628467,-0.032181072,-0.0094677025,13.376741,-16.449563,-0.039025281,-0.0068887649,12.973105,-15.957346
-0.045134948,0,9.6643525,-11.448302,-0.031915228,-0.01008884,13.684761,-16.195064,-0.038702898,-0.0073407091,13.271972,-15.710375
-0.044744876,0,9.8788614,-11.26406,-0.031639405,-0.010701574,13.987939,-15.934795,-0.038368414,-0.0077865384,13.566142,-15.457807
-0.044340993,0,10.089873,-11.075807,-0.031353817,-0.011305764,14.286165,-15.668847,-0.038022088,-0.0082261507,13.85551,-15.199731
-0.043923604,0,10.29731,-10.883608,-0.031058679,-0.011901273,14.579334,-15.397316,-0.03766418,-0.0086594476,14.139972,-14.93624
-0.043493013,0,10.501101,-10.687533,-0.030754205,-0.012487973,14.86734,-15.120296,-0.037294951,-0.0090863341,14.419427,-14.667425
-0.043049529,0,10.701172,-10.487651,-0.030440615,-0.013065736,15.150082,-14.837887,-0.036914667,-0.0095067187,14.693776,-14.393383
-0.042593461,0,10.897451,-10.284031,-0.030118126,-0.013634442,15.427458,-14.550189,-0.036523591,-0.0099205133,14.96292,-14.114211
-0.042125119,0,11.089869,-10.076748,-0.029786958,-0.014193976,15.69937,-14.257303,-0.036121991,-0.010327634,15.226763,-13.830008
-0.041644815,0,11.278357,-9.8658734,-0.029447331,-0.014744225,15.965719,-13.959334,-0.035710134,-0.010727999,15.485211,-13.540874
-0.041152863,0,11.462847,-9.6514827,-0.029099469,-0.015285083,16.226412,-13.656386,-0.035288289,-0.011121531,15.738173,-13.246912
-0.040649577,0,11.643274,-9.4336518,-0.028743592,-0.015816449,16.481355,-13.348568,-0.034856724,-0.011508156,15.985557,-12.948225
-0.040135272,0,11.819573,-9.2124578,-0.028379924,-0.016338225,16.730457,-13.035988,-0.034415712,-0.011887804,16.227275,-12.644921
-0.039610266,0,11.991681,-8.9879793,-0.028008688,-0.01685032,16.973628,-12.718758,-0.033965523,-0.012260408,16.463241,-12.337107
-0.039074874,0,12.159536,-8.7602958,-0.027630109,-0.017352646,17.210784,-12.396989,-0.033506428,-0.012625904,16.693371,-12.024891
-0.038529415,0,12.32308,-8.529488,-0.027244411,-0.017845121,17.441837,-12.070797,-0.033038701,-0.012984232,16.917582,-11.708385
-0.037974207,0,12.482252,-8.2956379,-0.02685182,-0.018327667,17.666707,-11.740297,-0.032562614,-0.013335336,17.135795,-11.387701
-0.037409567,0,12.636997,-8.0588284,-0.026452559,-0.018800209,17.885312,-11.405606,-0.032078439,-0.013679161,17.34793,-11.062953
-0.036835815,0,12.787259,-7.8191434,-0.026046855,-0.019262681,18.097575,-11.066843,-0.03158645,-0.014015659,17.553914,-10.734255
-0.036253268,0,12.932985,-7.576668,-0.025634932,-0.019715018,18.30342,-10.724128,-0.031086921,-0.014344782,17.753671,-10.401725
-0.035662246,0,13.074121,-7.3314883,-0.025217017,-0.02015716,18.502772,-10.377583,-0.030580124,-0.014666488,17.947131,-10.065481
-0.035063067,0,13.210618,-7.0836912,-0.024793333,-0.020589054,18.695561,-10.027331,-0.030066332,-0.014980737,18.134224,-9.7256409
-0.034456048,0,13.342427,-6.8333646,-0.024364106,-0.021010649,18.881718,-9.6734959,-0.029545818,-0.015287492,18.314883,-9.3823269
-0.033841508,0,13.469501,-6.5805975,-0.02392956,-0.021421899,19.061177,-9.3162038,-0.029018854,-0.015586721,18.489044,-9.0356603
-0.033219763,0,13.591793,-6.3254795,-0.02348992,-0.021822764,19.233872,-8.9555814,-0.028485712,-0.015878393,18.656644,-8.6857642
-0.03259113,0,13.709261,-6.0681012,-0.023045409,-0.022213207,19.399743,-8.5917568,-0.027946663,-0.016162482,18.817624,-8.3327629
-0.031955923,0,13.821863,-5.8085539,-0.022596251,-0.022593196,19.558729,-8.2248591,-0.027401978,-0.016438965,18.971925,-7.9767816
-0.031314459,0,13.929557,-5.5469298,-0.022142667,-0.022962704,19.710774,-7.8550188,-0.026851927,-0.016707821,19.119494,-7.6179469
-0.030667049,0,14.032306,-5.2833217,-0.021684879,-0.023321706,19.855824,-7.4823671,-0.026296778,-0.016969033,19.260275,-7.2563862
-0.030014008,0,14.130072,-5.0178233,-0.021223109,-0.023670185,19.993826,-7.1070365,-0.025736799,-0.017222589,19.39422,-6.8922278
-0.029355645,0,14.222821,-4.7505289,-0.020757576,-0.024008125,20.124731,-6.7291602,-0.025172258,-0.017468476,19.52128,-6.5256012
-0.02869227,0,14.310518,-4.4815333,-0.020288499,-0.024335516,20.248492,-6.3488725,-0.024603419,-0.017706688,19.64141,-6.1566365
-0.028024193,0,14.393134,-4.2109321,-0.019816097,-0.024652352,20.365065,-5.9663085,-0.024030547,-0.01793722,19.754566,-5.7854649
-0.027351719,0,14.470638,-3.9388214,-0.019340587,-0.024958631,20.474408,-5.5816042,-0.023453906,-0.018160071,19.860708,-5.4122182
-0.026675155,0,14.543001,-3.6652978,-0.018862183,-0.025254355,20.576481,-5.1948962,-0.022873756,-0.018375242,19.959797,-5.037029
-0.025994802,0,14.610199,-3.3904585,-0.018381101,-0.025539531,20.671247,-4.806322,-0.022290359,-0.018582737,20.051799,-4.6600306
-0.025310963,0,14.672207,-3.1144011,-0.017897554,-0.025814167,20.758674,-4.4160196,-0.021703971,-0.018782565,20.136679,-4.281357
-0.024623936,0,14.729003,-2.8372237,-0.017411753,-0.02607828,20.838728,-4.0241278,-0.021114851,-0.018974735,20.214408,-3.9011428
-0.02393402,0,14.780565,-2.5590248,-0.016923908,-0.026331886,20.911382,-3.6307858,-0.020523253,-0.019159261,20.284958,-3.519523
-0.023241509,0,14.826876,-2.2799032,-0.016434229,-0.026575008,20.976609,-3.2361335,-0.01992943,-0.019336158,20.348302,-3.1366334
-0.022546697,0,14.867919,-1.9999581,-0.015942923,-0.026807672,21.034386,-2.8403111,-0.019333633,-0.019505446,20.404418,-2.7526099
-0.021849873,0,14.903679,-1.7192889,-0.015450194,-0.027029907,21.084691,-2.4434594,-0.018736112,-0.019667146,20.453286,-2.3675891
-0.021151326,0,14.934143,-1.4379954,-0.014956247,-0.027241747,21.127506,-2.0457194,-0.018137113,-0.019821282,20.494887,-1.9817079
-0.020451342,0,14.959299,-1.1561776,-0.014461283,-0.027443229,21.162816,-1.6472325,-0.017536881,-0.019967882,20.529208,-1.5951034
-0.019750203,0,14.979139,-0.87393554,-0.013965503,-0.027634393,21.190608,-1.2481404,-0.016935659,-0.020106974,20.556234,-1.207913
-0.019048189,0,14.993655,-0.5913696,-0.013469104,-0.027815284,21.210871,-0.84858501,-0.016333687,-0.020238592,20.575957,-0.82027443
-0.018345579,0,15.002842,-0.30858021,-0.012972284,-0.02798595,21.223598,-0.44870838,-0.015731204,-0.020362769,20.588368,-0.43232548
-0.017642646,0,15.006696,-0.025667878,-0.012475235,-0.028146441,21.228784,-0.048652695,-0.015128444,-0.020479544,20.593463,-0.044204082
-0.016939662,0,15.005215,0.25726683,-0.01197815,-0.028296813,21.226426,0.35143978,-0.01452564,-0.020588955,20.59124,0.34395175
-0.016236896,0,14.998401,0.54012335,-0.011481219,-0.028437122,21.216526,0.75142675,-0.013923023,-0.020691045,20.581699,0.73200401
-0.015534613,0,14.986254,0.8228011,-0.01098463,-0.028567431,21.199086,1.151166,-0.013320821,-0.020785859,20.564844,1.1198147
-0.014833076,0,14.96878,1.1051996,-0.010488569,-0.028687804,21.174113,1.5505153,-0.012719257,-0.020873443,20.540679,1.5072459
-0.014132543,0,14.945983,1.3872185,-0.0099932174,-0.028798308,21.141613,1.9493327,-0.012118556,-0.020953846,20.509213,1.8941598
-0.013433271,0,14.917873,1.6687574,-0.0094987574,-0.028899013,21.1016,2.3474762,-0.011518935,-0.02102712,20.470457,2.2804189
-0.012735512,0,14.884457,1.9497163,-0.0090053672,-0.028989994,21.054087,2.7448043,-0.010920611,-0.021093319,20.424425,2.6658857
-0.012039515,0,14.84575,2.2299953,-0.0085132229,-0.029071328,20.999089,3.1411757,-0.010323799,-0.021152497,20.371132,3.0504231
-0.011345525,0,14.801763,2.5094947,-0.0080224982,-0.029143093,20.936627,3.5364493,-0.0097287075,-0.021204714,20.310597,3.4338944
-0.010653785,0,14.752512,2.788115,-0.007533364,-0.029205372,20.866722,3.9304845,-0.0091355452,-0.021250029,20.24284,3.8161631
-0.0099645327,0,14.698014,3.0657573,-0.0070459891,-0.02925825,20.789399,4.3231411,-0.0085445163,-0.021288503,20.167887,4.1970933
-0.0092780031,0,14.638289,3.3423228,-0.0065605393,-0.029301815,20.704685,4.7142795,-0.0079558219,-0.021320201,20.085763,4.5765494
-0.008594427,0,14.573357,3.6177131,-0.006077178,-0.029336157,20.61261,5.1037604,-0.0073696603,-0.021345189,19.996497,4.9543965
-0.0079140317,0,14.503242,3.8918303,-0.0055960659,-0.02936137,20.513206,5.4914453,-0.0067862262,-0.021363534,19.900121,5.3305001
-0.0072370408,0,14.427968,4.1645768,-0.005117361,-0.029377548,20.406508,5.8771962,-0.0062057112,-0.021375306,19.796668,5.7047264
-0.0065636737,0,14.347562,4.4358556,-0.0046412186,-0.029384791,20.292553,6.2608759,-0.0056283037,-0.021380575,19.686174,6.0769422
-0.0058941461,0,14.262051,4.7055703,-0.0041677911,-0.029383198,20.171383,6.6423477,-0.0050541886,-0.021379416,19.56868,6.4470151
-0.0052286699,0,14.171467,4.9736248,-0.0036972283,-0.029372872,20.043039,7.0214761,-0.0044835474,-0.021371903,19.444226,6.8148135
-0.0045674526,0,14.075841,5.2399239,-0.0032296771,-0.029353917,19.907567,7.3981259,-0.0039165583,-0.021358111,19.312856,7.1802063
-0.0039106982,0,13.975207,5.5043727,-0.0027652816,-0.029326442,19.765015,7.7721633,-0.003353396,-0.02133812,19.174617,7.5430637
-0.0032586062,0,13.8696,5.7668773,-0.002304183,-0.029290555,19.615433,8.1434549,-0.0027942317,-0.021312009,19.029557,7.9032563
-0.0026113723,0,13.759058,6.0273441,-0.0018465195,-0.029246367,19.458874,8.5118688,-0.0022392332,-0.021279857,18.877728,8.2606562
-0.0019691879,0,13.64362,6.2856805,-0.0013924265,-0.029193992,19.295393,8.8772737,-0.0016885646,-0.021241749,18.719184,8.615136
-0.0013322404,0,13.523327,6.5417946,-0.00094203661,-0.029133545,19.125049,9.2395396,-0.0011423866,-0.021197767,18.55398,8.9665695
-0.0007007128,0,13.398222,6.7955952,-0.00049547919,-0.029065142,18.947901,9.5985374,-0.00060085621,-0.021147997,18.382175,9.3148317
-7.4784172e-05,0,13.268348,7.046992,-5.2880812e-05,-0.028988904,18.764013,9.9541395,-6.4126841e-05,-0.021092525,18.20383,9.6597986
0.00054537083,0,13.133752,7.2958955,0.00038563499,-0.028904949,18.573448,10.306219,0.00046765168,-0.021031439,18.019008,10.001347
0.0011595817,0,12.994481,7.5422172,0.0008199477,-0.0288134,18.376276,10.654651,0.0009943332,-0.020964827,17.827775,10.339356
0.0017676824,0,12.850585,7.7858693,0.0012499398,-0.028714381,18.172565,10.999311,0.0015157752,-0.02089278,17.630198,10.673706
0.0023695109,0,12.702115,8.0267652,0.0016754968,-0.028608016,17.962388,11.340077,0.0020318389,-0.020815389,17.426346,11.004275
0.0029649096,0,12.549123,8.2648191,0.0020965073,-0.028494433,17.745819,11.676826,0.0025423891,-0.020732745,17.216293,11.330949
0.0035537253,0,12.391663,8.4999462,0.0025128628,-0.02837376,17.522935,12.00944,0.0030472944,-0.020644942,17.000113,11.653609
0.004135809,0,12.229792,8.7320629,0.0029244582,-0.028246126,17.293815,12.3378,0.003546427,-0.020552075,16.777883,11.972141
0.0047110162,0,12.063566,8.9610864,0.0033311911,-0.02811166,17.058541,12.661788,0.0040396631,-0.020454237,16.549681,12.286431
0.0052792065,0,11.893046,9.1869353,0.0037329623,-0.027970496,16.817194,12.98129,0.0045268823,-0.020351525,16.315587,12.596369
0.0058402441,0,11.71829,9.4095292,0.0041296758,-0.027822766,16.569862,13.296191,0.0050079681,-0.020244035,16.075686,12.901842
0.0063939974,0,11.539362,9.6287887,0.0045212385,-0.027668603,16.316632,13.60638,0.0054828076,-0.020131865,15.830062,13.202743
0.0069403394,0,11.356324,9.8446358,0.0049075606,-0.027508142,16.057594,13.911746,0.005951292,-0.020015113,15.578803,13.498964
0.0074791471,0,11.169242,10.056994,0.0052885552,-0.02734152,15.792839,14.21218,0.0064133158,-0.019893878,15.321997,13.7904
0.0080103021,0,10.978182,10.265787,0.0056641385,-0.027168873,15.522462,14.507575,0.0068687774,-0.019768258,15.059735,14.076947
0.0085336903,0,10.783212,10.47094,0.0060342299,-0.026990337,15.246558,14.797825,0.0073175791,-0.019638354,14.792111,14.358502
0.0090492021,0,10.5844,10.672382,0.0063987518,-0.026806052,14.965225,15.082829,0.0077596268,-0.019504267,14.51922,14.634966
0.009556732,0,10.381819,10.870039,0.0067576296,-0.026616156,14.678563,15.362483,0.0081948301,-0.019366098,14.241158,14.906241
0.010056179,0,10.175538,11.063842,0.007110792,-0.026420788,14.386674,15.636688,0.0086231024,-0.019223946,13.958024,15.172228
0.010547446,0,9.9656326,11.253721,0.0074581705,-0.026220088,14.089662,15.905347,0.0090443608,-0.019077916,13.669919,15.432834
0.011030442,0,9.7521762,11.439609,0.0077996999,-0.026014197,13.787631,16.168364,0.009458526,-0.018928108,13.376944,15.687966
0.011505077,0,9.5352448,11.621439,0.0081353178,-0.025803254,13.48069,16.425645,0.0098655225,-0.018774625,13.079205,15.937533
0.011971269,0,9.3149154,11.799148,0.0084649651,-0.025587402,13.168946,16.677098,0.010265279,-0.018617569,12.776805,16.181445
0.012428937,0,9.0912664,11.97267,0.0087885855,-0.025366782,12.852511,16.922633,0.010657726,-0.018457044,12.469854,16.419616
0.012878007,0,8.864377,12.141946,0.0091061258,-0.025141535,12.531497,17.162164,0.0110428,-0.018293153,12.15846,16.651962
0.013318408,0,8.6343279,12.306913,0.0094175359,-0.024911802,12.206018,17.395605,0.01142044,-0.018125998,11.842733,16.878398
0.013750072,0,8.4012008,12.467514,0.0097227685,-0.024677727,11.87619,17.622872,0.011790589,-0.017955683,11.522786,17.098845
0.014172937,0,8.1650785,12.623691,0.010021779,-0.02443945,11.542129,17.843884,0.012153193,-0.017782311,11.198731,17.313223
0.014586945,0,7.9260448,12.775389,0.010314527,-0.024197114,11.203955,18.058563,0.012508202,-0.017605986,10.870685,17.521457
0.014992042,0,7.6841848,12.922553,0.010600974,-0.023950861,10.861787,18.266832,0.01285557,-0.01742681,10.538764,17.723472
0.015388177,0,7.4395843,13.065131,0.010881084,-0.023700831,10.515746,18.468617,0.013195253,-0.017244887,10.203086,17.919196
0.015775305,0,7.1923302,13.203072,0.011154824,-0.023447168,10.165957,18.663846,0.013527212,-0.01706032,9.8637692,18.108559
0.016153383,0,6.9425104,13.336327,0.011422166,-0.023190011,9.8125428,18.852449,0.013851412,-0.016873211,9.5209351,18.291494
0.016522374,0,6.6902136,13.464849,0.011683082,-0.022929503,9.4556291,19.034358,0.014167819,-0.016683663,9.1747051,18.467935
0.016882243,0,6.4355295,13.58859,0.011937548,-0.022665783,9.0953428,19.20951,0.014476404,-0.016491779,8.8252024,18.637819
0.017232962,0,6.1785486,13.707509,0.012185544,-0.022398993,8.7318119,19.377841,0.014777143,-0.016297661,8.4725511,18.801087
0.017574503,0,5.9193622,13.821561,0.01242705,-0.022129272,8.3651655,19.539291,0.015070012,-0.01610141,8.1168765,18.957678
0.017906846,0,5.6580625,13.930706,0.012662052,-0.021856759,7.9955339,19.693802,0.015354994,-0.015903128,7.7583049,19.107539
0.018229971,0,5.3947422,14.034905,0.012890536,-0.021581594,7.6230484,19.84132,0.015632071,-0.015702915,7.3969638,19.250614
0.018543864,0,5.129495,14.134122,0.013112492,-0.021303914,7.2478414,19.981792,0.015901232,-0.015500873,7.0329816,19.386853
0.018848515,0,4.8624152,14.228319,0.013327913,-0.021023857,6.8700462,20.115167,0.016162469,-0.015297102,6.6664876,19.516207
0.019143917,0,4.5935977,14.317465,0.013536793,-0.02074156,6.4897971,20.241398,0.016415774,-0.015091701,6.297612,19.638631
0.019430067,0,4.323138,14.401527,0.013739132,-0.02045716,6.1072291,20.36044,0.016661145,-0.01488477,5.926486,19.754079
0.019706966,0,4.0511324,14.480475,0.013934929,-0.020170791,5.7224782,20.47225,0.016898584,-0.014676406,5.5532415,19.862512
0.019974617,0,3.7776774,14.55428,0.014124186,-0.019882589,5.3356812,20.576788,0.017128093,-0.014466708,5.178011,19.963889
0.020233028,0,3.5028703,14.622917,0.014306911,-0.019592686,4.9469755,20.674017,0.017349678,-0.014255773,4.800928,20.058176
0.020482211,0,3.2268088,14.68636,0.01448311,-0.019301217,4.5564993,20.763902,0.017563351,-0.014043698,4.4221265,20.145338
0.020722181,0,2.949591,14.744588,0.014652794,-0.019008312,4.1643914,20.84641,0.017769124,-0.013830578,4.0417412,20.225343
0.020952955,0,2.6713156,14.797579,0.014815976,-0.018714103,3.7707911,20.921512,0.017967011,-0.01361651,3.6599072,20.298164
0.021174556,0,2.3920813,14.845313,0.014972672,-0.018418719,3.3758383,20.989182,0.018157032,-0.013401586,3.2767603,20.363774
0.021387009,0,2.1119877,14.887775,0.015122899,-0.01812229,2.9796735,21.049394,0.018339209,-0.013185902,2.8924367,20.422149
0.021590341,0,1.8311341,14.924948,0.015266676,-0.017824942,2.5824374,21.102128,0.018513565,-0.01296955,2.5070731,20.473269
0.021784585,0,1.5496206,14.95682,0.015404027,-0.017526803,2.1842713,21.147364,0.018680128,-0.012752622,2.1208063,20.517115
0.021969775,0,1.2675471,14.983379,0.015534976,-0.017227997,1.7853167,21.185086,0.018838927,-0.012535209,1.7337738,20.553671
0.022145949,0,0.98501406,15.004615,0.01565955,-0.016928649,1.3857155,21.21528,0.018989994,-0.012317401,1.3461132,20.582924
0.022313147,0,0.70212188,15.02052,0.015777777,-0.016628881,0.98560968,21.237935,0.019133366,-0.012099288,0.95796224,20.604863
0.022471415,0,0.41897119,15.031089,0.01588969,-0.016328816,0.58514155,21.253043,0.01926908,-0.011880958,0.56945899,20.619481
0.0226208,0,0.13566269,15.036318,0.01599532,-0.016028572,0.18445347,21.260599,0.019397176,-0.011662499,0.18074158,20.626772
0.02276135,0,-0.14770288,15.036204,0.016094704,-0.01572827,-0.21631207,21.260599,0.019517696,-0.011443997,-0.20805178,20.626733
0.022893119,0,-0.43102472,15.030748,0.016187879,-0.015428026,-0.6170126,21.253043,0.019630688,-0.011225537,-0.59678283,20.619364
0.023016163,0,-0.71420207,15.019952,0.016274884,-0.015127956,-1.0175056,21.237934,0.019736197,-0.011007204,-0.98531333,20.604668
0.02313054,0,-0.9971342,15.003819,0.016355761,-0.014828175,-1.4176487,21.215276,0.019834274,-0.010789082,-1.3735051,20.582648
0.023236311,0,-1.2797205,14.982354,0.016430552,-0.014528797,-1.8172996,21.185079,0.019924972,-0.010571252,-1.7612202,20.553314
0.02333354,0,-1.5618604,14.955565,0.016499304,-0.014229932,-2.2163162,21.147351,0.020008345,-0.010353796,-2.1483206,20.516674
0.023422294,0,-1.8434536,14.923462,0.016562062,-0.01393169,-2.6145566,21.102107,0.020084451,-0.010136793,-2.5346687,20.472743
0.023502641,0,-2.1243999,14.886055,0.016618876,-0.013634181,-3.0118791,21.049361,0.020153348,-0.0099203232,-2.9201271,20.421535
0.023574653,0,-2.4045994,14.843358,0.016669797,-0.01333751,-3.4081425,20.989134,0.020215098,-0.0097044637,-3.3045587,20.363068
0.023638404,0,-2.6839524,14.795386,0.016714875,-0.013041784,-3.8032058,20.921445,0.020269764,-0.0094892912,-3.6878267,20.297363
0.02369397,0,-2.9623594,14.742156,0.016754166,-0.012747105,-4.1969285,20.846319,0.020317411,-0.009274881,-4.0697949,20.224443
0.023741429,0,-3.2397216,14.683687,0.016787725,-0.012453577,-4.5891706,20.763783,0.020358108,-0.0090613074,-4.4503274,20.144334
0.023780863,0,-3.5159401,14.619998,0.016815609,-0.012161298,-4.9797926,20.673864,0.020391922,-0.0088486433,-4.8292888,20.057064
0.023812354,0,-3.7909168,14.551114,0.016837877,-0.011870368,-5.3686555,20.576596,0.020418925,-0.0086369605,-5.2065443,19.962664
0.023835988,0,-4.0645537,14.477057,0.016854588,-0.011580883,-5.755621,20.472013,0.020439191,-0.0084263294,-5.5819598,19.861167
0.023851852,0,-4.3367536,14.397854,0.016865806,-0.011292939,-6.1405515,20.36015,0.020452794,-0.0082168191,-5.9554017,19.752609
0.023860034,0,-4.6074196,14.313534,0.016871591,-0.011006628,-6.5233101,20.241049,0.02045981,-0.0080084978,-6.3267371,19.637028
0.023860627,0,-4.8764553,14.224125,0.01687201,-0.010722043,-6.9037605,20.114751,0.020460319,-0.007801432,-6.6958339,19.514466
0.023853722,0,-5.1437651,14.129661,0.016867128,-0.010439274,-7.2817674,19.981301,0.020454398,-0.007595687,-7.0625609,19.384966
0.023839416,0,-5.4092538,14.030173,0.016857012,-0.010158408,-7.6571965,19.840746,0.020442131,-0.0073913269,-7.4267875,19.248573
0.023817804,0,-5.672827,13.925698,0.016841731,-0.0098795314,-8.0299141,19.693136,0.020423599,-0.0071884144,-7.7883842,19.105336
0.023788986,0,-5.9343908,13.816272,0.016821353,-0.0096027287,-8.3997875,19.538524,0.020398887,-0.0069870108,-8.1472224,18.955306
0.023753061,0,-6.1938523,13.701934,0.01679595,-0.0093280824,-8.7666854,19.376963,0.020368082,-0.0067871763,-8.5031743,18.798536
0.02371013,0,-6.451119,13.582724,0.016765594,-0.0090556733,-9.130477,19.208511,0.020331269,-0.0065889696,-8.8561133,18.635081
0.023660298,0,-6.7060994,13.458686,0.016730357,-0.00878558,-9.4910329,19.033229,0.020288538,-0.0063924479,-9.2059139,18.464999
0.023603668,0,-6.9587027,13.329862,0.016690313,-0.0085178796,-9.8482249,18.851177,0.020239978,-0.0061976672,-9.5524515,18.288351
0.023540346,0,-7.2088392,13.196299,0.016645538,-0.008252647,-10.201926,18.662421,0.02018568,-0.0060046822,-9.8956029,18.105199
0.023470441,0,-7.4564196,13.058043,0.016596107,-0.0079899556,-10.55201,18.467028,0.020125737,-0.005813546,-10.235246,17.915609
0.02339406,0,-7.701356,12.915145,0.016542098,-0.0077298764,-10.898353,18.265067,0.020060241,-0.0056243107,-10.57126,17.719646
0.023311314,0,-7.9435611,12.767654,0.016483588,-0.007472479,-11.240831,18.056609,0.019989287,-0.0054370265,-10.903525,17.517382
0.023222313,0,-8.1829488,12.615622,0.016420655,-0.0072178308,-11.579322,17.841729,0.019912969,-0.0052517427,-11.231923,17.308887
0.023127171,0,-8.4194337,12.459105,0.016353379,-0.0069659973,-11.913707,17.620502,0.019831385,-0.0050685069,-11.556337,17.094236
0.023025999,0,-8.6529319,12.298157,0.01628184,-0.0067170422,-12.243865,17.393007,0.019744632,-0.0048873655,-11.876651,16.873505
0.022918913,0,-8.88336,12.132835,0.016206119,-0.0064710272,-12.56968,17.159326,0.019652806,-0.0047083633,-12.192753,16.646771
0.022806028,0,-9.1106362,11.963198,0.016126297,-0.0062280122,-12.891035,16.91954,0.019556008,-0.0045315439,-12.504528,16.414117
0.02268746,0,-9.3346795,11.789306,0.016042456,-0.0059880551,-13.207817,16.673736,0.019454336,-0.0043569495,-12.811867,16.175623
0.022563325,0,-9.5554101,11.611221,0.01595468,-0.0057512118,-13.519912,16.421999,0.019347892,-0.0041846207,-13.114659,15.931376
0.022433742,0,-9.7727494,11.429007,0.015863051,-0.0055175363,-13.827209,16.16442,0.019236775,-0.0040145968,-13.412798,15.68146
0.022298829,0,-9.9866202,11.242727,0.015767653,-0.005287081,-14.129599,15.90109,0.019121088,-0.0038469159,-13.706176,15.425966
0.022158704,0,-10.196946,11.052448,0.01566857,-0.0050598959,-14.426975,15.632103,0.019000932,-0.0036816145,-13.99469,15.164984
0.022013488,0,-10.403652,10.858238,0.015565886,-0.0048360295,-14.71923,15.357553,0.018876411,-0.0035187277,-14.278236,14.898606
0.021863301,0,-10.606666,10.660165,0.015459688,-0.004615528,-15.00626,15.077539,0.018747626,-0.0033582894,-14.556714,14.626928
0.021708264,0,-10.805913,10.4583,0.01535006,-0.0043984362,-15.287964,14.79216,0.018614682,-0.0032003318,-14.830025,14.350045
0.021548496,0,-11.001324,10.252714,0.015237088,-0.0041847965,-15.564241,14.501517,0.018477683,-0.0030448861,-15.098072,14.068056
0.021384122,0,-11.192829,10.04348,0.015120857,-0.0039746496,-15.834992,14.205714,0.018336733,-0.0028919818,-15.360758,13.78106
0.021215261,0,-11.38036,9.8306737,0.015001454,-0.0037680346,-16.100121,13.904855,0.018191936,-0.0027416473,-15.61799,13.489161
0.021042036,0,-11.56385,9.6143691,0.014878966,-0.0035649882,-16.359534,13.599047,0.018043397,-0.0025939094,-15.869677,13.192462
0.02086457,0,-11.743233,9.3946436,0.014753478,-0.0033655457,-16.613139,13.2884,0.017891221,-0.0024487936,-16.11573,12.891067
0.020682984,0,-11.918446,9.1715752,0.014625078,-0.0031697402,-16.860845,12.973023,0.017735513,-0.0023063242,-16.35606,12.585085
0.020497402,0,-12.089426,8.945243,0.014493852,-0.0029776031,-17.102563,12.653028,0.017576378,-0.0021665239,-16.590582,12.274623
0.020307947,0,-12.256113,8.7157276,0.014359887,-0.002789164,-17.338209,12.328529,0.017413921,-0.0020294143,-16.819212,11.959792
0.02011474,0,-12.418447,8.4831103,0.014223269,-0.0026044506,-17.567697,11.999641,0.017248248,-0.0018950156,-17.041869,11.640704
0.019917906,0,-12.57637,8.2474738,0.014084086,-0.0024234888,-17.790947,11.666481,0.017079463,-0.0017633465,-17.258474,11.317472
0.019717565,0,-12.729826,8.0089018,0.013942424,-0.0022463026,-18.007878,11.329168,0.016907673,-0.0016344246,-17.46895,10.990211
0.019513841,0,-12.87876,7.7674791,0.013798369,-0.0020729144,-18.218413,10.987821,0.016732981,-0.0015082662,-17.673221,10.659038
0.019306857,0,-13.023119,7.5232914,0.013652009,-0.0019033446,-18.422478,10.642562,0.016555493,-0.0013848861,-17.871215,10.324069
0.019096733,0,-13.162853,7.2764254,0.013503429,-0.0017376121,-18.62,10.293513,0.016375313,-0.0012642979,-18.062861,9.9854242
0.018883592,0,-13.29791,7.0269688,0.013352716,-0.0015757337,-18.810908,9.9407982,0.016192547,-0.0011465141,-18.248091,9.6432236
0.018667556,0,-13.428243,6.7750103,0.013199955,-0.0014177248,-18.995134,9.584543,0.016007297,-0.0010315457,-18.426839,9.2975888
0.018448745,0,-13.553805,6.5206394,0.013045232,-0.0012635988,-19.172613,9.224874,0.015819668,-0.00091940262,-18.599042,8.9486426
0.01822728,0,-13.674552,6.2639464,0.012888633,-0.0011133676,-19.343281,8.8619189,0.015629764,-0.00081009336,-18.764637,8.5965091
0.018003282,0,-13.790441,6.0050225,0.012730242,-0.00096704128,-19.507078,8.4958068,0.015437687,-0.00070362532,-18.923566,8.2413132
0.01777687,0,-13.90143,5.7439598,0.012570145,-0.00082462829,-19.663945,8.1266678,0.01524354,-0.00060000465,-19.075773,7.8831814
0.017548164,0,-14.007479,5.480851,0.012408425,-0.00068613541,-19.813827,7.754633,0.015047426,-0.00049923628,-19.221202,7.5222407
0.017317281,0,-14.108552,5.2157895,0.012245166,-0.00055156779,-19.956669,7.3798346,0.014849446,-0.00040132395,-19.359803,7.1586195
0.017084341,0,-14.204611,4.9488696,0.012080453,-0.00042092895,-20.092421,7.0024059,0.014649701,-0.00030627023,-19.491525,6.792447
0.01684946,0,-14.295623,4.6801861,0.011914367,-0.0002942208,-20.221034,6.622481,0.014448293,-0.00021407651,-19.616322,6.4238533
0.016612755,0,-14.381555,4.4098344,0.011746991,-0.00017144368,-20.342464,6.2401949,0.01424532,-0.00012474304,-19.734149,6.0529695
0.016374342,0,-14.462377,4.1379107,0.011578408,-5.259636e-05,-20.456665,5.8556835,0.014040883,-3.8268909e-05,-19.844964,5.6799273
0.016134337,0,-14.538059,3.8645116,0.011408699,6.2323945e-05,-20.563598,5.4690834,0.01383508,4.5347894e-05,-19.948728,5.3048593
0.015892853,0,-14.608575,3.5897342,0.011237944,0.00017332154,-20.663224,5.0805321,0.013628009,0.0001261105,-20.045404,4.9278988
0.015650004,0,-14.673899,3.3136762,0.011066224,0.00028040222,-20.755508,4.6901676,0.013419768,0.00020402315,-20.134957,4.5491798
0.015405903,0,-14.734008,3.0364357,0.010893618,0.00038357329,-20.840417,4.2981288,0.013210453,0.00027909113,-20.217354,4.168837
0.015160662,0,-14.788881,2.7581112,0.010720206,0.00048284351,-20.917921,3.9045549,0.01300016,0.00035132082,-20.292568,3.7870054
0.01491439,0,-14.838498,2.4788017,0.010546066,0.00057822305,-20.987991,3.5095859,0.012788984,0.00042071963,-20.36057,3.4038208
0.014667199,0,-14.882841,2.1986063,0.010371275,0.00066972355,-21.050603,3.1133622,0.012577019,0.00048729602,-20.421336,3.0194195
0.014419196,0,-14.921894,1.9176247,0.010195911,0.000757358,-21.105735,2.7160246,0.012364358,0.00055105945,-20.474845,2.633938
0.014170489,0,-14.955644,1.6359568,0.010020049,0.0008411408,-21.153366,2.3177143,0.012151094,0.00061202039,-20.521078,2.2475135
0.013921186,0,-14.984078,1.3537026,0.0098437644,0.00092108766,-21.193479,1.918573,0.011937318,0.00067019028,-20.560018,1.8602831
0.013671391,0,-15.007186,1.0709625,0.0096671327,0.00099721566,-21.226061,1.5187426,0.011723121,0.00072558153,-20.59165,1.4723847
0.013421209,0,-15.02496,0.78783706,0.0094902272,0.0010695432,-21.251099,1.1183651,0.011508591,0.00077820752,-20.615965,1.0839561
0.013170743,0,-15.037394,0.50442681,0.0093131209,0.0011380898,-21.268584,0.71758303,0.011293819,0.00082808252,-20.632952,0.69513536
0.012920095,0,-15.044482,0.22083252,0.0091358861,0.0012028765,-21.278511,0.31653873,0.01107889,0.00087522175,-20.642605,0.30606073
0.012669366,0,-15.046222,-0.062844999,0.0089585939,0.0012639253,-21.280874,-0.08462516,0.010863891,0.00091964131,-20.644922,-0.08312946
0.012418655,0,-15.042613,-0.3465049,0.0087813148,0.0013212597,-21.275674,-0.48576603,0.010648909,0.00096135819,-20.639901,-0.47229686
0.012168061,0,-15.033658,-0.63004636,0.0086041182,0.0013749041,-21.262912,-0.88674125,0.010434026,0.0010003902,-20.627543,-0.86130311
0.011917681,0,-15.019357,-0.91336858,0.0084270727,0.0014248842,-21.242593,-1.2874083,0.010219327,0.0010367561,-20.607854,-1.2500099
0.01166761,0,-14.999718,-1.1963708,0.0082502461,0.0014712268,-21.214723,-1.6876246,0.010004894,0.0010704753,-20.580839,-1.638279
0.011417944,0,-14.974746,-1.4789525,0.0080737049,0.0015139599,-21.179312,-2.087248,0.0097908059,0.0011015682,-20.546509,-2.0259725
0.011168773,0,-14.944451,-1.7610132,0.007897515,0.0015531125,-21.136373,-2.4861363,0.0095771443,0.0011300559,-20.504875,-2.4129524
0.010920192,0,-14.908843,-2.0424526,0.0077217412,0.0015887145,-21.085921,-2.8841478,0.0093639872,0.0011559602,-20.455952,-2.7990812
0.010672288,0,-14.867934,-2.3231706,0.0075464471,0.0016207972,-21.027974,-3.2811408,0.0091514119,0.0011793038,-20.399758,-3.1842215
0.010425152,0,-14.82174,-2.6030674,0.0073716956,0.0016493926,-20.962551,-3.6769743,0.0089394945,0.00120011,-20.336311,-3.5682365
0.010178871,0,-14.770276,-2.8820436,0.0071975484,0.0016745338,-20.889677,-4.0715074,0.0087283101,0.0012184029,-20.265636,-3.9509896
0.0099335304,0,-14.71356,-3.1599999,0.0070240663,0.0016962548,-20.809377,-4.4646,0.0085179321,0.0012342072,-20.187756,-4.3323446
0.0096892147,0,-14.651613,-3.4368376,0.006851309,0.0017145906,-20.72168,-4.8561121,0.0083084331,0.0012475485,-20.102699,-4.7121661
0.0094460068,0,-14.584457,-3.7124581,0.006679335,0.0017295771,-20.626616,-5.2459046,0.0080998841,0.0012584527,-20.010495,-5.0903188
0.0092039882,0,-14.512115,-3.9867635,0.0065082021,0.001741251,-20.524219,-5.6338389,0.0078923548,0.0012669467,-19.911178,-5.4666685
0.0089632389,0,-14.434614,-4.2596564,0.0063379666,0.0017496499,-20.414526,-6.019777,0.007685914,0.0012730578,-19.804781,-5.8410812
0.0087238372,0,-14.35198,-4.5310395,0.006168684,0.0017548122,-20.297575,-6.4035817,0.0074806287,0.001276814,-19.691344,-6.2134237
0.0084858599,0,-14.264242,-4.8008165,0.0060004087,0.0017567772,-20.173408,-6.7851164,0.0072765649,0.0012782437,-19.570905,-6.5835638
0.0082493824,0,-14.171433,-5.0688914,0.0058331938,0.0017555848,-20.042069,-7.1642456,0.0070737871,0.0012773761,-19.443509,-6.9513697
0.0080144784,0,-14.073585,-5.3351688,0.0056670916,0.0017512758,-19.903604,-7.5408343,0.0068723586,0.0012742409,-19.309199,-7.3167107
0.00778122,0,-13.970732,-5.5995542,0.005502153,0.0017438917,-19.758063,-7.9147486,0.0066723411,0.0012688681,-19.168024,-7.6794567
0.0075496777,0,-13.862911,-5.8619535,0.0053384279,0.0017334745,-19.605497,-8.2858556,0.0064737953,0.0012612885,-19.020034,-8.0394789
0.0073199207,0,-13.75016,-6.1222733,0.0051759651,0.0017200672,-19.44596,-8.6540233,0.0062767803,0.0012515333,-18.86528,-8.3966492
0.0070920161,0,-13.63252,-6.3804212,0.0050148123,0.0017037132,-19.279509,-9.0191207,0.0060813537,0.001239634,-18.703819,-8.7508406
0.0068660299,0,-13.510032,-6.6363053,0.0048550159,0.0016844566,-19.106203,-9.381018,0.0058875721,0.0012256228,-18.535708,-9.1019271
0.0066420262,0,-13.38274,-6.8898346,0.0046966213,0.0016623421,-18.926104,-9.7395864,0.0056954905,0.0012095321,-18.361005,-9.4497837
0.0064200674,0,-13.250688,-7.1409189,0.0045396728,0.0016374148,-18.739275,-10.094698,0.0055051624,0.0011913948,-18.179774,-9.7942869
0.0062002145,0,-13.113924,-7.3894691,0.0043842133,0.0016097207,-18.545783,-10.446228,0.0053166402,0.0011712444,-17.992078,-10.135314
0.0059825269,0,-12.972496,-7.6353965,0.0042302849,0.0015793059,-18.345696,-10.794049,0.0051299745,0.0011491144,-17.797984,-10.472744
0.0057670621,0,-12.826454,-7.8786139,0.0040779283,0.0015462173,-18.139085,-11.13804,0.004945215,0.0011250389,-17.597561,-10.806456
0.0055538761,0,-12.675851,-8.1190347,0.0039271831,0.0015105022,-17.926024,-11.478076,0.0047624096,0.0010990523,-17.39088,-11.136333
0.0053430235,0,-12.520739,-8.3565734,0.0037780877,0.0014722082,-17.706589,-11.814038,0.0045816049,0.0010711894,-17.178014,-11.462256
0.0051345568,0,-12.361175,-8.5911455,0.0036306795,0.0014313834,-17.480857,-12.145805,0.0044028462,0.001041485,-16.95904,-11.78411
0.0049285272,0,-12.197214,-8.8226676,0.0034849946,0.0013880763,-17.248909,-12.47326,0.0042261773,0.0010099744,-16.734034,-12.10178
0.0047249843,0,-12.028914,-9.0510574,0.003341068,0.0013423358,-17.010826,-12.796287,0.0040516406,0.00097669334,-16.503078,-12.415153
0.0045239757,0,-11.856336,-9.2762335,0.0031989335,0.0012942111,-16.766694,-13.11477,0.0038792772,0.00094167747,-16.266252,-12.724118
0.0043255478,0,-11.679541,-9.498116,0.0030586238,0.0012437517,-16.516599,-13.428596,0.0037091267,0.00090496285,-16.023641,-13.028565
0.0041297452,0,-11.498592,-9.7166258,0.0029201704,0.0011910074,-16.26063,-13.737653,0.0035412273,0.00086658571,-15.775331,-13.328386
0.0039366106,0,-11.313552,-9.9316853,0.0027836037,0.0011360282,-15.998878,-14.041832,0.0033756158,0.00082658249,-15.52141,-13.623473
0.0037461856,0,-11.124488,-10.143218,0.0026489528,0.0010788645,-15.731436,-14.341024,0.0032123277,0.0007849898,-15.261969,-13.913722
0.0035585097,0,-10.931467,-10.351149,0.0025162459,0.0010195668,-15.458398,-14.635122,0.0030513969,0.0007418444,-14.997099,-14.19903
0.003373621,0,-10.734557,-10.555403,0.0023855099,0.0009581859,-15.179863,-14.924023,0.0028928562,0.00069718321,-14.726895,-14.479295
0.0031915561,0,-10.533828,-10.755909,0.0022567705,0.00089477261,-14.895928,-15.207624,0.0027367368,0.00065104327,-14.451453,-14.754418
0.0030123497,0,-10.329353,-10.952595,0.0021300525,0.00082937802,-14.606695,-15.485822,0.0025830686,0.00060346171,-14.17087,-15.0243
0.0028360351,0,-10.121202,-11.145391,0.0020053793,0.00076205331,-14.312266,-15.758521,0.0024318801,0.00055447579,-13.885247,-15.288846
0.0026626441,0,-9.9094507,-11.334228,0.0018827733,0.00069284976,-14.012746,-16.025622,0.0022831985,0.00050412282,-13.594684,-15.547961
0.0024922066,0,-9.6941739,-11.51904,0.0017622558,0.00062181875,-13.708242,-16.28703,0.0021370496,0.00045244016,-13.299286,-15.801553
0.0023247512,0,-9.4754482,-11.69976,0.0016438469,0.0005490117,-13.398862,-16.542653,0.0019934578,0.00039946525,-12.999156,-16.049532
0.0021603048,0,-9.2533511,-11.876324,0.0015275658,0.00047448007,-13.084715,-16.792399,0.0018524461,0.00034523553,-12.694402,-16.29181
0.0019988928,0,-9.0279617,-12.048669,0.0014134303,0.00039827536,-12.765913,-17.03618,0.0017140365,0.00028978845,-12.385131,-16.528301
0.0018405391,0,-8.7993601,-12.216735,0.0013014573,0.00032044904,-12.442569,-17.273908,0.0015782493,0.00023316149,-12.071455,-16.75892
0.0016852658,0,-8.5676274,-12.380461,0.0011916625,0.00024105257,-12.114799,-17.5055,0.0014451036,0.00017539207,-11.753483,-16.983585
0.0015330939,0,-8.3328461,-12.539788,0.0010840607,0.00016013735,-11.782719,-17.730873,0.0013146172,0.0001165176,-11.43133,-17.202217
0.0013840425,0,-8.0950995,-12.694661,0.00097866543,7.7754746e-05,-11.446446,-17.949946,0.0011868067,5.6575452e-05,-11.105109,-17.414737
0.0012381294,0,-7.8544722,-12.845025,0.00087548928,-6.0440004e-06,-11.106101,-18.162642,0.0010616873,-4.3970924e-06,-10.774937,-17.62107
0.0010953708,0,-7.6110498,-12.990824,0.00077454372,-9.1207732e-05,-10.761804,-18.368885,0.00093927278,-6.6362809e-05,-10.440931,-17.821143
0.00095578154,0,-7.3649186,-13.132009,0.0006758392,-0.00017768542,-10.413678,-18.568602,0.00081957596,-0.00012928457,-10.10321,-18.014884
0.00081937488,0,-7.1161662,-13.268528,0.00057938513,-0.00026542619,-10.061846,-18.761721,0.00070260822,-0.00019312536,-9.7618934,-18.202225
0.0006861627,0,-6.864881,-13.400333,0.00048518989,-0.00035437931,-9.7064336,-18.948173,0.00058837972,-0.00025784826,-9.4171026,-18.383098
0.00055615541,0,-6.6111523,-13.527378,0.00039326085,-0.00044449425,-9.3475667,-19.127893,0.00047689938,-0.00032341651,-9.0689604,-18.557439
0.000429362,0,-6.3550704,-13.649616,0.00030360437,-0.00053572068,-8.985373,-19.300817,0.00036817493,-0.00038979348,-8.7175904,-18.725187
0.00030579005,0,-6.0967261,-13.767004,0.00021622581,-0.00062800846,-8.6199813,-19.466882,0.00026221287,-0.00045694271,-8.3631175,-18.886281
0.00018544577,0,-5.8362114,-13.879501,0.00013112955,-0.00072130773,-8.2515213,-19.62603,0.00015901849,-0.0005248279,-8.0056677,-19.040664
6.8333959e-05,0,-5.5736189,-13.987066,4.8318996e-05,-0.00081556884,-7.8801241,-19.778204,5.8595943e-05,-0.00059341293,-7.645368,-19.188281
-4.5541929e-05,0,-5.3090418,-14.089661,-3.2203417e-05,-0.00091074244,-7.5059216,-19.92335,-3.9051826e-05,-0.0006626619,-7.2823465,-19.32908
-0.00015617979,0,-5.0425743,-14.18725,-0.0001104362,-0.0010067795,-7.1290469,-20.061416,-0.00013392301,-0.00073253909,-6.9167323,-19.463011
-0.00026357884,0,-4.7743111,-14.279798,-0.0001863788,-0.0011036311,-6.7496339,-20.192353,-0.00022601694,-0.00080300903,-6.5486553,-19.590025
-0.00036773962,0,-4.5043475,-14.367272,-0.00026003159,-0.001201249,-6.3678175,-20.316114,-0.00031533407,-0.00087403646,-6.1782463,-19.710078
-0.00046866396,0,-4.2327794,-14.44964,-0.00033139588,-0.0012995849,-5.9837333,-20.432655,-0.00040187598,-0.00094558636,-5.8056369,-19.823126
-0.00056635496,0,-3.9597035,-14.526874,-0.00040047384,-0.0013985912,-5.597518,-20.541936,-0.00048564532,-0.001017624,-5.4309597,-19.92913
-0.00066081699,0,-3.6852168,-14.598946,-0.00046726858,-0.0014982203,-5.2093087,-20.643916,-0.00056664584,-0.0010901148,-5.0543478,-20.028052
-0.00075205564,0,-3.4094169,-14.66583,-0.00053178405,-0.0015984254,-4.8192435,-20.738559,-0.00064488233,-0.0011630247,-4.6759351,-20.119857
-0.00084007775,0,-3.1324018,-14.727502,-0.00059402508,-0.0016991597,-4.427461,-20.825833,-0.00072036067,-0.0012363197,-4.2958561,-20.204511
-0.00092489133,0,-2.85427,-14.783941,-0.00065399734,-0.001800377,-4.0341005,-20.905704,-0.00079308772,-0.0013099661,-3.9142458,-20.281984
-0.0010065056,0,-2.5751204,-14.835126,-0.00071170735,-0.0019020316,-3.6393018,-20.978146,-0.00086307139,-0.0013839307,-3.5312401,-20.35225
-0.001084931,0,-2.2950523,-14.88104,-0.00076716245,-0.002004078,-3.2432053,-21.043133,-0.00093032057,-0.0014581804,-3.1469749,-20.415283
-0.0011601789,0,-2.0141651,-14.921664,-0.00082037077,-0.0021064714,-2.8459517,-21.10064,-0.00099484514,-0.0015326825,-2.761587,-20.471059
-0.0012322621,0,-1.7325588,-14.956986,-0.00087134127,-0.0022091673,-2.4476823,-21.150648,-0.0010566559,-0.0016074048,-2.3752132,-20.519561
-0.0013011942,0,-1.4503334,-14.986993,-0.00092008366,-0.0023121217,-2.0485386,-21.193139,-0.0011157648,-0.0016823151,-1.9879911,-20.56077
-0.0013669902,0,-1.1675894,-15.011673,-0.00096660843,-0.0024152911,-1.6486626,-21.228097,-0.0011721843,-0.0017573818,-1.6000581,-20.594671
-0.0014296658,0,-0.88442716,-15.031018,-0.0010109268,-0.0025186325,-1.2481963,-21.25551,-0.0012259283,-0.0018325737,-1.2115523,-20.621252
-0.0014892382,0,-0.60094746,-15.045021,-0.0010530508,-0.0026221033,-0.84728225,-21.275369,-0.0012770111,-0.0019078599,-0.82261171,-20.640504
-0.0015457251,0,-0.31725105,-15.053678,-0.0010929931,-0.0027256617,-0.44606285,-21.287665,-0.0013254483,-0.0019832096,-0.43337465,-20.65242
-0.0015991457,0,-0.033438798,-15.056984,-0.0011307671,-0.0028292661,-0.044680767,-21.292395,-0.001371256,-0.0020585929,-0.043979491,-20.656996
-0.0016495197,0,0.25038838,-15.054938,-0.001166387,-0.0029328757,0.35672131,-21.289557,-0.0014144514,-0.0021339799,0.34543534,-20.654229
-0.0016968682,0,0.53412959,-15.047543,-0.0011998674,-0.00303645,0.75800067,-21.279152,-0.0014550524,-0.0022093413,0.73473139,-20.644122
-0.001741213,0,0.81768392,-15.034798,-0.0012312239,-0.0031399492,1.1590147,-21.261183,-0.0014930778,-0.0022846481,1.1237703,-20.626676
-0.0017825768,0,1.1009506,-15.016711,-0.0012604726,-0.0032433341,1.5596207,-21.235656,-0.001528547,-0.0023598716,1.5124136,-20.601899
-0.0018209834,0,1.3838288,-14.993286,-0.0012876301,-0.003346566,1.9596764,-21.202582,-0.0015614803,-0.0024349839,1.9005233,-20.569799
-0.0018564572,0,1.6662181,-14.964532,-0.0013127139,-0.0034496068,2.3590395,-21.161971,-0.0015918988,-0.002509957,2.2879614,-20.530387
-0.0018890236,0,1.948018,-14.930459,-0.0013357418,-0.0035524189,2.757568,-21.113837,-0.0016198243,-0.0025847639,2.67459,-20.483678
-0.0019187088,0,2.2291283,-14.891079,-0.0013567324,-0.0036549656,3.1551202,-21.058198,-0.0016452792,-0.0026593775,3.0602718,-20.429688
-0.0019455399,0,2.509449,-14.846406,-0.0013757048,-0.0037572104,3.5515549,-20.995074,-0.0016682866,-0.0027337716,3.4448696,-20.368435
-0.0019695446,0,2.7888806,-14.796457,-0.0013926788,-0.0038591177,3.946731,-20.924486,-0.0016888705,-0.00280792,3.8282467,-20.299943
-0.0019907516,0,3.0673235,-14.741248,-0.0014076744,-0.0039606524,4.340508,-20.846461,-0.0017070554,-0.0028817973,4.2102667,-20.224234
-0.0020091901,0,3.3446789,-14.680799,-0.0014207124,-0.00406178,4.7327459,-20.761024,-0.0017228663,-0.0029553785,4.5907938,-20.141337
-0.0020248903,0,3.6208481,-14.615133,-0.001431814,-0.0041624667,5.1233053,-20.668208,-0.001736329,-0.0030286388,4.9696928,-20.051279
-0.0020378827,0,3.8957329,-14.544271,-0.0014410011,-0.0042626794,5.5120474,-20.568044,-0.00174747,-0.0031015542,5.3468289,-19.954094
-0.0020481989,0,4.1692355,-14.468239,-0.0014482958,-0.0043623854,5.8988338,-20.460569,-0.001756316,-0.003174101,5.722068,-19.849816
-0.002055871,0,4.4412587,-14.387064,-0.0014537207,-0.0044615529,6.2835271,-20.34582,-0.0017628947,-0.003246256,6.0952767,-19.738481
-0.0020609315,0,4.7117058,-14.300775,-0.001457299,-0.0045601506,6.6659905,-20.223838,-0.0017672341,-0.0033179964,6.4663222,-19.620129
-0.0020634139,0,4.9804806,-14.209403,-0.0014590543,-0.0046581479,7.046088,-20.094667,-0.0017693627,-0.0033892999,6.8350728,-19.494803
-0.0020633519,0,5.2474875,-14.11298,-0.0014590106,-0.004755515,7.4236844,-19.958352,-0.0017693096,-0.0034601448,7.2013971,-19.362546
-0.0020607802,0,5.5126315,-14.01154,-0.0014571921,-0.0048522223,7.7986455,-19.814941,-0.0017671044,-0.0035305098,7.5651651,-19.223406
-0.0020557338,0,5.7758185,-13.905119,-0.0014536237,-0.0049482415,8.170838,-19.664486,-0.0017627771,-0.003600374,7.9262473,-19.077432
-0.002048248,0,6.0369547,-13.793755,-0.0014483305,-0.0050435445,8.5401295,-19.50704,-0.0017563581,-0.0036697171,8.2845153,-18.924676
-0.0020383591,0,6.2959474,-13.677488,-0.0014413379,-0.005138104,8.9063887,-19.342659,-0.0017478784,-0.0037385192,8.6398417,-18.765191
-0.0020261035,0,6.5527044,-13.556358,-0.0014326719,-0.0052318935,9.2694854,-19.171402,-0.0017373693,-0.0038067611,8.9921003,-18.599036
-0.0020115182,0,6.8071344,-13.430409,-0.0014223585,-0.0053248869,9.6292904,-18.993328,-0.0017248625,-0.0038744237,9.3411657,-18.426268
-0.0019946406,0,7.0591469,-13.299686,-0.0014104243,-0.0054170591,9.9856758,-18.808502,-0.0017103901,-0.0039414888,9.6869138,-18.24695
-0.0019755085,0,7.3086524,-13.164235,-0.0013968959,-0.0055083854,10.338515,-18.616989,-0.0016939845,-0.0040079385,10.029222,-18.061144
-0.0019541603,0,7.5555621,-13.024104,-0.0013818004,-0.0055988419,10.687682,-18.418856,-0.0016756786,-0.0040737553,10.367967,-17.868917
-0.0019306345,0,7.7997881,-12.879343,-0.0013651651,-0.0056884054,11.033054,-18.214176,-0.0016555053,-0.0041389223,10.703031,-17.670337
-0.00190497,0,8.0412437,-12.730003,-0.0013470176,-0.0057770534,11.374506,-18.003019,-0.0016334982,-0.0042034232,11.034293,-17.465475
-0.0018772062,0,8.2798429,-12.576137,-0.0013273856,-0.005864764,11.711919,-17.785461,-0.0016096909,-0.0042672421,11.361635,-17.254403
-0.0018473826,0,8.5155009,-12.4178,-0.0013062972,-0.005951516,12.045171,-17.56158,-0.0015841174,-0.0043303634,11.684942,-17.037197
-0.0018155391,0,8.7481339,-12.255049,-0.0012837805,-0.0060372888,12.374145,-17.331455,-0.0015568119,-0.0043927723,12.004098,-16.813933
-0.001781716,0,8.9776592,-12.087941,-0.0012598639,-0.0061220627,12.698723,-17.095167,-0.0015278088,-0.0044544544,12.31899,-16.584691
-0.0017459537,0,9.2039951,-11.916535,-0.0012345761,-0.0062058185,13.018789,-16.852801,-0.0014971429,-0.0045153956,12.629505,-16.349552
-0.0017082927,0,9.4270611,-11.740892,-0.0012079457,-0.0062885376,13.334231,-16.604443,-0.0014648488,-0.0045755826,12.935534,-16.1086
-0.0016687739,0,9.6467779,-11.561075,-0.0011800018,-0.0063702023,13.644936,-16.350181,-0.0014309618,-0.0046350024,13.236967,-15.86192
-0.0016274385,0,9.8630674,-11.377148,-0.0011507732,-0.0064507954,13.950793,-16.090105,-0.0013955169,-0.0046936425,13.533697,-15.609601
-0.0015843275,0,10.075853,-11.189175,-0.0011202891,-0.0065303005,14.251694,-15.824308,-0.0013585496,-0.004751491,13.82562,-15.351731
-0.0015394825,0,10.285058,-10.997224,-0.0010885789,-0.0066087017,14.547532,-15.552885,-0.0013200953,-0.0048085362,14.11263,-15.088403
-0.0014929448,0,10.490609,-10.801364,-0.0010556718,-0.0066859839,14.838201,-15.27593,-0.0012801896,-0.0048647673,14.394626,-14.819709
-0.0014447562,0,10.692432,-10.601662,-0.0010215973,-0.0067621327,15.123598,-14.993544,-0.0012388682,-0.0049201737,14.671508,-14.545746
-0.0013949583,0,10.890456,-10.398191,-0.00098638488,-0.0068371341,15.403621,-14.705827,-0.0011961668,-0.0049747452,14.943176,-14.266611
-0.0013435929,0,11.084611,-10.191023,-0.00095006409,-0.0069109751,15.678172,-14.412879,-0.0011521214,-0.0050284724,15.209535,-13.982402
-0.001290702,0,11.274826,-9.9802317,-0.00091266453,-0.0069836432,15.947151,-14.114807,-0.0011067678,-0.0050813462,15.47049,-13.693222
-0.0012363273,0,11.461035,-9.7658913,-0.00087421582,-0.0070551263,16.210465,-13.811715,-0.0010601419,-0.0051333579,15.725948,-13.399172
-0.0011805108,0,11.643172,-9.5480784,-0.00083474761,-0.0071254135,16.468018,-13.503712,-0.0010122796,-0.0051844993,15.975818,-13.100358
-0.0011232945,0,11.821171,-9.3268703,-0.00079428954,-0.007194494,16.71972,-13.190907,-0.000963217,-0.0052347627,16.220011,-12.796885
-0.0010647202,0,11.99497,-9.1023457,-0.00075287125,-0.0072623579,16.96548,-12.87341,-0.00091298995,-0.005284141,16.458441,-12.488861
-0.0010048298,0,12.164506,-8.8745843,-0.00071052235,-0.0073289959,17.205212,-12.551336,-0.00086163436,-0.0053326272,16.691022,-12.176395
-0.00094366514,0,12.329718,-8.6436671,-0.00066727243,-0.0073943993,17.43883,-12.224797,-0.00080918612,-0.0053802152,16.917671,-11.8596
-0.00088126804,0,12.49055,-8.4096762,-0.00062315101,-0.0074585601,17.666251,-11.893911,-0.00075568105,-0.0054268991,17.138309,-11.538587
-0.00081768017,0,12.646942,-8.1726946,-0.0005781876,-0.0075214708,17.887395,-11.558795,-0.0007011549,-0.0054726733,17.352857,-11.21347
-0.00075294313,0,12.79884,-7.9328067,-0.0005324116,-0.0075831246,18.102182,-11.219568,-0.00064564335,-0.005517533,17.561238,-10.884365
-0.0006870984,0,12.94619,-7.6900977,-0.00048585235,-0.0076435152,18.310536,-10.876351,-0.00058918196,-0.0055614736,17.763378,-10.55139
-0.00062018736,0,13.088938,-7.4446537,-0.00043853909,-0.007702637,18.512383,-10.529265,-0.00053180621,-0.005604491,17.959206,-10.214661
-0.00055225121,0,13.227035,-7.1965622,-0.00039050098,-0.0077604849,18.707651,-10.178434,-0.00047355145,-0.0056465816,18.148651,-9.8742993
-0.00048333103,0,13.360431,-6.9459111,-0.00034176706,-0.0078170546,18.89627,-9.8239832,-0.00041445288,-0.0056877421,18.331646,-9.5304256
-0.0004134677,0,13.489078,-6.6927897,-0.00029236623,-0.007872342,19.078175,-9.4660377,-0.00035454558,-0.0057279696,18.508127,-9.1831621
-0.00034270194,0,13.612932,-6.4372878,-0.00024232728,-0.0079263441,19.253299,-9.104725,-0.00029386443,-0.0057672619,18.67803,-8.8326321
-0.00027107425,0,13.731947,-6.1794963,-0.00019167885,-0.0079790579,19.421581,-8.7401736,-0.00023244419,-0.0058056168,18.841295,-8.4789602
-0.00019862491,0,13.846082,-5.9195068,-0.00014044943,-0.0080304813,19.582961,-8.3725131,-0.0001703194,-0.0058430329,18.997864,-8.1222722
-0.00012539399,0,13.955295,-5.6574117,-8.8667349e-05,-0.0080806128,19.737381,-8.0018741,-0.0001075244,-0.0058795089,19.147681,-7.7626949
-5.142131e-05,0,14.059549,-5.3933042,-3.6360766e-05,-0.0081294513,19.884786,-7.6283884,-4.4093352e-05,-0.0059150441,19.290692,-7.4003559
2.3253562e-05,0,14.158806,-5.1272781,1.6442343e-05,-0.0081769962,20.025124,-7.2521887,1.9939822e-05,-0.0059496381,19.426848,-7.0353842
9.8591329e-05,0,14.25303,-4.8594279,6.9714189e-05,-0.0082232475,20.158345,-6.8734087,8.4541424e-05,-0.0059832909,19.556099,-6.6679095
0.00017455297,0,14.342188,-4.589849,0.00012342718,-0.0082682059,20.284402,-6.4921832,0.000149678,-0.0060160029,19.6784,-6.2980624
0.00025109977,0,14.426249,-4.318637,0.00017755394,-0.0083118722,20.403249,-6.1086475,0.00021531633,-0.0060477748,19.793707,-5.9259742
0.00032819329,0,14.505181,-4.0458885,0.00023206729,-0.0083542482,20.514845,-5.7229381,0.00028142348,-0.0060786079,19.901978,-5.5517774
0.00040579544,0,14.578959,-3.7717002,0.0002869403,-0.0083953358,20.619149,-5.3351919,0.00034796677,-0.0061085035,20.003176,-5.1756049
0.00048386843,0,14.647554,-3.4961698,0.00034214624,-0.0084351377,20.716125,-4.945547,0.00041491381,-0.0061374636,20.097265,-4.7975904
0.00056237483,0,14.710943,-3.2193951,0.00039765865,-0.0084736569,20.805738,-4.5541417,0.00048223249,-0.0061654904,20.18421,-4.4178683
0.00064127754,0,14.769103,-2.9414745,0.00045345129,-0.0085108969,20.887957,-4.1611152,0.00054989101,-0.0061925865,20.263981,-4.0365735
0.00072053984,0,14.822013,-2.6625068,0.0005094982,-0.0085468617,20.962751,-3.7666073,0.00061785787,-0.0062187547,20.33655,-3.6538417
0.00080012536,0,14.869655,-2.3825911,0.00056577366,-0.0085815557,21.030094,-3.370758,0.0006861019,-0.0062439984,20.40189,-3.2698088
0.00087999813,0,14.912011,-2.101827,0.00062225224,-0.008614984,21.089962,-2.9737083,0.00075459223,-0.006268321,20.459979,-2.8846113
0.00096012255,0,14.949067,-1.8203143,0.00067890876,-0.0086471519,21.142334,-2.5755991,0.00082329835,-0.0062917266,20.510796,-2.4983863
0.0010404634,0,14.980809,-1.5381529,0.00073571834,-0.0086780651,21.187192,-2.176572,0.00089219009,-0.0063142192,20.554322,-2.1112709
0.001120986,0,15.007226,-1.2554433,0.00079265639,-0.0087077299,21.224519,-1.7767689,0.00096123761,-0.0063358036,20.590542,-1.7234028
0.0012016559,0,15.028308,-0.9722859,0.0008496986,-0.008736153,21.254301,-1.3763319,0.0010304115,-0.0063564844,20.619443,-1.3349199
0.0012824391,0,15.044049,-0.68878134,0.00090682097,-0.0087633413,21.276529,-0.97540337,0.0010996825,-0.0063762668,20.641015,-0.9459603
0.0013633022,0,15.054442,-0.4050304,0.0009639998,-0.0087893025,21.291194,-0.57412578,0.001169022,-0.0063951564,20.65525,-0.5566622
0.001444212,0,15.059483,-0.12113397,0.0010212117,-0.0088140443,21.298292,-0.17264181,0.0012384017,-0.0064131587,20.662143,-0.16716402
0.0015251361,0,15.059171,0.16280705,0.0010784337,-0.0088375751,21.297818,0.22890583,0.0013077935,-0.0064302798,20.661692,0.22239576
0.0016060421,0,15.053506,0.44669172,0.0011356429,-0.0088599033,21.289775,0.63037437,0.0013771698,-0.006446526,20.653896,0.61187868
0.0016868985,0,15.04249,0.73041913,0.0011928169,-0.0088810381,21.274164,1.0316211,0.0014465036,-0.0064619038,20.638759,1.0011463
0.0017676739,0,15.026126,1.0138884,0.0012499338,-0.0089009888,21.250991,1.4325034,0.0015157679,-0.0064764201,20.616286,1.3900601
0.0018483376,0,15.004421,1.2969988,0.0013069716,-0.008919765,21.220263,1.8328787,0.0015849365,-0.0064900818,20.586484,1.778482
0.0019288594,0,14.977382,1.5796497,0.0013639091,-0.0089373769,21.181993,2.2326047,0.0016539833,-0.0065028963,20.549364,2.1662739
0.0020092094,0,14.945019,1.8617406,0.0014207252,-0.0089538348,21.136194,2.6315394,0.0017228829,-0.0065148712,20.504939,2.5532978
0.0020893583,0,14.907343,2.1431711,0.001477399,-0.0089691494,21.082881,3.0295407,0.00179161,-0.0065260142,20.453226,2.9394163
0.0021692775,0,14.864368,2.4238414,0.0015339104,-0.0089833318,21.022074,3.4264674,0.0018601401,-0.0065363334,20.394242,3.3244919
0.0022489384,0,14.816109,2.7036515,0.0015902392,-0.0089963932,20.953795,3.8221782,0.0019284489,-0.006545837,20.328008,3.7083879
0.0023283135,0,14.762582,2.9825021,0.0016463659,-0.0090083453,20.878067,4.2165326,0.0019965124,-0.0065545334,20.254549,4.0909678
0.0024073754,0,14.703808,3.260294,0.0017022711,-0.0090191999,20.794917,4.6093902,0.0020643074,-0.0065624313,20.173889,4.4720955
0.0024860973,0,14.639807,3.5369284,0.0017579359,-0.0090289693,20.704375,5.0006114,0.0021318109,-0.0065695396,20.086058,4.8516356
0.0025644531,0,14.570601,3.812307,0.0018133418,-0.009037666,20.606473,5.3900572,0.0021990004,-0.0065758674,19.991086,5.2294531
0.002642417,0,14.496215,4.0863319,0.0018684705,-0.0090453026,20.501246,5.7775891,0.0022658539,-0.0065814238,19.889009,5.6054137
0.0027199637,0,14.416676,4.3589057,0.0019233044,-0.0090518921,20.388732,6.1630692,0.0023323497,-0.0065862184,19.77986,5.9793838
0.0027970688,0,14.332011,4.6299314,0.0019778259,-0.0090574478,20.268969,6.5463606,0.0023984668,-0.0065902607,19.663681,6.3512303
0.002873708,0,14.242252,4.8993128,0.002032018,-0.009061983,20.142001,6.9273271,0.0024641844,-0.0065935605,19.540511,6.7208212
0.0029498578,0,14.147429,5.1669541,0.002085864,-0.0090655114,20.007873,7.305833,0.0025294822,-0.0065961279,19.410394,7.0880249
0.0030254951,0,14.047577,5.4327601,0.0021393477,-0.009068047,19.866633,7.681744,0.0025943407,-0.0065979728,19.273378,7.452711
0.0031005974,0,13.94273,5.6966363,0.002192453,-0.0090696038,19.71833,8.0549262,0.0026587404,-0.0065991055,19.129509,7.8147498
0.0031751427,0,13.832927,5.958489,0.0022451645,-0.0090701961,19.563017,8.4252472,0.0027226625,-0.0065995365,18.978841,8.1740126
0.0032491096,0,13.718206,6.2182249,0.002297467,-0.0090698384,19.40075,8.7925751,0.0027860886,-0.0065992762,18.821425,8.5303716
0.0033224773,0,13.598608,6.4757518,0.0023493458,-0.0090685453,19.231586,9.1567794,0.0028490008,-0.0065983354,18.657318,8.8837002
0.0033952254,0,13.474176,6.7309782,0.0024007865,-0.0090663318,19.055585,9.5177306,0.0029113818,-0.0065967248,18.486579,9.2338727
0.0034673341,0,13.344953,6.9838132,0.002451775,-0.0090632127,18.87281,9.8753004,0.0029732145,-0.0065944553,18.309267,9.5807646
0.0035387841,0,13.210986,7.234167,0.0025022978,-0.0090592033,18.683325,10.229362,0.0030344824,-0.006591538,18.125447,9.9242527
0.0036095568,0,13.072321,7.4819506,0.0025523417,-0.0090543188,18.487199,10.579788,0.0030951695,-0.0065879841,17.935182,10.264215
0.003679634,0,12.92901,7.727076,0.0026018938,-0.0090485747,18.2845,10.926456,0.0031552602,-0.0065838046,17.738542,10.60053
0.0037489982,0,12.781101,7.9694558,0.0026509416,-0.0090419866,18.075301,11.269242,0.0032147395,-0.006579011,17.535595,10.933079
0.0038176322,0,12.628649,8.2090041,0.0026994732,-0.0090345701,17.859676,11.608023,0.0032735926,-0.0065736147,17.326414,11.261743
0.0038855195,0,12.471707,8.4456355,0.0027474768,-0.009026341,17.637702,11.94268,0.0033318055,-0.0065676272,17.111073,11.586405
0.0039526442,0,12.31033,8.679266,0.0027949411,-0.0090173153,17.409457,12.273093,0.0033893645,-0.0065610601,16.889649,11.90695
0.0040189908,0,12.144577,8.9098126,0.0028418553,-0.009007509,17.175023,12.599145,0.0034462562,-0.0065539249,16.662221,12.223265
0.0040845445,0,11.974506,9.1371932,0.0028882087,-0.0089969381,16.934483,12.92072,0.0035024681,-0.0065462335,16.428868,12.535236
0.0041492909,0,11.800178,9.3613269,0.0029339913,-0.0089856189,16.687923,13.237704,0.0035579876,-0.0065379975,16.189675,12.842753
0.0042132162,0,11.621654,9.5821342,0.0029791933,-0.0089735675,16.435429,13.549983,0.0036128031,-0.0065292288,15.944726,13.145706
0.0042763071,0,11.438998,9.7995366,0.0030238054,-0.0089608003,16.177093,13.857448,0.0036669032,-0.0065199393,15.694108,13.443987
0.004338551,0,11.252275,10.013457,0.0030678184,-0.0089473336,15.913005,14.159988,0.0037202768,-0.0065101409,15.43791,13.737492
0.0043999355,0,11.061551,10.223818,0.0031112238,-0.008933184,15.643259,14.457496,0.0037729136,-0.0064998455,15.176224,14.026114
0.004460449,0,10.866894,10.430547,0.0031540134,-0.0089183678,15.367952,14.749866,0.0038248035,-0.0064890651,14.909142,14.309752
0.0045200804,0,10.668374,10.633569,0.0031961791,-0.0089029015,15.087181,15.036995,0.0038759371,-0.0064778118,14.636759,14.588305
0.0045788191,0,10.46606,10.832812,0.0032377136,-0.0088868017,14.801046,15.31878,0.0039263051,-0.0064660974,14.359172,14.861673
0.0046366549,0,10.260025,11.028205,0.0032786097,-0.0088700849,14.509649,15.59512,0.0039758988,-0.0064539342,14.07648,15.12976
0.0046935783,0,10.050342,11.219679,0.0033188606,-0.0088527676,14.213093,15.865919,0.0040247102,-0.006441334,13.788783,15.39247
0.0047495801,0,9.8370852,11.407166,0.0033584599,-0.0088348665,13.911484,16.131079,0.0040727314,-0.0064283091,13.496184,15.64971
0.0048046519,0,9.6203308,11.590599,0.0033974015,-0.0088163981,13.604928,16.390506,0.0041199551,-0.0064148713,13.198786,15.901388
0.0048587855,0,9.4001557,11.769913,0.0034356798,-0.008797379,13.293536,16.644108,0.0041663743,-0.0064010328,12.896695,16.147414
0.0049119735,0,9.1766381,11.945045,0.0034732894,-0.0087778256,12.977416,16.891795,0.0042119826,-0.0063868057,12.590018,16.387702
0.0049642087,0,8.9498576,12.115931,0.0035102253,-0.0087577545,12.656683,17.133478,0.0042567739,-0.0063722018,12.278866,16.622166
0.0050154847,0,8.7198947,12.282511,0.0035464828,-0.0087371822,12.33145,17.369072,0.0043007427,-0.0063572333,11.963347,16.850723
0.0050657952,0,8.4868311,12.444726,0.0035820578,-0.0087161251,12.001831,17.598493,0.0043438836,-0.006341912,11.643574,17.07329
0.0051151349,0,8.2507497,12.602518,0.0036169461,-0.0086945998,11.667946,17.821659,0.004386192,-0.00632625,11.319661,17.28979
0.0051634984,0,8.0117344,12.755831,0.0036511444,-0.0086726224,11.329912,18.038492,0.0044276634,-0.0063102591,10.991724,17.500144
0.0052108813,0,7.7698702,12.904611,0.0036846491,-0.0086502094,10.987849,18.248913,0.0044682939,-0.0062939512,10.659878,17.704279
0.0052572794,0,7.525243,13.048804,0.0037174575,-0.0086273769,10.641879,18.452848,0.0045080799,-0.0062773382,10.324241,17.902122
0.0053026889,0,7.2779398,13.18836,0.0037495669,-0.0086041413,10.292125,18.650225,0.0045470183,-0.0062604318,9.9849336,18.093602
0.0053471067,0,7.0280485,13.323228,0.003780975,-0.0085805185,9.9387112,18.840973,0.0045851062,-0.0062432437,9.6420754,18.278651
0.00539053,0,6.7756579,13.453361,0.0038116799,-0.0085565247,9.5817635,19.025025,0.0046223414,-0.0062257857,9.2957885,18.457204
0.0054329564,0,6.5208578,13.578713,0.0038416799,-0.0085321758,9.2214085,19.202314,0.0046587217,-0.0062080692,8.9461961,18.629196
0.005474384,0,6.2637387,13.699239,0.0038709737,-0.0085074877,8.8577745,19.372779,0.0046942456,-0.0061901059,8.5934223,18.794567
0.0055148115,0,6.004392,13.814896,0.0038995602,-0.0084824761,8.4909905,19.536358,0.0047289119,-0.0061719073,8.2375926,18.953258
0.0055542378,0,5.7429099,13.925642,0.0039274388,-0.0084571567,8.1211871,19.692993,0.0047627197,-0.0061534848,7.8788334,19.105213
0.0055926624,0,5.4793853,14.03144,0.0039546091,-0.0084315451,7.7484956,19.842629,0.0047956685,-0.0061348496,7.5172723,19.250377
0.005630085,0,5.213912,14.13225,0.0039810709,-0.0084056567,7.3730485,19.985212,0.0048277581,-0.0061160131,7.1530379,19.388699
0.0056665059,0,4.9465842,14.228037,0.0040068244,-0.008379507,6.9949793,20.120691,0.0048589888,-0.0060969863,6.7862595,19.52013
0.0057019259,0,4.6774971,14.318767,0.00403187,-0.0083531111,6.6144224,20.249019,0.0048893612,-0.0060777805,6.4170675,19.644622
0.0057363459,0,4.4067463,14.404408,0.0040562087,-0.0083264842,6.231513,20.37015,0.0049188761,-0.0060584066,6.0455932,19.762132
0.0057697674,0,4.134428,14.484929,0.0040798413,-0.0082996412,5.8463873,20.48404,0.0049475348,-0.0060388754,5.6719687,19.872618
0.0058021923,0,3.860639,14.560302,0.0041027691,-0.0082725969,5.4591821,20.590649,0.0049753389,-0.0060191978,5.2963267,19.97604
0.0058336228,0,3.5854766,14.6305,0.0041249938,-0.0082453662,5.0700351,20.68994,0.0050022903,-0.0059993846,4.9188008,20.072362
0.0058640615,0,3.3090388,14.695497,0.0041465173,-0.0082179636,4.6790847,20.781876,0.0050283913,-0.0059794462,4.5395251,20.16155
0.0058935115,0,3.0314236,14.755271,0.0041673415,-0.0081904034,4.2864697,20.866426,0.0050536445,-0.0059593933,4.1586346,20.243571
0.005921976,0,2.7527299,14.809801,0.004187469,-0.0081627001,3.8923298,20.943558,0.0050780526,-0.0059392361,3.7762645,20.318397
0.0059494587,0,2.4730567,14.859066,0.0042069022,-0.0081348676,3.4968051,21.013246,0.0051016188,-0.005918985,3.3925509,20.386
0.0059759638,0,2.1925034,14.903051,0.0042256441,-0.0081069201,3.1000361,21.075466,0.0051243467,-0.0058986502,3.0076301,20.446358
0.0060014955,0,1.9111698,14.941738,0.0042436978,-0.0080788712,2.7021639,21.130193,0.00514624,-0.0058782417,2.6216389,20.499448
0.0060260587,0,1.6291558,14.975114,0.0042610666,-0.0080507347,2.30333,21.17741,0.0051673028,-0.0058577693,2.2347146,20.545251
0.0060496585,0,1.3465617,15.003167,0.0042777541,-0.008022524,1.9036761,21.2171,0.0051875394,-0.005837243,1.8469947,20.583752
0.0060723001,0,1.063488,15.025888,0.0042937641,-0.0079942525,1.5033443,21.249247,0.0052069544,-0.0058166725,1.4586171,20.614935
0.0060939892,0,0.78003533,15.043267,0.0043091007,-0.0079659332,1.1024768,21.273842,0.0052255527,-0.0057960672,1.0697197,20.638792
0.006114732,0,0.49630442,15.0553,0.0043237681,-0.0079375792,0.70121629,21.290874,0.0052433395,-0.0057754366,0.68044086,20.655312
0.0061345347,0,0.21239615,15.061981,0.0043377707,-0.0079092033,0.29970529,21.300339,0.0052603202,-0.0057547901,0.29091896,20.66449
0.006153404,0,-0.071588563,15.063309,0.0043511133,-0.007880818,-0.10191344,21.302232,0.0052765004,-0.0057341368,-0.098707541,20.666323
0.0061713466,0,-0.35554875,15.059282,0.0043638006,-0.0078524357,-0.50349713,21.296553,0.0052918861,-0.0057134857,-0.48830014,20.660809
0.0061883698,0,-0.63938347,15.049902,0.0043758378,-0.0078240688,-0.90490303,21.283304,0.0053064834,-0.0056928457,-0.87772034,20.647952
0.006204481,0,-0.92299182,15.035173,0.0043872302,-0.0077957293,-1.3059884,21.262489,0.0053202987,-0.0056722256,-1.2668297,20.627755
0.006219688,0,-1.206273,15.0151,0.0043979832,-0.0077674289,-1.7066108,21.234116,0.0053333385,-0.0056516341,-1.6554899,20.600226
0.0062339987,0,-1.4891262,14.989689,0.0044081024,-0.0077391795,-2.1066276,21.198196,0.0053456099,-0.0056310796,-2.0435628,20.565374
0.0062474213,0,-1.771451,14.95895,0.0044175936,-0.0077109923,-2.5058968,21.15474,0.0053571197,-0.0056105705,-2.4309104,20.523212
0.0062599644,0,-2.053147,14.922894,0.0044264629,-0.0076828788,-2.9042763,21.103764,0.0053678752,-0.0055901149,-2.817395,20.473754
0.0062716365,0,-2.334114,14.881533,0.0044347163,-0.00765485,-3.3016246,21.045286,0.005377884,-0.0055697209,-3.2028792,20.417019
0.0062824467,0,-2.6142522,14.834883,0.0044423602,-0.0076269168,-3.6978004,20.979328,0.0053871536,-0.0055493965,-3.5872261,20.353026
0.006292404,0,-2.8934619,14.78296,0.0044494012,-0.0075990898,-4.0926629,20.905912,0.005395692,-0.0055291494,-3.9702988,20.281798
0.006301518,0,-3.1716439,14.725781,0.0044558457,-0.0075713795,-4.4860716,20.825064,0.0054035071,-0.0055089872,-4.3519614,20.203361
0.006309798,0,-3.4486993,14.663369,0.0044617006,-0.0075437961,-4.8778868,20.736814,0.0054106072,-0.0054889173,-4.732078,20.117742
0.0063172541,0,-3.7245296,14.595744,0.0044669728,-0.0075163498,-5.2679691,20.641192,0.0054170007,-0.0054689472,-5.1105136,20.024972
0.006323896,0,-3.9990367,14.52293,0.0044716693,-0.0074890503,-5.6561799,20.538233,0.0054226961,-0.0054490839,-5.4871336,19.925083
0.006329734,0,-4.2721231,14.444955,0.0044757974,-0.0074619073,-6.0423812,20.427973,0.0054277022,-0.0054293345,-5.8618042,19.818112
0.0063347784,0,-4.5436917,14.361844,0.0044793643,-0.0074349303,-6.4264356,20.310451,0.0054320277,-0.0054097058,-6.2343921,19.704096
0.0063390397,0,-4.8136459,14.273629,0.0044823776,-0.0074081284,-6.8082066,20.185709,0.0054356818,-0.0053902046,-6.6047648,19.583075
0.0063425287,0,-5.0818898,14.18034,0.0044848446,-0.0073815106,-7.1875586,20.053792,0.0054386735,-0.0053708373,-6.9727908,19.455093
0.0063452561,0,-5.3483279,14.08201,0.0044867732,-0.0073550858,-7.5643566,19.914746,0.0054410123,-0.0053516105,-7.3383392,19.320196
0.006347233,0,-5.6128656,13.978674,0.0044881711,-0.0073288626,-7.9384668,19.768621,0.0054427074,-0.0053325302,-7.70128,19.17843
0.0063484704,0,-5.8754089,13.870369,0.0044890461,-0.0073028492,-8.309756,19.615468,0.0054437685,-0.0053136027,-8.0614842,19.029847
0.0063489798,0,-6.1358643,13.757134,0.0044894063,-0.0072770539,-8.6780924,19.455342,0.0054442053,-0.0052948339,-8.4188237,18.874499
0.0063487724,0,-6.3941392,13.639008,0.0044892596,-0.0072514847,-9.0433449,19.288301,0.0054440275,-0.0052762295,-8.7731715,18.712442
0.0063478599,0,-6.650142,13.516035,0.0044886144,-0.0072261491,-9.4053837,19.114402,0.005443245,-0.0052577952,-9.1244017,18.543732
0.0063462538,0,-6.9037815,13.388256,0.0044874787,-0.0072010548,-9.7640801,18.933709,0.0054418678,-0.0052395364,-9.4723893,18.368431
0.006343966,0,-7.1549676,13.255719,0.004485861,-0.0071762091,-10.119307,18.746285,0.005439906,-0.0052214585,-9.8170107,18.1866
0.0063410083,0,-7.4036109,13.118469,0.0044837695,-0.007151619,-10.470937,18.552197,0.0054373698,-0.0052035666,-10.158143,17.998303
0.0063373926,0,-7.6496231,12.976556,0.0044812129,-0.0071272914,-10.818846,18.351513,0.0054342694,-0.0051858657,-10.495666,17.803609
0.0063331312,0,-7.8929167,12.83003,0.0044781996,-0.007103233,-11.16291,18.144306,0.0054306152,-0.0051683606,-10.829458,17.602586
0.006328236,0,-8.1334053,12.678943,0.0044747382,-0.0070794503,-11.503007,17.930649,0.0054264176,-0.0051510561,-11.159402,17.395305
0.0063227193,0,-8.3710032,12.523349,0.0044708373,-0.0070559494,-11.839016,17.710618,0.0054216871,-0.0051339567,-11.48538,17.181841
0.0063165934,0,-8.6056261,12.363303,0.0044665057,-0.0070327364,-12.170817,17.48429,0.0054164342,-0.0051170668,-11.807276,16.962268
0.0063098708,0,-8.8371906,12.198863,0.004461752,-0.0070098172,-12.498293,17.251747,0.0054106696,-0.0051003906,-12.124975,16.736665
0.0063025637,0,-9.0656142,12.030086,0.0044565851,-0.0069871972,-12.821327,17.013071,0.0054044038,-0.0050839322,-12.438366,16.505113
0.0062946847,0,-9.2908158,11.857032,0.0044510138,-0.006964882,-13.139804,16.768347,0.0053976476,-0.0050676955,-12.747335,16.267693
0.0062862463,0,-9.5127154,11.679763,0.004445047,-0.0069428767,-13.453611,16.517662,0.0053904118,-0.0050516843,-13.051774,16.02449
0.0062772611,0,-9.731234,11.498343,0.0044386935,-0.0069211863,-13.762636,16.261105,0.005382707,-0.0050359022,-13.351575,15.775591
0.0062677417,0,-9.9462939,11.312834,0.0044319622,-0.0068998155,-14.06677,15.998767,0.0053745442,-0.0050203526,-13.646629,15.521083
0.0062577006,0,-10.157819,11.123305,0.0044248622,-0.006878769,-14.365905,15.730741,0.0053659341,-0.005005039,-13.936834,15.261058
0.0062471507,0,-10.365733,10.929821,0.0044174022,-0.006858051,-14.659933,15.457124,0.0053568876,-0.0049899645,-14.222085,14.995607
0.0062361045,0,-10.569963,10.732451,0.0044095914,-0.0068376658,-14.948751,15.178011,0.0053474156,-0.0049751321,-14.502281,14.724825
0.0062245748,0,-10.770437,10.531266,0.0044014386,-0.0068176174,-15.232256,14.893502,0.0053375289,-0.0049605447,-14.777323,14.448809
0.0062125742,0,-10.967082,10.326338,0.0043929529,-0.0067979094,-15.510346,14.603698,0.0053272385,-0.004946205,-15.047113,14.167656
0.0062001154,0,-11.159829,10.117738,0.0043841433,-0.0067785454,-15.782924,14.308703,0.0053165552,-0.0049321156,-15.311554,13.881466
0.0061872112,0,-11.34861,9.9055418,0.0043750186,-0.0067595288,-16.049893,14.008621,0.0053054899,-0.004918279,-15.570553,13.590342
0.0061738742,0,-11.533357,9.689824,0.0043655879,-0.0067408627,-16.311156,13.703559,0.0052940536,-0.0049046975,-15.824018,13.294386
0.0061601172,0,-11.714005,9.4706615,0.0043558602,-0.0067225502,-16.566622,13.393625,0.005282257,-0.0048913732,-16.071859,12.993703
0.0061459526,0,-11.890489,9.2481322,0.0043458444,-0.006704594,-16.8162,13.078929,0.005270111,-0.0048783081,-16.313987,12.688402
0.0061313933,0,-12.062746,9.0223151,0.0043355494,-0.0066869967,-17.059801,12.759583,0.0052576264,-0.0048655042,-16.550316,12.378589
0.0061164517,0,-12.230716,8.7932906,0.0043249841,-0.0066697607,-17.297338,12.435702,0.0052448142,-0.0048529632,-16.780763,12.064376
0.0061011406,0,-12.394339,8.56114,0.0043141575,-0.0066528882,-17.528727,12.107399,0.0052316849,-0.0048406866,-17.005245,11.745873
0.0060854723,0,-12.553556,8.3259459,0.0043030783,-0.0066363812,-17.753885,11.774791,0.0052182495,-0.004828676,-17.223683,11.423195
0.0060694593,0,-12.708311,8.0877918,0.0042917554,-0.0066202416,-17.972733,11.437998,0.0052045185,-0.0048169328,-17.435999,11.096456
0.0060531142,0,-12.858549,7.8467624,0.0042801977,-0.0066044711,-18.185192,11.097138,0.0051905027,-0.004805458,-17.642117,10.765771
0.0060364493,0,-13.004217,7.6029434,0.0042684138,-0.006589071,-18.391188,10.752333,0.0051762126,-0.0047942528,-17.841964,10.431259
0.0060194768,0,-13.145262,7.3564214,0.0042564125,-0.0065740428,-18.590647,10.403705,0.0051616589,-0.0047833182,-18.03547,10.093039
0.0060022092,0,-13.281634,7.1072841,0.0042442024,-0.0065593876,-18.783498,10.051378,0.005146852,-0.0047726549,-18.222565,9.75123
0.0059846586,0,-13.413286,6.8556201,0.0042317923,-0.0065451062,-18.969672,9.6954773,0.0051318025,-0.0047622637,-18.403183,9.4059543
0.0059668371,0,-13.54017,6.6015187,0.0042191905,-0.0065311996,-19.149103,9.3361298,0.0051165206,-0.0047521451,-18.577259,9.0573345
0.0059487567,0,-13.662241,6.3450703,0.0042064058,-0.0065176682,-19.321728,8.9734628,0.0051010169,-0.0047422996,-18.744732,8.7054945
0.0059304295,0,-13.779455,6.0863661,0.0041934465,-0.0065045127,-19.487485,8.6076055,0.0050853014,-0.0047327276,-18.905542,8.3505593
0.0059118674,0,-13.891772,5.8254979,0.0041803211,-0.0064917332,-19.646315,8.2386877,0.0050693845,-0.0047234291,-19.059633,7.9926552
0.0058930821,0,-13.999151,5.5625587,0.0041670379,-0.0064793299,-19.798162,7.8668407,0.0050532763,-0.0047144044,-19.206948,7.6319093
0.0058740854,0,-14.101553,5.2976417,0.0041536052,-0.0064673027,-19.942971,7.4921966,0.0050369867,-0.0047056533,-19.347436,7.2684499
0.0058548889,0,-14.198943,5.0308412,0.0041400313,-0.0064556515,-20.080692,7.1148886,0.0050205259,-0.0046971758,-19.481047,6.9024062
0.0058355042,0,-14.291286,4.762252,0.0041263242,-0.0064443759,-20.211275,6.7350508,0.0050039036,-0.0046889717,-19.607733,6.5339083
0.0058159426,0,-14.378549,4.4919696,0.0041124921,-0.0064334755,-20.334674,6.3528183,0.0049871297,-0.0046810404,-19.72745,6.1630872
0.0057962155,0,-14.460701,4.22009,0.0040985429,-0.0064229495,-20.450844,5.9683269,0.0049702139,-0.0046733817,-19.840154,5.7900746
0.0057763342,0,-14.537713,3.94671,0.0040844847,-0.0064127973,-20.559745,5.5817132,0.0049531658,-0.0046659948,-19.945806,5.4150033
0.0057563097,0,-14.609557,3.6719266,0.0040703252,-0.0064030178,-20.661338,5.1931148,0.0049359949,-0.0046588792,-20.044368,5.0380065
0.0057361531,0,-14.676208,3.3958376,0.0040560723,-0.00639361,-20.755587,4.8026697,0.0049187107,-0.004652034,-20.135805,4.6592182
0.0057158752,0,-14.737642,3.118541,0.0040417337,-0.0063845727,-20.842457,4.4105167,0.0049013226,-0.0046454584,-20.220085,4.2787731
0.0056954867,0,-14.793837,2.8401355,0.0040273169,-0.0063759045,-20.92192,4.0167953,0.0048838397,-0.0046391514,-20.297177,3.8968064
0.0056749985,0,-14.844774,2.5607201,0.0040128295,-0.0063676039,-20.993945,3.6216454,0.0048662711,-0.0046331118,-20.367054,3.5134539
0.0056544209,0,-14.890434,2.280394,0.0039982789,-0.0063596694,-21.058508,3.2252075,0.004848626,-0.0046273386,-20.429691,3.1288519
0.0056337643,0,-14.9308,1.9992569,0.0039836726,-0.0063520992,-21.115585,2.8276224,0.0048309131,-0.0046218305,-20.485067,2.743137
0.0056130391,0,-14.96586,1.7174087,0.0039690176,-0.0063448914,-21.165156,2.4290316,0.0048131414,-0.004616586,-20.533161,2.3564464
0.0055922554,0,-14.995599,1.4349496,0.0039543213,-0.0063380441,-21.207204,2.0295766,0.0047953195,-0.0046116039,-20.573955,1.9689176
0.0055714231,0,-15.020008,1.15198,0.0039395906,-0.006331555,-21.241713,1.6293996,0.0047774559,-0.0046068824,-20.607437,1.5806883
0.0055505522,0,-15.039078,0.8686006,0.0039248327,-0.0063254221,-21.268672,1.2286427,0.0047595593,-0.0046024201,-20.633593,1.1918965
0.0055296523,0,-15.052801,0.584912,0.0039100542,-0.006319643,-21.28807,0.82744849,0.0047416378,-0.0045982151,-20.652415,0.80268042
0.0055087331,0,-15.061174,0.30101508,0.0038952621,-0.0063142151,-21.299902,0.42595947,0.0047236997,-0.0045942658,-20.663895,0.41317841
0.005487804,0,-15.064193,0.017010772,0.003880463,-0.0063091361,-21.304161,0.024318408,0.0047057531,-0.0045905702,-20.66803,0.023528942
0.0054668743,0,-15.061857,-0.26699998,0.0038656635,-0.0063044031,-21.300848,-0.37733192,0.0046878061,-0.0045871264,-20.664818,-0.36612949
0.0054459532,0,-15.054168,-0.55091622,0.00385087,-0.0063000134,-21.289963,-0.77884875,0.0046698664,-0.0045839325,-20.65426,-0.75565835
0.0054250496,0,-15.041126,-0.83463702,0.003836089,-0.0062959641,-21.27151,-1.1800893,0.0046519417,-0.0045809862,-20.636361,-1.1449192
0.0054041725,0,-15.022738,-1.1180615,0.0038213266,-0.0062922524,-21.245496,-1.580911,0.0046340398,-0.0045782855,-20.611126,-1.5337736
0.0053833306,0,-14.99901,-1.401089,0.0038065892,-0.0062888751,-21.211929,-1.9811714,0.004616168,-0.0045758282,-20.578564,-1.9220834
0.0053625324,0,-14.96995,-1.6836188,0.0037918826,-0.006285829,-21.170823,-2.3807281,0.0045983336,-0.0045736118,-20.538687,-2.3097105
0.0053417863,0,-14.935569,-1.9655505,0.0037772129,-0.0062831109,-21.12219,-2.7794391,0.004580544,-0.0045716342,-20.491509,-2.6965172
0.0053211007,0,-14.895878,-2.2467839,0.003762586,-0.0062807176,-21.06605,-3.1771627,0.0045628062,-0.0045698927,-20.437046,-3.0823659
0.0053004835,0,-14.850892,-2.527219,0.0037480074,-0.0062786455,-21.00242,-3.5737575,0.0045451272,-0.0045683851,-20.375319,-3.4671195
0.0052799428,0,-14.800627,-2.8067561,0.0037334829,-0.0062768912,-20.931325,-3.9690826,0.0045275136,-0.0045671086,-20.306349,-3.8506411
0.0052594863,0,-14.745101,-3.0852959,0.003719018,-0.0062754511,-20.85279,-4.3629973,0.0045099723,-0.0045660608,-20.230161,-4.2327945
0.0052391216,0,-14.684333,-3.3627394,0.003704618,-0.0062743216,-20.766842,-4.7553617,0.0044925098,-0.0045652389,-20.146781,-4.6134439
0.0052188563,0,-14.618345,-3.6389878,0.0036902883,-0.0062734989,-20.673512,-5.1460362,0.0044751325,-0.0045646403,-20.05624,-4.9924538
0.0051986977,0,-14.54716,-3.9139431,0.003676034,-0.0062729792,-20.572832,-5.534882,0.0044578466,-0.0045642622,-19.958569,-5.3696896
0.0051786529,0,-14.470805,-4.1875075,0.0036618602,-0.0062727587,-20.46484,-5.921761,0.0044406583,-0.0045641018,-19.853803,-5.7450172
0.0051587288,0,-14.389305,-4.4595837,0.0036477717,-0.0062728335,-20.349573,-6.3065354,0.0044235735,-0.0045641562,-19.74198,-6.1183031
0.0051389324,0,-14.30269,-4.730075,0.0036337736,-0.0062731995,-20.227072,-6.6890686,0.0044065983,-0.0045644225,-19.623139,-6.4894146
0.0051192703,0,-14.210991,-4.9988853,0.0036198704,-0.0062738528,-20.097381,-7.0692246,0.0043897381,-0.0045648979,-19.497322,-6.8582198
0.005099749,0,-14.11424,-5.265919,0.0036060667,-0.0062747892,-19.960545,-7.4468682,0.0043729988,-0.0045655792,-19.364574,-7.2245877
0.0050803749,0,-14.012471,-5.5310811,0.0035923671,-0.0062760045,-19.816614,-7.8218651,0.0043563856,-0.0045664635,-19.224943,-7.588388
0.0050611541,0,-13.905721,-5.7942775,0.003578776,-0.0062774947,-19.665639,-8.1940822,0.0043399039,-0.0045675477,-19.078477,-7.9494912
0.0050420927,0,-13.794029,-6.0554145,0.0035652975,-0.0062792553,-19.507673,-8.563387,0.0043235589,-0.0045688287,-18.92523,-8.3077692
0.0050231965,0,-13.677432,-6.3143993,0.0035519359,-0.0062812821,-19.342772,-8.9296482,0.0043073555,-0.0045703034,-18.765255,-8.6630945
0.0050044712,0,-13.555974,-6.5711399,0.0035386951,-0.0062835707,-19.170995,-9.2927357,0.0042912987,-0.0045719687,-18.598609,-9.0153408
0.0049859224,0,-13.429696,-6.825545,0.0035255792,-0.0062861168,-18.992404,-9.6525204,0.0042753933,-0.0045738213,-18.425351,-9.3643828
0.0049675555,0,-13.298644,-7.0775241,0.0035125918,-0.006288916,-18.807061,-10.008874,0.0042596437,-0.0045758579,-18.245544,-9.7100966
0.0049493756,0,-13.162865,-7.3269877,0.0034997366,-0.0062919637,-18.615032,-10.361671,0.0042440546,-0.0045780755,-18.059251,-10.052359
0.0049313878,0,-13.022407,-7.5738471,0.0034870173,-0.0062952555,-18.416386,-10.710785,0.0042286302,-0.0045804706,-17.866538,-10.391049
0.004913597,0,-12.877319,-7.8180146,0.0034744374,-0.0062987868,-18.211193,-11.056092,0.0042133747,-0.00458304,-17.667473,-10.726045
0.0048960079,0,-12.727654,-8.0594033,0.003462,-0.0063025531,-17.999527,-11.397469,0.0041982922,-0.0045857804,-17.462129,-11.057229
0.0048786251,0,-12.573464,-8.2979274,0.0034497085,-0.0063065499,-17.781461,-11.734795,0.0041833866,-0.0045886885,-17.250576,-11.384483
0.0048614531,0,-12.414804,-8.5335021,0.003437566,-0.0063107724,-17.557075,-12.06795,0.0041686617,-0.0045917608,-17.032891,-11.707691
0.004844496,0,-12.251731,-8.7660438,0.0034255756,-0.006315216,-17.326448,-12.396816,0.0041541211,-0.004594994,-16.809152,-12.026737
0.0048277579,0,-12.084303,-8.9954696,0.00341374,-0.0063198762,-17.089661,-12.721276,0.0041397683,-0.0045983848,-16.579436,-12.341508
0.0048112429,0,-11.912579,-9.2216982,0.0034020621,-0.0063247483,-16.846799,-13.041214,0.0041256068,-0.0046019298,-16.343827,-12.651893
0.0047949546,0,-11.736619,-9.4446489,0.0033905445,-0.0063298275,-16.597948,-13.356516,0.0041116397,-0.0046056254,-16.102408,-12.957781
0.0047788967,0,-11.556488,-9.6642427,0.0033791899,-0.0063351092,-16.343197,-13.667071,0.0040978702,-0.0046094684,-15.855265,-13.259063
0.0047630727,0,-11.372248,-9.8804014,0.0033680006,-0.0063405886,-16.082636,-13.972769,0.0040843012,-0.0046134553,-15.602486,-13.555632
0.0047474858,0,-11.183966,-10.093048,0.003356979,-0.0063462611,-15.816358,-14.273499,0.0040709356,-0.0046175827,-15.344159,-13.847383
0.0047321393,0,-10.991708,-10.302107,0.0033461274,-0.006352122,-15.544457,-14.569157,0.004057776,-0.004621847,-15.080378,-14.134212
0.0047170362,0,-10.795542,-10.507505,0.0033354479,-0.0063581664,-15.26703,-14.859635,0.0040448252,-0.004626245,-14.811237,-14.416017
0.0047021792,0,-10.595539,-10.709167,0.0033249424,-0.0063643898,-14.984176,-15.144832,0.0040320855,-0.0046307732,-14.536829,-14.692698
0.0046875712,0,-10.391768,-10.907023,0.003314613,-0.0063707873,-14.695995,-15.424646,0.0040195592,-0.0046354281,-14.257254,-14.964156
0.0046732147,0,-10.184304,-11.101003,0.0033044614,-0.0063773543,-14.40259,-15.698977,0.0040072486,-0.0046402063,-13.972611,-15.230296
0.0046591121,0,-9.9732191,-11.291036,0.0032944893,-0.006384086,-14.104065,-15.967728,0.0039951557,-0.0046451043,-13.683001,-15.491022
0.0046452656,0,-9.7585887,-11.477056,0.0032846984,-0.0063909777,-13.800526,-16.230803,0.0039832825,-0.0046501188,-13.388526,-15.746241
0.0046316775,0,-9.5404891,-11.658996,0.0032750901,-0.0063980247,-13.492081,-16.488108,0.0039716307,-0.0046552462,-13.089292,-15.995864
0.0046183496,0,-9.3189979,-11.836792,0.0032656659,-0.0064052224,-13.178839,-16.739553,0.0039602021,-0.0046604833,-12.785404,-16.2398
0.0046052838,0,-9.0941938,-12.010381,0.003256427,-0.006412566,-12.860913,-16.985048,0.0039489984,-0.0046658265,-12.476971,-16.477965
0.0045924819,0,-8.8661567,-12.179701,0.0032473747,-0.0064200508,-12.538414,-17.224506,0.0039380208,-0.0046712726,-12.164103,-16.710272
0.0045799453,0,-8.6349676,-12.344691,0.00323851,-0.0064276723,-12.211458,-17.457841,0.0039272708,-0.004676818,-11.84691,-16.936639
0.0045676756,0,-8.4007088,-12.505294,0.003229834,-0.0064354257,-11.880161,-17.68497,0.0039167495,-0.0046824594,-11.525506,-17.156986
0.0045556739,0,-8.1634635,-12.661451,0.0032213475,-0.0064433066,-11.544641,-17.905813,0.0039064582,-0.0046881936,-11.200005,-17.371235
0.0045439415,0,-7.923316,-12.813108,0.0032130514,-0.0064513101,-11.205016,-18.120292,0.0038963977,-0.004694017,-10.870522,-17.579308
0.0045324794,0,-7.6803517,-12.96021,0.0032049465,-0.0064594319,-10.861408,-18.328329,0.003886569,-0.0046999265,-10.537174,-17.781134
0.0045212884,0,-7.434657,-13.102705,0.0031970333,-0.0064676673,-10.513938,-18.529852,0.0038769729,-0.0047059186,-10.20008,-17.976638
0.0045103693,0,-7.1863193,-13.240543,0.0031893123,-0.0064760118,-10.162731,-18.724787,0.0038676098,-0.0047119902,-9.8593602,-18.165753
0.0044997228,0,-6.9354266,-13.373675,0.0031817841,-0.006484461,-9.807911,-18.913067,0.0038584806,-0.0047181378,-9.5151352,-18.34841
0.0044893494,0,-6.6820684,-13.502053,0.003174449,-0.0064930102,-9.4496041,-19.094624,0.0038495854,-0.0047243583,-9.1675275,-18.524546
0.0044792494,0,-6.4263346,-13.625631,0.0031673073,-0.0065016552,-9.0879377,-19.269394,0.0038409248,-0.0047306485,-8.8166606,-18.694097
0.0044694232,0,-6.1683161,-13.744366,0.0031603591,-0.0065103915,-8.7230405,-19.437314,0.0038324988,-0.0047370051,-8.4626593,-18.857002
0.0044598708,0,-5.9081047,-13.858215,0.0031536045,-0.0065192147,-8.3550421,-19.598325,0.0038243078,-0.0047434249,-8.1056493,-19.013205
0.0044505924,0,-5.6457929,-13.967139,0.0031470436,-0.0065281205,-7.9840734,-19.75237,0.0038163515,-0.0047499048,-7.7457577,-19.162649
0.0044415877,0,-5.3814738,-14.071097,0.0031406764,-0.0065371045,-7.6102662,-19.899393,0.0038086301,-0.0047564416,-7.3831123,-19.305282
0.0044328566,0,-5.1152415,-14.170054,0.0031345026,-0.0065461626,-7.2337533,-20.039343,0.0038011432,-0.0047630323,-7.0178421,-19.441052
0.0044243988,0,-4.8471906,-14.263974,0.003128522,-0.0065552904,-6.8546688,-20.172169,0.0037938907,-0.0047696738,-6.6500768,-19.569912
0.0044162139,0,-4.5774164,-14.352824,0.0031227344,-0.0065644838,-6.4731471,-20.297825,0.0037868722,-0.004776363,-6.2799473,-19.691815
0.0044083013,0,-4.3060148,-14.436572,0.0031171393,-0.0065737386,-6.0893241,-20.416266,0.0037800872,-0.0047830968,-5.907585,-19.806719
0.0044006603,0,-4.0330822,-14.515188,0.0031117364,-0.0065830507,-5.7033362,-20.52745,0.0037735352,-0.0047898724,-5.5331224,-19.914582
0.0043932903,0,-3.7587157,-14.588644,0.003106525,-0.0065924161,-5.3153205,-20.631337,0.0037672154,-0.0047966867,-5.1566926,-20.015366
0.0043861904,0,-3.4830128,-14.656915,0.0031015046,-0.0066018306,-4.9254149,-20.72789,0.0037611273,-0.0048035368,-4.7784293,-20.109036
0.0043793596,0,-3.2060715,-14.719976,0.0030966745,-0.0066112904,-4.5337582,-20.817075,0.0037552699,-0.0048104198,-4.3984671,-20.195557
0.0043727969,0,-2.9279903,-14.777804,0.0030920339,-0.0066207915,-4.1404894,-20.89886,0.0037496424,-0.0048173329,-4.016941,-20.274899
0.0043665011,0,-2.648868,-14.83038,0.0030875821,-0.00663033,-3.7457485,-20.973216,0.0037442439,-0.0048242731,-3.6339866,-20.347035
0.004360471,0,-2.3688038,-14.877683,0.0030833182,-0.0066399021,-3.3496756,-21.040118,0.0037390731,-0.0048312378,-3.2497401,-20.411937
0.0043547053,0,-2.0878973,-14.919698,0.0030792412,-0.0066495039,-2.9524117,-21.099539,0.003734129,-0.0048382242,-2.864338,-20.469584
0.0043492025,0,-1.8062483,-14.95641,0.0030753502,-0.0066591318,-2.5540979,-21.151461,0.0037294105,-0.0048452295,-2.4779173,-20.519955
0.0043439612,0,-1.5239571,-14.987805,0.003071644,-0.006668782,-2.1548759,-21.195864,0.003724916,-0.004852251,-2.0906155,-20.563031
0.0043389797,0,-1.2411238,-15.013873,0.0030681215,-0.0066784509,-1.7548874,-21.232733,0.0037206444,-0.0048592862,-1.7025702,-20.598798
0.0043342563,0,-0.9578491,-15.034604,0.0030647816,-0.0066881348,-1.3542748,-21.262054,0.0037165942,-0.0048663323,-1.3139193,-20.627243
0.0043297893,0,-0.67423365,-15.04999,0.003061623,-0.0066978304,-0.95318045,-21.283817,0.0037127638,-0.0048733869,-0.92480094,-20.648356
0.0043255769,0,-0.39037828,-15.060026,0.0030586444,-0.006707534,-0.55174687,-21.298014,0.0037091517,-0.0048804473,-0.53535352,-20.662128
0.0043216171,0,-0.10638388,-15.06471,0.0030558444,-0.0067172422,-0.1501168,-21.304641,0.0037057562,-0.004887511,-0.14571544,-20.668556
0.0043179079,0,0.17764859,-15.064038,0.0030532216,-0.0067269517,0.25156699,-21.303694,0.0037025756,-0.0048945757,0.24397478,-20.667637
0.0043144473,0,0.46161816,-15.058011,0.0030507746,-0.0067366591,0.65316171,-21.295175,0.0036996081,-0.0049016389,0.63357862,-20.659371
0.0043112331,0,0.74542387,-15.046632,0.0030485018,-0.0067463612,1.0545246,-21.279085,0.003696852,-0.0049086982,1.0229576,-20.643761
0.0043082631,0,1.0289649,-15.029904,0.0030464017,-0.0067560548,1.455513,-21.255432,0.0036943052,-0.0049157513,1.4119733,-20.620813
0.0043055351,0,1.3121403,-15.007833,0.0030444726,-0.0067657366,1.8559844,-21.224223,0.0036919659,-0.0049227959,1.8004874,-20.590535
0.0043030466,0,1.5948496,-14.980428,0.003042713,-0.0067754036,2.2557963,-21.185469,0.003689832,-0.0049298297,2.1883618,-20.552937
0.0043007952,0,1.8769922,-14.947697,0.0030411211,-0.0067850528,2.6548068,-21.139184,0.0036879016,-0.0049368505,2.5754586,-20.508034
0.0042987786,0,2.1584678,-14.909654,0.0030396951,-0.0067946812,3.0528738,-21.085385,0.0036861723,-0.0049438562,2.9616403,-20.45584
0.0042969942,0,2.4391763,-14.86631,0.0030384333,-0.0068042858,3.449856,-21.024091,0.0036846422,-0.0049508445,3.3467695,-20.396375
0.0042954393,0,2.719018,-14.817681,0.0030373339,-0.0068138637,3.8456123,-20.955323,0.0036833089,-0.0049578135,3.7307093,-20.32966
0.0042941114,0,2.9978934,-14.763785,0.0030363949,-0.0068234123,4.2400018,-20.879106,0.0036821702,-0.0049647611,4.1133234,-20.255718
0.0042930077,0,3.2757034,-14.704642,0.0030356145,-0.0068329286,4.6328845,-20.795467,0.0036812238,-0.0049716852,4.4944755,-20.174575
0.0042921255,0,3.5523491,-14.640271,0.0030349907,-0.00684241,5.0241206,-20.704436,0.0036804674,-0.004978584,4.8740304,-20.086262
0.0042914621,0,3.8277324,-14.570696,0.0030345216,-0.0068518539,5.4135712,-20.606045,0.0036798984,-0.0049854555,5.2518529,-19.990808
0.0042910145,0,4.1017551,-14.495941,0.0030342051,-0.0068612578,5.8010977,-20.500329,0.0036795147,-0.0049922978,5.6278089,-19.888247
0.0042907799,0,4.3743201,-14.416034,0.0030340392,-0.006870619,6.1865624,-20.387326,0.0036793135,-0.004999109,6.0017646,-19.778617
0.0042907554,0,4.6453302,-14.331002,0.0030340218,-0.0068799351,6.5698282,-20.267075,0.0036792925,-0.0050058875,6.3735872,-19.661957
0.004290938,0,4.9146893,-14.240875,0.0030341509,-0.0068892038,6.950759,-20.139621,0.003679449,-0.0050126315,6.7431445,-19.538306
0.0042913246,0,5.1823016,-14.145687,0.0030344243,-0.0068984227,7.3292193,-20.005007,0.0036797805,-0.0050193392,7.1103051,-19.407711
0.0042919123,0,5.4480719,-14.04547,0.0030348399,-0.0069075895,7.7050746,-19.863281,0.0036802845,-0.0050260091,7.4749384,-19.270216
0.0042926979,0,5.7119057,-13.94026,0.0030353954,-0.0069167021,8.0781912,-19.714495,0.0036809581,-0.0050326394,7.8369149,-19.125872
0.0042936783,0,5.9737094,-13.830095,0.0030360887,-0.0069257582,8.4484366,-19.558701,0.0036817989,-0.0050392287,8.1961059,-18.974729
0.0042948505,0,6.2333897,-13.715014,0.0030369175,-0.0069347557,8.815679,-19.395954,0.003682804,-0.0050457754,8.5523836,-18.81684
0.0042962111,0,6.4908544,-13.595057,0.0030378796,-0.0069436927,9.1797881,-19.226312,0.0036839707,-0.005052278,8.9056216,-18.652263
0.0042977571,0,6.746012,-13.470268,0.0030389728,-0.0069525671,9.5406343,-19.049836,0.0036852964,-0.005058735,9.2556941,-18.481055
0.0042994852,0,6.9987717,-13.34069,0.0030401947,-0.006961377,9.8980893,-18.866587,0.0036867782,-0.0050651452,9.6024767,-18.303278
0.004301392,0,7.2490437,-13.20637,0.0030415431,-0.0069701206,10.252026,-18.676633,0.0036884133,-0.0050715071,9.9458461,-18.118994
0.0043034745,0,7.4967391,-13.067355,0.0030430156,-0.0069787961,10.602319,-18.480039,0.003690199,-0.0050778195,10.28568,-17.928269
0.0043057291,0,7.7417697,-12.923695,0.0030446099,-0.0069874017,10.948843,-18.276876,0.0036921323,-0.005084081,10.621859,-17.731171
0.0043081528,0,7.9840486,-12.775442,0.0030463236,-0.0069959358,11.291476,-18.067216,0.0036942106,-0.0050902904,10.954261,-17.527771
0.004310742,0,8.2234894,-12.622647,0.0030481545,-0.0070043966,11.630095,-17.851133,0.0036964308,-0.0050964466,11.28277,-17.318139
0.0043134935,0,8.4600073,-12.465364,0.0030501001,-0.0070127828,11.96458,-17.628705,0.0036987902,-0.0051025484,11.607269,-17.102351
0.0043164039,0,8.6935179,-12.303651,0.003052158,-0.0070210926,12.294812,-17.400009,0.0037012858,-0.0051085947,11.927642,-16.880484
0.0043194698,0,8.9239385,-12.137564,0.003054326,-0.0070293248,12.620674,-17.165129,0.0037039148,-0.0051145845,12.243775,-16.652616
0.0043226878,0,9.1511869,-11.967162,0.0030566015,-0.0070374779,12.94205,-16.924147,0.0037066743,-0.0051205167,12.555556,-16.418828
0.0043260547,0,9.3751825,-11.792506,0.0030589822,-0.0070455505,13.258826,-16.677148,0.0037095613,-0.0051263904,12.862874,-16.179204
0.0043295668,0,9.5958456,-11.613659,0.0030614657,-0.0070535415,13.570889,-16.424222,0.003712573,-0.0051322047,13.16562,-15.933829
0.0043332209,0,9.8130978,-11.430683,0.0030640495,-0.0070614495,13.878128,-16.165456,0.0037157064,-0.0051379586,13.463686,-15.682789
0.0043370136,0,10.026862,-11.243643,0.0030667313,-0.0070692734,14.180433,-15.900944,0.0037189585,-0.0051436514,13.756966,-15.426174
0.0043409414,0,10.237062,-11.052607,0.0030695087,-0.0070770122,14.477699,-15.63078,0.0037223266,-0.0051492821,14.045356,-15.164076
0.0043450009,0,10.443623,-10.857641,0.0030723792,-0.0070846646,14.769818,-15.355059,0.0037258076,-0.0051548501,14.328754,-14.896587
0.0043491887,0,10.646472,-10.658816,0.0030753404,-0.0070922298,15.056687,-15.07388,0.0037293986,-0.0051603546,14.607059,-14.623803
0.0043535015,0,10.845536,-10.456202,0.00307839,-0.0070997068,15.338204,-14.787342,0.0037330968,-0.0051657949,14.880171,-14.34582
0.0043579357,0,11.040745,-10.249871,0.0030815255,-0.0071070947,15.614269,-14.495548,0.0037368991,-0.0051711704,15.147994,-14.062737
0.004362488,0,11.23203,-10.039896,0.0030847445,-0.0071143926,15.884784,-14.198601,0.0037408027,-0.0051764804,15.410433,-13.774656
0.0043671551,0,11.419322,-9.8263528,0.0030880446,-0.0071215998,16.149653,-13.896606,0.0037448046,-0.0051817244,15.667393,-13.481677
0.0043719334,0,11.602555,-9.609316,0.0030914234,-0.0071287155,16.408781,-13.589671,0.003748902,-0.0051869018,15.918785,-13.183906
0.0043768197,0,11.781663,-9.3888633,0.0030948785,-0.0071357391,16.662076,-13.277906,0.003753092,-0.0051920122,16.164518,-12.881449
0.0043818106,0,11.956584,-9.165073,0.0030984076,-0.0071426699,16.909448,-12.96142,0.0037573717,-0.0051970551,16.404505,-12.574412
0.0043869028,0,12.127254,-8.9380247,0.0031020083,-0.0071495073,17.15081,-12.640327,0.0037617381,-0.0052020301,16.638661,-12.262906
0.0043920928,0,12.293614,-8.7077991,0.0031056782,-0.0071562507,17.386076,-12.31474,0.0037661885,-0.0052069367,16.866903,-11.94704
0.0043973773,0,12.455604,-8.474478,0.0031094149,-0.0071628998,17.615161,-11.984775,0.00377072,-0.0052117746,17.089149,-11.626927
0.0044027532,0,12.613166,-8.2381443,0.0031132162,-0.0071694541,17.837985,-11.65055,0.0037753298,-0.0052165435,17.30532,-11.302681
0.0044082169,0,12.766244,-7.9988821,0.0031170797,-0.0071759132,18.054468,-11.312184,0.0037800149,-0.0052212432,17.515341,-10.974417
0.0044137654,0,12.914785,-7.7567764,0.0031210031,-0.0071822767,18.264533,-10.969796,0.0037847727,-0.0052258733,17.719135,-10.642251
0.0044193953,0,13.058735,-7.5119133,0.003124984,-0.0071885443,18.468106,-10.623508,0.0037896003,-0.0052304337,17.91663,-10.306303
0.0044251034,0,13.198043,-7.2643797,0.0031290202,-0.0071947158,18.665114,-10.273444,0.0037944949,-0.0052349241,18.107757,-9.9666904
0.0044308864,0,13.332659,-7.0142638,0.0031331094,-0.0072007911,18.855488,-9.9197281,0.0037994538,-0.0052393445,18.292447,-9.623535
0.0044367412,0,13.462537,-6.7616544,0.0031372494,-0.0072067699,19.039159,-9.5624855,0.0038044743,-0.0052436947,18.470635,-9.2769586
0.0044426647,0,13.587628,-6.5066413,0.0031414379,-0.0072126521,19.216062,-9.2018436,0.0038095536,-0.0052479747,18.642257,-8.9270843
0.0044486535,0,13.70789,-6.2493152,0.0031456727,-0.0072184376,19.386135,-8.8379305,0.003814689,-0.0052521843,18.807252,-8.5740365
0.0044547047,0,13.823279,-5.9897674,0.0031499515,-0.0072241265,19.549316,-8.4708756,0.0038198779,-0.0052563235,18.965563,-8.2179406
0.0044608152,0,13.933754,-5.7280904,0.0031542723,-0.0072297187,19.705549,-8.1008093,0.0038251175,-0.0052603925,19.117131,-7.8589234
0.0044669818,0,14.039276,-5.4643771,0.0031586327,-0.0072352144,19.854777,-7.7278632,0.0038304054,-0.0052643911,19.261904,-7.4971123
0.0044732016,0,14.139808,-5.1987212,0.0031630308,-0.0072406135,19.996947,-7.3521699,0.0038357387,-0.0052683196,19.39983,-7.1326361
0.0044794714,0,14.235313,-4.9312171,0.0031674642,-0.0072459162,20.132009,-6.9738629,0.0038411151,-0.0052721779,19.53086,-6.7656242
0.0044857884,0,14.325758,-4.6619601,0.003171931,-0.0072511228,20.259914,-6.5930768,0.0038465319,-0.0052759662,19.654948,-6.3962072
0.0044921496,0,14.411111,-4.3910457,0.003176429,-0.0072562333,20.380618,-6.2099467,0.0038519866,-0.0052796847,19.772048,-6.0245163
0.004498552,0,14.491341,-4.1185703,0.0031809562,-0.0072612481,20.494078,-5.8246091,0.0038574766,-0.0052833335,19.882121,-5.6506836
0.0045049928,0,14.56642,-3.8446308,0.0031855106,-0.0072661675,20.600252,-5.4372007,0.0038629995,-0.0052869129,19.985126,-5.2748422
0.0045114692,0,14.636321,-3.5693245,0.00319009,-0.0072709918,20.699103,-5.0478594,0.0038685529,-0.005290423,20.081027,-4.8971255
0.0045179782,0,14.701019,-3.2927492,0.0031946926,-0.0072757213,20.790597,-4.6567236,0.0038741344,-0.0052938642,20.169789,-4.5176678
0.0045245171,0,14.760492,-3.0150033,0.0031993163,-0.0072803564,20.8747,-4.2639322,0.0038797414,-0.0052972368,20.251382,-4.1366041
0.0045310831,0,14.814717,-2.7361856,0.0032039592,-0.0072848976,20.951384,-3.8696249,0.0038853718,-0.005300541,20.325777,-3.7540697
0.0045376736,0,14.863676,-2.4563951,0.0032086194,-0.0072893452,21.020619,-3.4739419,0.0038910231,-0.0053037771,20.392946,-3.3702007
0.0045442858,0,14.907352,-2.1757313,0.0032132949,-0.0072936999,21.082382,-3.0770239,0.003896693,-0.0053069456,20.452866,-2.9851335
0.0045509171,0,14.945728,-1.894294,0.003217984,-0.0072979622,21.136652,-2.6790118,0.0039023793,-0.0053100469,20.505515,-2.5990049
0.0045575649,0,14.978792,-1.6121831,0.0032226846,-0.0073021325,21.183407,-2.2800473,0.0039080797,-0.0053130812,20.550876,-2.2119524
0.0045642266,0,15.006531,-1.3294991,0.0032273952,-0.0073062115,21.222633,-1.8802721,0.0039137921,-0.0053160491,20.588931,-1.8241134
0.0045708996,0,15.028936,-1.0463423,0.0032321137,-0.0073101998,21.254315,-1.4798283,0.0039195142,-0.005318951,20.619668,-1.4356257
0.0045775816,0,15.045998,-0.76281344,0.0032368386,-0.007314098,21.278441,-1.0788583,0.0039252439,-0.0053217874,20.643075,-1.0466276
0.0045842699,0,15.057712,-0.4790133,0.003241568,-0.0073179068,21.295004,-0.67750457,0.0039309791,-0.0053245587,20.659144,-0.65725725
0.0045909623,0,15.064073,-0.19504276,0.0032463002,-0.0073216269,21.303997,-0.27590987,0.0039367177,-0.0053272655,20.667869,-0.26765309
0.0045976562,0,15.06508,0.088997234,0.0032510335,-0.0073252591,21.305417,0.12578309,0.0039424578,-0.0053299083,20.669248,0.12204638
0.0046043495,0,15.060731,0.37300572,0.0032557663,-0.007328804,21.299264,0.52743151,0.0039481972,-0.0053324876,20.663279,0.51170264
0.0046110397,0,15.051028,0.65688174,0.003260497,-0.0073322625,21.285539,0.92889262,0.003953934,-0.005335004,20.649965,0.90117718
0.0046177246,0,15.035976,0.94052439,0.003265224,-0.0073356353,21.264248,1.3300237,0.0039596663,-0.0053374581,20.62931,1.2903315
0.0046244021,0,15.015578,1.2238328,0.0032699457,-0.0073389233,21.235398,1.7306822,0.0039653921,-0.0053398505,20.601323,1.6790274
0.0046310698,0,14.989843,1.5067063,0.0032746605,-0.0073421273,21.199,2.1307256,0.0039711097,-0.0053421817,20.566012,2.0671266
0.0046377258,0,14.958779,1.7890444,0.0032793669,-0.0073452482,21.155066,2.5300118,0.0039768171,-0.0053444525,20.52339,2.4544911
0.0046443678,0,14.922398,2.0707466,0.0032840636,-0.0073482868,21.103612,2.9283988,0.0039825126,-0.0053466634,20.473473,2.8409833
0.0046509939,0,14.880712,2.3517129,0.0032887489,-0.0073512441,21.044656,3.325745,0.0039881944,-0.0053488152,20.416279,3.2264658
0.004657602,0,14.833737,2.6318433,0.0032934216,-0.0073541211,20.97822,3.7219092,0.0039938608,-0.0053509085,20.351827,3.6108015
0.0046641902,0,14.781488,2.9110383,0.0032980801,-0.0073569185,20.904326,4.1167505,0.0039995102,-0.0053529439,20.28014,3.9938538
0.0046707566,0,14.723985,3.1891986,0.0033027232,-0.0073596375,20.823002,4.5101286,0.0040051408,-0.0053549223,20.201244,4.3754866
0.0046772992,0,14.661248,3.4662254,0.0033073496,-0.007362279,20.734275,4.9019036,0.004010751,-0.0053568442,20.115168,4.7555642
0.0046838162,0,14.5933,3.7420201,0.0033119578,-0.0073648439,20.638178,5.2919363,0.0040163393,-0.0053587105,20.021941,5.1339515
0.0046903058,0,14.520164,4.0164848,0.0033165467,-0.0073673334,20.534745,5.680088,0.0040219041,-0.0053605219,19.921597,5.5105139
0.0046967664,0,14.441866,4.2895218,0.0033211149,-0.0073697484,20.424012,6.0662207,0.004027444,-0.005362279,19.814171,5.8851177
0.004703196,0,14.358435,4.5610342,0.0033256614,-0.00737209,20.306019,6.4501973,0.0040329574,-0.0053639828,19.699702,6.2576296
0.0047095932,0,14.269899,4.8309253,0.0033301849,-0.0073743591,20.180808,6.8318811,0.0040384429,-0.0053656338,19.57823,6.6279173
0.0047159563,0,14.176291,5.0990993,0.0033346843,-0.007376557,20.048423,7.2111365,0.0040438992,-0.005367233,19.449798,6.9958491
0.0047222836,0,14.077644,5.3654609,0.0033391584,-0.0073786847,19.908912,7.5878287,0.0040493248,-0.0053687811,19.314453,7.3612942
0.0047285737,0,13.973992,5.6299153,0.0033436061,-0.0073807432,19.762323,7.9618238,0.0040547185,-0.0053702789,19.172242,7.7241227
0.004734825,0,13.865373,5.8923685,0.0033480265,-0.0073827337,19.60871,8.3329889,0.004060079,-0.0053717273,19.023216,8.0842056
0.0047410361,0,13.751825,6.1527272,0.0033524184,-0.0073846574,19.448126,8.7011919,0.004065405,-0.0053731269,18.867427,8.441415
0.0047472056,0,13.633389,6.410899,0.0033567809,-0.0073865152,19.280629,9.066302,0.0040706953,-0.0053744787,18.704932,8.7956238
0.0047533321,0,13.510106,6.6667919,0.003361113,-0.0073883084,19.106278,9.4281895,0.0040759487,-0.0053757834,18.535787,9.1467062
0.0047594143,0,13.382021,6.9203151,0.0033654137,-0.007390038,18.925135,9.7867256,0.0040811641,-0.0053770419,18.360054,9.4945373
0.0047654509,0,13.249178,7.1713785,0.0033696822,-0.0073917053,18.737265,10.141783,0.0040863405,-0.005378255,18.177794,9.8389935
0.0047714406,0,13.111626,7.4198927,0.0033739176,-0.0073933114,18.542734,10.493235,0.0040914766,-0.0053794237,17.989072,10.179952
0.0047773823,0,12.969414,7.6657695,0.003378119,-0.0073948575,18.341612,10.840958,0.0040965716,-0.0053805486,17.793955,10.517293
0.0047832748,0,12.82259,7.9089214,0.0033822857,-0.0073963447,18.13397,11.184827,0.0041016244,-0.0053816307,17.592514,10.850894
0.004789117,0,12.671209,8.149262,0.0033864167,-0.0073977742,17.919882,11.52472,0.004106634,-0.0053826708,17.384818,11.180639
0.0047949078,0,12.515324,8.3867058,0.0033905114,-0.0073991472,17.699424,11.860517,0.0041115995,-0.0053836698,17.170943,11.50641
0.0048006461,0,12.354989,8.6211686,0.003394569,-0.0074004648,17.472674,12.192097,0.0041165201,-0.0053846285,16.950964,11.82809
0.004806331,0,12.190263,8.8525668,0.0033985888,-0.0074017283,17.239713,12.519344,0.0041213949,-0.0053855478,16.724959,12.145566
0.0048119615,0,12.021203,9.0808183,0.0034025702,-0.0074029388,17.000624,12.842141,0.004126223,-0.0053864286,16.493009,12.458725
0.0048175367,0,11.84787,9.305842,0.0034065125,-0.0074040976,16.755491,13.160372,0.0041310037,-0.0053872717,16.255197,12.767455
0.0048230558,0,11.670325,9.5275577,0.003410415,-0.0074052058,16.504403,13.473926,0.0041357363,-0.0053880781,16.011605,13.071646
0.0048285178,0,11.488632,9.7458868,0.0034142773,-0.0074062646,16.247447,13.78269,0.0041404199,-0.0053888484,15.762322,13.371192
0.004833922,0,11.302854,9.9607516,0.0034180986,-0.0074072752,15.984716,14.086555,0.004145054,-0.0053895838,15.507436,13.665984
0.0048392676,0,11.113059,10.172076,0.0034218786,-0.0074082388,15.716303,14.385413,0.0041496378,-0.0053902849,15.247038,13.955918
0.004844554,0,10.919314,10.379784,0.0034256166,-0.0074091566,15.442303,14.679157,0.0041541709,-0.0053909527,14.981219,14.240892
0.0048497804,0,10.721686,10.583803,0.0034293122,-0.0074100298,15.162813,14.967683,0.0041586525,-0.005391588,14.710075,14.520803
0.0048549462,0,10.520248,10.784059,0.003432965,-0.0074108596,14.877934,15.250889,0.0041630821,-0.0053921918,14.433702,14.795553
0.0048600508,0,10.31507,10.980482,0.0034365745,-0.0074116471,14.587766,15.528673,0.0041674592,-0.0053927648,14.152199,15.065044
0.0048650936,0,10.106225,11.173002,0.0034401403,-0.0074123937,14.292412,15.800938,0.0041717834,-0.005393308,13.865664,15.329179
0.0048700741,0,9.8937871,11.361551,0.003443662,-0.0074131003,13.991978,16.067586,0.0041760541,-0.0053938222,13.574201,15.587866
0.0048749918,0,9.6778325,11.54606,0.0034471394,-0.0074137683,13.68657,16.328523,0.004180271,-0.0053943082,13.277912,15.841011
0.0048798462,0,9.4584376,11.726466,0.003450572,-0.0074143988,13.376297,16.583655,0.0041844337,-0.005394767,12.976903,16.088526
0.004884637,0,9.2356804,11.902703,0.0034539595,-0.007414993,13.061269,16.832892,0.0041885417,-0.0053951993,12.671281,16.330321
0.0048893636,0,9.0096402,12.074709,0.0034573018,-0.007415552,12.741597,17.076146,0.0041925948,-0.005395606,12.361155,16.566312
0.0048940259,0,8.7803971,12.242423,0.0034605985,-0.007416077,12.417397,17.313329,0.0041965926,-0.005395988,12.046635,16.796414
0.0048986234,0,8.5480329,12.405786,0.0034638494,-0.0074165691,12.088782,17.544359,0.0042005349,-0.0053963461,11.727832,17.020546
0.0049031558,0,8.3126299,12.564738,0.0034670543,-0.0074170296,11.75587,17.769152,0.0042044215,-0.0053966812,11.404861,17.238627
0.004907623,0,8.074272,12.719224,0.0034702131,-0.0074174596,11.41878,17.987628,0.0042082521,-0.005396994,11.077835,17.45058
0.0049120247,0,7.8330438,12.869189,0.0034733255,-0.0074178601,11.07763,18.199711,0.0042120265,-0.0053972854,10.746871,17.65633
0.0049163606,0,7.5890312,13.014579,0.0034763915,-0.0074182324,10.732542,18.405324,0.0042157445,-0.0053975563,10.412088,17.855804
0.0049206308,0,7.3423208,13.155343,0.003479411,-0.0074185775,10.383639,18.604395,0.0042194061,-0.0053978074,10.073602,18.048931
0.0049248349,0,7.0930003,13.291431,0.0034823838,-0.0074188965,10.031045,18.796852,0.0042230112,-0.0053980396,9.7315363,18.235642
0.004928973,0,6.8411583,13.422794,0.0034853099,-0.0074191907,9.674885,18.982628,0.0042265596,-0.0053982536,9.3860109,18.415871
0.004933045,0,6.5868845,13.549386,0.0034881892,-0.007419461,9.315286,19.161656,0.0042300512,-0.0053984502,9.0371489,18.589553
0.0049370508,0,6.3302691,13.671161,0.0034910217,-0.0074197085,8.9523755,19.333872,0.0042334862,-0.0053986304,8.6850744,18.756628
0.0049409905,0,6.0714035,13.788077,0.0034938075,-0.0074199344,8.5862827,19.499216,0.0042368644,-0.0053987947,8.3299126,18.917035
0.004944864,0,5.8103795,13.900092,0.0034965464,-0.0074201397,8.2171376,19.657629,0.0042401859,-0.0053989441,7.9717896,19.070718
0.0049486714,0,5.54729,14.007165,0.0034992387,-0.0074203255,7.8450716,19.809054,0.0042434508,-0.0053990793,7.6108329,19.217622
0.0049524128,0,5.2822286,14.109259,0.0035018843,-0.0074204928,7.4702167,19.953437,0.004246659,-0.005399201,7.2471706,19.357694
0.0049560884,0,5.0152894,14.206338,0.0035044833,-0.0074206426,7.0927064,20.090728,0.0042498108,-0.00539931,6.8809321,19.490885
0.0049596981,0,4.7465674,14.298367,0.0035070358,-0.007420776,6.7126748,20.220877,0.0042529061,-0.0053994071,6.5122476,19.617148
0.0049632423,0,4.476158,14.385314,0.0035095419,-0.0074208941,6.3302569,20.343838,0.0042559452,-0.005399493,6.1412481,19.736438
0.0049667211,0,4.2041574,14.467147,0.0035120018,-0.0074209977,5.9455888,20.459567,0.0042589282,-0.0053995684,5.7680654,19.848712
0.0049701347,0,3.9306622,14.543837,0.0035144155,-0.0074210879,5.5588071,20.568024,0.0042618554,-0.005399634,5.3928324,19.95393
0.0049734833,0,3.6557698,14.615358,0.0035167834,-0.0074211657,5.1700494,20.669169,0.0042647268,-0.0053996906,5.0156823,20.052056
0.0049767672,0,3.3795777,14.681683,0.0035191054,-0.0074212321,4.7794538,20.762967,0.0042675427,-0.0053997389,4.6367491,20.143053
0.0049799867,0,3.1021843,14.742789,0.003521382,-0.007421288,4.3871593,20.849384,0.0042703034,-0.0053997796,4.2561677,20.22689
0.0049831421,0,2.823688,14.798655,0.0035236132,-0.0074213343,3.9933051,20.92839,0.0042730092,-0.0053998133,3.8740733,20.303537
0.0049862338,0,2.5441879,14.84926,0.0035257993,-0.0074213721,3.5980314,20.999957,0.0042756602,-0.0053998408,3.4906017,20.372967
0.004989262,0,2.2637834,14.894586,0.0035279406,-0.0074214021,3.2014787,21.064059,0.0042782569,-0.0053998626,3.1058892,20.435155
0.0049922271,0,1.9825741,14.934619,0.0035300373,-0.0074214254,2.8037878,21.120673,0.0042807995,-0.0053998796,2.7200727,20.490079
0.0049951297,0,1.70066,14.969342,0.0035320897,-0.0074214428,2.4051003,21.169779,0.0042832884,-0.0053998922,2.3332891,20.537719
0.00499797,0,1.4181413,14.998744,0.0035340981,-0.0074214552,2.0055577,21.21136,0.0042857239,-0.0053999012,1.9456761,20.578058
0.0050007484,0,1.1351184,15.022815,0.0035360627,-0.0074214634,1.6053022,21.245401,0.0042881065,-0.0053999073,1.5573714,20.611083
0.0050034656,0,0.85169193,15.041545,0.0035379841,-0.0074214684,1.204476,21.27189,0.0042904364,-0.0053999109,1.168513,20.636781
0.0050061219,0,0.56796266,15.054929,0.0035398623,-0.007421471,0.80322164,21.290818,0.0042927141,-0.0053999127,0.77923923,20.655143
0.0050087177,0,0.28403144,15.062961,0.0035416979,-0.0074214719,0.40168168,21.302177,0.0042949401,-0.0053999134,0.38968839,20.666163
0.0050112538,0,-8.1055287e-07,15.065639,0.0035434911,-0.007421472,-1.1120462e-06,21.305964,0.0042971147,-0.0053999135,-1.0245762e-06,20.669837
