x_oam_H0,y_oam_H0,x_oam_H1,y_oam_H1,x_mixed_H0,y_mixed_H0,x_mixed_H1,y_mixed_H1
0.35,0,0.35,0,0,0,0,0
0.35,-2.1560053e-11,0.35,-4.3070873e-11,-2.5403875e-08,-6.6232215e-11,-2.5402811e-08,-2.2576745e-10
0.34999999,-1.7324996e-10,0.34999999,-3.4569727e-10,-1.0191235e-07,-5.3222172e-10,-1.0189529e-07,-1.8112192e-09
0.34999997,-5.8730789e-10,0.34999997,-1.1704767e-09,-2.2995967e-07,-1.8042028e-09,-2.2987314e-07,-6.1296431e-09
0.34999994,-1.3982562e-09,0.34999994,-2.7831911e-09,-4.0996507e-07,-4.2954245e-09,-4.0969098e-07,-1.4568414e-08
0.34999991,-2.7428795e-09,0.34999991,-5.4526472e-09,-6.4233225e-07,-8.4260881e-09,-6.4166166e-07,-2.852815e-08
0.34999987,-4.7602049e-09,0.34999988,-9.450526e-09,-9.2744896e-07,-1.4623285e-08,-9.2605554e-07,-4.9421868e-08
0.34999983,-7.5914802e-09,0.34999983,-1.5051225e-08,-1.2656865e-06,-2.3320929e-08,-1.2630998e-06,-7.8674096e-08
0.34999978,-1.138015e-08,0.34999978,-2.2531691e-08,-1.6573994e-06,-3.495968e-08,-1.6529777e-06,-1.1771998e-07
0.34999972,-1.6271831e-08,0.34999972,-3.2171255e-08,-2.1029246e-06,-4.9986872e-08,-2.0958281e-06,-1.6800437e-07
0.34999965,-2.2414284e-08,0.34999965,-4.4251456e-08,-2.6025815e-06,-6.8856422e-08,-2.5917448e-06,-2.3098089e-07
0.34999957,-2.9957386e-08,0.34999958,-5.9055868e-08,-3.156671e-06,-9.2028754e-08,-3.1407756e-06,-3.0811102e-07
0.34999949,-3.9053102e-08,0.3499995,-7.6869925e-08,-3.7654754e-06,-1.199707e-07,-3.7429222e-06,-4.0086308e-07
0.3499994,-4.985545e-08,0.34999941,-9.7980738e-08,-4.4292579e-06,-1.5315541e-07,-4.3981391e-06,-5.1071133e-07
0.34999931,-6.2520475e-08,0.34999931,-1.2267691e-07,-5.1482617e-06,-1.9206225e-07,-5.1063335e-06,-6.3913494e-07
0.3499992,-7.7206207e-08,0.34999921,-1.5124836e-07,-5.9227102e-06,-2.3717669e-07,-5.8673645e-06,-7.8761698e-07
0.34999909,-9.4072633e-08,0.3499991,-1.8398612e-07,-6.7528061e-06,-2.8899021e-07,-6.6810427e-06,-9.5764343e-07
0.34999897,-1.1328165e-07,0.34999899,-2.2118214e-07,-7.638731e-06,-3.4800018e-07,-7.5471293e-06,-1.1507021e-06
0.34999884,-1.3499705e-07,0.34999887,-2.6312912e-07,-8.5806451e-06,-4.1470974e-07,-8.4653364e-06,-1.3682817e-06
0.34999871,-1.5938444e-07,0.34999874,-3.1012027e-07,-9.5786867e-06,-4.8962767e-07,-9.4353257e-06,-1.6118706e-06
0.34999857,-1.8661125e-07,0.3499986,-3.6244915e-07,-1.0632972e-05,-5.7326828e-07,-1.0456709e-05,-1.8829557e-06
0.34999842,-2.1684662e-07,0.34999846,-4.2040942e-07,-1.1743593e-05,-6.6615127e-07,-1.1529046e-05,-2.1830217e-06
0.34999826,-2.5026146e-07,0.34999831,-4.8429467e-07,-1.2910619e-05,-7.6880156e-07,-1.2651847e-05,-2.5135497e-06
0.34999809,-2.8702829e-07,0.34999815,-5.5439818e-07,-1.4134098e-05,-8.8174921e-07,-1.3824569e-05,-2.8760161e-06
0.34999792,-3.2732126e-07,0.34999799,-6.3101274e-07,-1.541405e-05,-1.0055292e-06,-1.5046617e-05,-3.2718917e-06
0.34999774,-3.7131611e-07,0.34999782,-7.1443036e-07,-1.6750473e-05,-1.1406814e-06,-1.6317346e-05,-3.7026402e-06
0.34999755,-4.1919005e-07,0.34999765,-8.0494213e-07,-1.8143339e-05,-1.2877503e-06,-1.7636056e-05,-4.1697175e-06
0.34999736,-4.7112178e-07,0.34999747,-9.0283794e-07,-1.9592593e-05,-1.4472847e-06,-1.9001995e-05,-4.6745702e-06
0.34999716,-5.272914e-07,0.34999729,-1.0084064e-06,-2.1098157e-05,-1.619838e-06,-2.0414357e-05,-5.2186344e-06
0.34999694,-5.8788036e-07,0.3499971,-1.1219344e-06,-2.2659925e-05,-1.8059675e-06,-2.1872284e-05,-5.803335e-06
0.34999673,-6.5307141e-07,0.3499969,-1.243707e-06,-2.4277765e-05,-2.0062348e-06,-2.3374865e-05,-6.4300838e-06
0.3499965,-7.230485e-07,0.3499967,-1.3740074e-06,-2.5951516e-05,-2.2212049e-06,-2.4921133e-05,-7.1002789e-06
0.34999627,-7.979968e-07,0.34999649,-1.5131162e-06,-2.7680991e-05,-2.4514467e-06,-2.6510068e-05,-7.8153033e-06
0.34999603,-8.7810256e-07,0.34999628,-1.6613115e-06,-2.9465976e-05,-2.6975323e-06,-2.8140598e-05,-8.5765237e-06
0.34999578,-9.6355309e-07,0.34999607,-1.818869e-06,-3.1306225e-05,-2.9600373e-06,-2.9811595e-05,-9.3852891e-06
0.34999552,-1.0545367e-06,0.34999585,-1.9860609e-06,-3.3201467e-05,-3.23954e-06,-3.1521878e-05,-1.024293e-05
0.34999526,-1.1512426e-06,0.34999562,-2.1631564e-06,-3.51514e-05,-3.5366218e-06,-3.3270209e-05,-1.1150757e-05
0.34999499,-1.2538608e-06,0.3499954,-2.3504213e-06,-3.7155693e-05,-3.8518664e-06,-3.5055301e-05,-1.2110058e-05
0.34999471,-1.3625821e-06,0.34999516,-2.5481176e-06,-3.9213984e-05,-4.1858603e-06,-3.6875809e-05,-1.3122102e-05
0.34999443,-1.4775981e-06,0.34999493,-2.7565033e-06,-4.1325882e-05,-4.5391916e-06,-3.8730336e-05,-1.418813e-05
0.34999414,-1.599101e-06,0.34999469,-2.9758321e-06,-4.3490965e-05,-4.9124509e-06,-4.0617429e-05,-1.5309362e-05
0.34999384,-1.7272834e-06,0.34999445,-3.2063536e-06,-4.5708779e-05,-5.3062302e-06,-4.2535585e-05,-1.6486988e-05
0.34999353,-1.8623386e-06,0.34999421,-3.4483124e-06,-4.7978841e-05,-5.7211231e-06,-4.4483243e-05,-1.7722174e-05
0.34999322,-2.0044602e-06,0.34999396,-3.7019482e-06,-5.0300632e-05,-6.1577242e-06,-4.6458791e-05,-1.9016055e-05
0.3499929,-2.1538421e-06,0.34999371,-3.9674956e-06,-5.2673607e-05,-6.6166294e-06,-4.8460565e-05,-2.0369738e-05
0.34999257,-2.3106785e-06,0.34999347,-4.2451838e-06,-5.5097183e-05,-7.0984352e-06,-5.0486846e-05,-2.1784297e-05
0.34999224,-2.4751636e-06,0.34999321,-4.5352363e-06,-5.7570747e-05,-7.6037386e-06,-5.2535863e-05,-2.3260775e-05
0.3499919,-2.647492e-06,0.34999296,-4.8378706e-06,-6.0093654e-05,-8.1331368e-06,-5.4605792e-05,-2.4800181e-05
0.34999155,-2.8278579e-06,0.34999271,-5.1532981e-06,-6.2665224e-05,-8.6872271e-06,-5.6694759e-05,-2.6403488e-05
0.3499912,-3.0164558e-06,0.34999246,-5.4817238e-06,-6.5284743e-05,-9.2666063e-06,-5.8800837e-05,-2.8071635e-05
0.34999084,-3.2134796e-06,0.3499922,-5.8233459e-06,-6.7951466e-05,-9.8718708e-06,-6.0922048e-05,-2.9805521e-05
0.34999047,-3.4191231e-06,0.34999195,-6.1783558e-06,-7.0664611e-05,-1.0503616e-05,-6.3056364e-05,-3.1606009e-05
0.3499901,-3.63358e-06,0.3499917,-6.5469379e-06,-7.3423364e-05,-1.1162437e-05,-6.5201705e-05,-3.347392e-05
0.34998972,-3.8570431e-06,0.34999145,-6.9292689e-06,-7.6226874e-05,-1.1848925e-05,-6.7355945e-05,-3.5410035e-05
0.34998934,-4.0897048e-06,0.3499912,-7.3255181e-06,-7.9074257e-05,-1.2563673e-05,-6.9516905e-05,-3.7415093e-05
0.34998895,-4.3317571e-06,0.34999095,-7.7358467e-06,-8.1964594e-05,-1.330727e-05,-7.1682359e-05,-3.9489788e-05
0.34998855,-4.5833908e-06,0.34999071,-8.1604079e-06,-8.4896931e-05,-1.4080302e-05,-7.3850035e-05,-4.1634772e-05
0.34998815,-4.8447963e-06,0.34999046,-8.5993466e-06,-8.7870277e-05,-1.4883354e-05,-7.601761e-05,-4.3850649e-05
0.34998775,-5.1161628e-06,0.34999022,-9.0527988e-06,-9.0883607e-05,-1.5717007e-05,-7.8182718e-05,-4.6137975e-05
0.34998733,-5.3976785e-06,0.34998999,-9.520892e-06,-9.3935861e-05,-1.658184e-05,-8.0342946e-05,-4.849726e-05
0.34998692,-5.6895305e-06,0.34998975,-1.0003744e-05,-9.702594e-05,-1.7478427e-05,-8.2495835e-05,-5.0928964e-05
0.3499865,-5.9919045e-06,0.34998953,-1.0501465e-05,-0.00010015271,-1.8407339e-05,-8.4638883e-05,-5.3433495e-05
0.34998607,-6.3049851e-06,0.3499893,-1.1014153e-05,-0.00010331501,-1.9369143e-05,-8.6769545e-05,-5.601121e-05
0.34998564,-6.6289552e-06,0.34998908,-1.1541897e-05,-0.00010651162,-2.0364401e-05,-8.8885232e-05,-5.8662415e-05
0.3499852,-6.9639963e-06,0.34998887,-1.2084778e-05,-0.00010974132,-2.139367e-05,-9.0983316e-05,-6.1387359e-05
0.34998476,-7.3102881e-06,0.34998866,-1.2642865e-05,-0.00011300281,-2.2457503e-05,-9.3061125e-05,-6.4186238e-05
0.34998432,-7.6680086e-06,0.34998846,-1.3216216e-05,-0.00011629479,-2.3556446e-05,-9.511595e-05,-6.705919e-05
0.34998387,-8.0373337e-06,0.34998827,-1.380488e-05,-0.0001196159,-2.469104e-05,-9.7145042e-05,-7.0006297e-05
0.34998342,-8.4184376e-06,0.34998809,-1.4408893e-05,-0.00012296475,-2.5861821e-05,-9.9145617e-05,-7.3027583e-05
0.34998296,-8.8114922e-06,0.34998791,-1.5028282e-05,-0.00012633993,-2.7069315e-05,-0.00010111485,-7.6123011e-05
0.34998251,-9.2166671e-06,0.34998774,-1.566306e-05,-0.00012973998,-2.8314046e-05,-0.00010304989,-7.9292486e-05
0.34998204,-9.6341296e-06,0.34998758,-1.6313232e-05,-0.00013316338,-2.9596525e-05,-0.00010494783,-8.2535849e-05
0.34998158,-1.0064045e-05,0.34998743,-1.6978788e-05,-0.00013660862,-3.0917261e-05,-0.00010680576,-8.585288e-05
0.34998111,-1.0506574e-05,0.34998729,-1.7659708e-05,-0.00014007412,-3.2276752e-05,-0.00010862072,-8.9243295e-05
0.34998064,-1.0961879e-05,0.34998716,-1.8355959e-05,-0.00014355828,-3.3675488e-05,-0.00011038972,-9.2706746e-05
0.34998017,-1.1430114e-05,0.34998704,-1.9067495e-05,-0.00014705944,-3.5113951e-05,-0.00011210975,-9.6242821e-05
0.3499797,-1.1911435e-05,0.34998693,-1.9794258e-05,-0.00015057594,-3.6592614e-05,-0.00011377776,-9.985104e-05
0.34997922,-1.2405991e-05,0.34998683,-2.0536177e-05,-0.00015410606,-3.8111939e-05,-0.00011539068,-0.00010353086
0.34997874,-1.2913931e-05,0.34998675,-2.129317e-05,-0.00015764805,-3.9672381e-05,-0.00011694542,-0.00010728166
0.34997826,-1.3435399e-05,0.34998668,-2.2065139e-05,-0.00016120012,-4.1274383e-05,-0.00011843886,-0.00011110276
0.34997778,-1.3970535e-05,0.34998662,-2.2851974e-05,-0.00016476044,-4.2918377e-05,-0.00011986786,-0.0001149934
0.3499773,-1.4519478e-05,0.34998658,-2.3653551e-05,-0.00016832717,-4.4604787e-05,-0.00012122925,-0.00011895278
0.34997682,-1.508236e-05,0.34998655,-2.4469733e-05,-0.0001718984,-4.6334022e-05,-0.00012251986,-0.00012297998
0.34997634,-1.5659313e-05,0.34998654,-2.530037e-05,-0.00017547222,-4.8106483e-05,-0.00012373648,-0.00012707405
0.34997586,-1.6250461e-05,0.34998654,-2.6145295e-05,-0.00017904665,-4.9922556e-05,-0.00012487591,-0.00013123395
0.34997538,-1.6855927e-05,0.34998656,-2.7004329e-05,-0.0001826197,-5.1782616e-05,-0.00012593492,-0.00013545857
0.3499749,-1.7475829e-05,0.3499866,-2.787728e-05,-0.00018618935,-5.3687025e-05,-0.00012691026,-0.00013974672
0.34997441,-1.811028e-05,0.34998665,-2.8763939e-05,-0.00018975351,-5.5636133e-05,-0.00012779869,-0.00014409714
0.34997393,-1.8759389e-05,0.34998672,-2.9664083e-05,-0.00019331011,-5.7630275e-05,-0.00012859695,-0.0001485085
0.34997346,-1.9423262e-05,0.34998681,-3.0577476e-05,-0.00019685699,-5.9669773e-05,-0.00012930176,-0.0001529794
0.34997298,-2.0101998e-05,0.34998692,-3.1503866e-05,-0.00020039201,-6.1754933e-05,-0.00012990986,-0.00015750833
0.34997251,-2.0795693e-05,0.34998705,-3.2442985e-05,-0.00020391296,-6.3886048e-05,-0.00013041796,-0.00016209375
0.34997203,-2.1504436e-05,0.3499872,-3.3394551e-05,-0.00020741761,-6.6063397e-05,-0.0001308228,-0.00016673402
0.34997156,-2.2228314e-05,0.34998737,-3.4358267e-05,-0.00021090371,-6.8287241e-05,-0.00013112109,-0.00017142741
0.3499711,-2.2967406e-05,0.34998756,-3.5333822e-05,-0.00021436897,-7.0557827e-05,-0.00013130955,-0.00017617214
0.34997063,-2.3721787e-05,0.34998777,-3.6320887e-05,-0.00021781105,-7.2875385e-05,-0.00013138492,-0.00018096634
0.34997017,-2.4491528e-05,0.349988,-3.7319119e-05,-0.00022122762,-7.5240128e-05,-0.00013134393,-0.00018580805
0.34996971,-2.5276691e-05,0.34998826,-3.832816e-05,-0.00022461628,-7.7652255e-05,-0.00013118331,-0.00019069524
0.34996926,-2.6077336e-05,0.34998854,-3.9347635e-05,-0.00022797463,-8.0111943e-05,-0.00013089983,-0.00019562582
0.34996881,-2.6893515e-05,0.34998884,-4.0377154e-05,-0.00023130023,-8.2619354e-05,-0.00013049024,-0.00020059759
0.34996837,-2.7725275e-05,0.34998917,-4.1416313e-05,-0.00023459062,-8.5174634e-05,-0.00012995133,-0.00020560829
0.34996793,-2.8572657e-05,0.34998952,-4.246469e-05,-0.00023784329,-8.7777906e-05,-0.00012927988,-0.00021065558
0.3499675,-2.9435695e-05,0.3499899,-4.3521848e-05,-0.00024105573,-9.0429277e-05,-0.00012847271,-0.00021573704
0.34996707,-3.0314418e-05,0.3499903,-4.4587334e-05,-0.0002442254,-9.3128834e-05,-0.00012752666,-0.00022085016
0.34996665,-3.1208848e-05,0.34999073,-4.5660679e-05,-0.00024734972,-9.5876646e-05,-0.00012643858,-0.00022599236
0.34996623,-3.2119001e-05,0.34999118,-4.67414e-05,-0.00025042609,-9.8672759e-05,-0.00012520535,-0.00023116099
0.34996583,-3.3044885e-05,0.34999167,-4.7828995e-05,-0.0002534519,-0.0001015172,-0.00012382387,-0.0002363533
0.34996542,-3.3986503e-05,0.34999218,-4.892295e-05,-0.00025642451,-0.00010440998,-0.00012229109,-0.00024156648
0.34996503,-3.494385e-05,0.34999272,-5.0022731e-05,-0.00025934124,-0.00010735109,-0.00012060398,-0.00024679763
0.34996465,-3.5916915e-05,0.34999329,-5.1127792e-05,-0.00026219942,-0.00011034047,-0.00011875953,-0.00025204378
0.34996427,-3.6905679e-05,0.34999388,-5.2237568e-05,-0.00026499633,-0.00011337809,-0.00011675479,-0.00025730188
0.3499639,-3.7910117e-05,0.34999451,-5.335148e-05,-0.00026772925,-0.00011646387,-0.00011458684,-0.0002625688
0.34996354,-3.8930196e-05,0.34999517,-5.4468934e-05,-0.00027039544,-0.00011959769,-0.00011225278,-0.00026784133
0.34996319,-3.9965875e-05,0.34999586,-5.5589319e-05,-0.00027299213,-0.00012277943,-0.00010974979,-0.00027311619
0.34996285,-4.1017106e-05,0.34999657,-5.6712009e-05,-0.00027551654,-0.00012600896,-0.00010707507,-0.00027839003
0.34996252,-4.2083835e-05,0.34999732,-5.7836361e-05,-0.00027796587,-0.0001292861,-0.00010422588,-0.0002836594
0.3499622,-4.3165998e-05,0.3499981,-5.896172e-05,-0.00028033732,-0.00013261064,-0.00010119952,-0.0002889208
0.34996189,-4.4263524e-05,0.34999892,-6.0087412e-05,-0.00028262805,-0.00013598239,-9.7993349e-05,-0.00029417065
0.34996159,-4.5376335e-05,0.34999976,-6.1212749e-05,-0.00028483523,-0.00013940109,-9.460478e-05,-0.00029940529
0.34996131,-4.6504343e-05,0.35000064,-6.233703e-05,-0.000286956,-0.00014286648,-9.1031284e-05,-0.00030462098
0.34996103,-4.7647454e-05,0.35000155,-6.3459536e-05,-0.00028898751,-0.00014637826,-8.7270392e-05,-0.00030981394
0.34996077,-4.8805564e-05,0.3500025,-6.4579535e-05,-0.00029092688,-0.00014993612,-8.3319696e-05,-0.00031498027
0.34996052,-4.9978563e-05,0.35000348,-6.5696279e-05,-0.00029277122,-0.00015353972,-7.9176853e-05,-0.00032011605
0.34996029,-5.116633e-05,0.35000449,-6.6809007e-05,-0.00029451766,-0.00015718868,-7.4839589e-05,-0.00032521725
0.34996007,-5.2368737e-05,0.35000554,-6.7916942e-05,-0.00029616329,-0.00016088262,-7.0305698e-05,-0.00033027981
0.34995986,-5.3585648e-05,0.35000662,-6.9019295e-05,-0.00029770522,-0.00016462111,-6.5573046e-05,-0.00033529956
0.34995966,-5.4816917e-05,0.35000774,-7.0115259e-05,-0.00029914053,-0.0001684037,-6.0639574e-05,-0.00034027229
0.34995948,-5.606239e-05,0.35000889,-7.1204018e-05,-0.00030046632,-0.00017222993,-5.55033e-05,-0.00034519374
0.34995932,-5.7321904e-05,0.35001008,-7.2284739e-05,-0.00030167968,-0.00017609929,-5.0162322e-05,-0.00035005955
0.34995917,-5.8595287e-05,0.35001131,-7.3356577e-05,-0.0003027777,-0.00018001126,-4.4614819e-05,-0.00035486531
0.34995904,-5.9882359e-05,0.35001257,-7.4418673e-05,-0.00030375746,-0.00018396527,-3.8859054e-05,-0.00035960657
0.34995892,-6.1182929e-05,0.35001387,-7.5470155e-05,-0.00030461606,-0.00018796074,-3.2893377e-05,-0.0003642788
0.34995883,-6.24968e-05,0.3500152,-7.6510141e-05,-0.00030535059,-0.00019199707,-2.6716228e-05,-0.00036887741
0.34995874,-6.3823762e-05,0.35001657,-7.7537732e-05,-0.00030595816,-0.00019607361,-2.0326138e-05,-0.00037339776
0.34995868,-6.51636e-05,0.35001798,-7.8552019e-05,-0.00030643586,-0.0002001897,-1.3721731e-05,-0.00037783516
0.34995863,-6.6516086e-05,0.35001942,-7.9552084e-05,-0.00030678081,-0.00020434464,-6.9017295e-06,-0.00038218486
0.3499586,-6.7880984e-05,0.3500209,-8.0536992e-05,-0.00030699013,-0.0002085377,1.350478e-07,-0.00038644205
0.34995859,-6.925805e-05,0.35002242,-8.15058e-05,-0.00030706095,-0.00021276814,7.3896792e-06,-0.00039060189
0.3499586,-7.0647029e-05,0.35002398,-8.2457554e-05,-0.00030699042,-0.00021703516,1.486314e-05,-0.00039465948
0.34995863,-7.2047657e-05,0.35002557,-8.3391288e-05,-0.00030677569,-0.00022133796,2.25563e-05,-0.00039860987
0.34995868,-7.345966e-05,0.3500272,-8.4306026e-05,-0.00030641393,-0.0002256757,3.0469921e-05,-0.00040244807
0.34995875,-7.4882755e-05,0.35002886,-8.5200784e-05,-0.00030590233,-0.0002300475,3.8604653e-05,-0.00040616905
0.34995884,-7.631665e-05,0.35003057,-8.6074565e-05,-0.00030523809,-0.00023445247,4.6961035e-05,-0.00040976772
0.34995895,-7.7761042e-05,0.35003231,-8.6926366e-05,-0.00030441844,-0.00023888968,5.553949e-05,-0.00041323899
0.34995908,-7.9215619e-05,0.35003409,-8.7755172e-05,-0.00030344061,-0.00024335816,6.4340323e-05,-0.0004165777
0.34995923,-8.068006e-05,0.3500359,-8.8559963e-05,-0.00030230188,-0.00024785694,7.3363721e-05,-0.00041977867
0.34995941,-8.2154033e-05,0.35003776,-8.9339708e-05,-0.00030099952,-0.00025238498,8.2609749e-05,-0.00042283668
0.34995961,-8.3637197e-05,0.35003965,-9.0093369e-05,-0.00029953087,-0.00025694125,9.2078348e-05,-0.00042574649
0.34995983,-8.5129202e-05,0.35004157,-9.0819902e-05,-0.00029789326,-0.00026152466,0.00010176933,-0.00042850282
0.34996007,-8.6629687e-05,0.35004353,-9.1518255e-05,-0.00029608405,-0.00026613411,0.00011168239,-0.00043110038
0.34996034,-8.8138281e-05,0.35004553,-9.2187369e-05,-0.00029410065,-0.00027076845,0.00012181707,-0.00043353384
0.34996063,-8.9654605e-05,0.35004757,-9.2826182e-05,-0.00029194049,-0.00027542653,0.00013217281,-0.00043579787
0.34996095,-9.117827e-05,0.35004964,-9.3433623e-05,-0.00028960103,-0.00028010713,0.00014274889,-0.0004378871
0.34996129,-9.2708875e-05,0.35005175,-9.4008617e-05,-0.00028707978,-0.00028480905,0.00015354446,-0.00043979616
0.34996165,-9.4246012e-05,0.35005389,-9.4550087e-05,-0.00028437428,-0.00028953101,0.00016455855,-0.00044151966
0.34996204,-9.5789262e-05,0.35005607,-9.5056949e-05,-0.00028148208,-0.00029427172,0.00017579003,-0.00044305221
0.34996246,-9.7338197e-05,0.35005828,-9.5528117e-05,-0.00027840082,-0.00029902989,0.00018723762,-0.0004443884
0.3499629,-9.8892378e-05,0.35006053,-9.5962501e-05,-0.00027512815,-0.00030380415,0.00019889993,-0.00044552282
0.34996336,-0.00010045136,0.35006281,-9.6359009e-05,-0.00027166177,-0.00030859313,0.00021077539,-0.00044645007
0.34996386,-0.00010201468,0.35006512,-9.6716548e-05,-0.00026799942,-0.00031339542,0.0002228623,-0.00044716474
0.34996438,-0.00010358188,0.35006747,-9.7034023e-05,-0.0002641389,-0.0003182096,0.00023515881,-0.00044766141
0.34996492,-0.00010515247,0.35006985,-9.7310338e-05,-0.00026007806,-0.00032303419,0.00024766292,-0.00044793471
0.3499655,-0.00010672598,0.35007226,-9.7544396e-05,-0.00025581477,-0.00032786771,0.00026037247,-0.00044797923
0.3499661,-0.0001083019,0.3500747,-9.7735102e-05,-0.00025134699,-0.00033270863,0.00027328516,-0.0004477896
0.34996673,-0.00010987974,0.35007718,-9.7881362e-05,-0.00024667272,-0.0003375554,0.00028639851,-0.00044736047
0.34996739,-0.00011145898,0.35007968,-9.7982081e-05,-0.00024179001,-0.00034240645,0.00029970991,-0.00044668651
0.34996808,-0.0001130391,0.35008222,-9.8036168e-05,-0.00023669697,-0.00034726016,0.00031321659,-0.00044576239
0.34996879,-0.00011461956,0.35008478,-9.8042536e-05,-0.00023139177,-0.00035211491,0.00032691559,-0.00044458282
0.34996954,-0.00011619983,0.35008737,-9.8000098e-05,-0.00022587265,-0.00035696903,0.00034080383,-0.00044314256
0.34997031,-0.00011777935,0.35008999,-9.7907775e-05,-0.0002201379,-0.00036182083,0.00035487805,-0.00044143636
0.34997111,-0.00011935757,0.35009264,-9.7764489e-05,-0.00021418588,-0.0003666686,0.00036913482,-0.00043945904
0.34997194,-0.00012093392,0.35009531,-9.7569169e-05,-0.00020801502,-0.00037151059,0.00038357055,-0.00043720546
0.3499728,-0.00012250782,0.35009801,-9.732075e-05,-0.00020162382,-0.00037634503,0.00039818149,-0.00043467049
0.34997369,-0.00012407869,0.35010074,-9.7018174e-05,-0.00019501083,-0.00038117012,0.00041296373,-0.00043184907
0.34997462,-0.00012564594,0.35010348,-9.6660389e-05,-0.00018817469,-0.00038598405,0.00042791318,-0.0004287362
0.34997557,-0.00012720896,0.35010625,-9.6246351e-05,-0.00018111413,-0.00039078497,0.00044302559,-0.00042532691
0.34997655,-0.00012876715,0.35010905,-9.5775027e-05,-0.00017382791,-0.000395571,0.00045829653,-0.0004216163
0.34997756,-0.00013031988,0.35011186,-9.524539e-05,-0.0001663149,-0.00040034025,0.00047372142,-0.00041759953
0.34997861,-0.00013186654,0.35011469,-9.4656426e-05,-0.00015857405,-0.0004050908,0.0004892955,-0.00041327182
0.34997968,-0.00013340649,0.35011755,-9.4007129e-05,-0.00015060438,-0.0004098207,0.00050501383,-0.00040862845
0.34998079,-0.00013493909,0.35012042,-9.3296507e-05,-0.000142405,-0.00041452798,0.00052087133,-0.00040366479
0.34998192,-0.0001364637,0.35012331,-9.2523578e-05,-0.00013397508,-0.00041921066,0.00053686271,-0.00039837628
0.34998309,-0.00013797965,0.35012621,-9.1687375e-05,-0.00012531391,-0.00042386672,0.00055298253,-0.00039275842
0.34998429,-0.00013948628,0.35012913,-9.0786942e-05,-0.00011642085,-0.00042849412,0.00056922519,-0.0003868068
0.34998552,-0.00014098294,0.35013206,-8.9821341e-05,-0.00010729534,-0.00043309081,0.00058558489,-0.00038051713
0.34998678,-0.00014246893,0.35013501,-8.8789646e-05,-9.7936947e-05,-0.00043765472,0.00060205568,-0.00037388516
0.34998807,-0.00014394358,0.35013797,-8.7690949e-05,-8.8345287e-05,-0.00044218375,0.00061863143,-0.00036690676
0.3499894,-0.0001454062,0.35014094,-8.6524356e-05,-7.8520095e-05,-0.00044667577,0.00063530585,-0.0003595779
0.34999075,-0.00014685609,0.35014391,-8.5288992e-05,-6.8461197e-05,-0.00045112866,0.00065207245,-0.00035189464
0.34999214,-0.00014829256,0.3501469,-8.3984002e-05,-5.8168516e-05,-0.00045554026,0.00066892461,-0.00034385315
0.34999356,-0.00014971489,0.35014989,-8.2608546e-05,-4.7642074e-05,-0.0004599084,0.0006858555,-0.00033544972
0.34999501,-0.00015112238,0.35015288,-8.1161806e-05,-3.6881996e-05,-0.0004642309,0.00070285815,-0.00032668073
0.34999649,-0.00015251431,0.35015588,-7.9642986e-05,-2.5888507e-05,-0.00046850554,0.0007199254,-0.00031754269
0.34999801,-0.00015388995,0.35015888,-7.8051307e-05,-1.4661937e-05,-0.00047273011,0.00073704994,-0.00030803224
0.34999955,-0.00015524857,0.35016188,-7.6386015e-05,-3.2027209e-06,-0.00047690237,0.00075422427,-0.00029814613
0.35000113,-0.00015658945,0.35016488,-7.4646378e-05,8.4885978e-06,-0.00048102007,0.00077144075,-0.00028788124
0.35000274,-0.00015791185,0.35016788,-7.2831689e-05,2.0411368e-05,-0.00048508095,0.00078869154,-0.0002772346
0.35000437,-0.00015921502,0.35017087,-7.0941262e-05,3.2564829e-05,-0.00048908274,0.00080596867,-0.00026620334
0.35000604,-0.00016049823,0.35017386,-6.8974439e-05,4.4948108e-05,-0.00049302314,0.00082326399,-0.00025478477
0.35000774,-0.00016176072,0.35017685,-6.6930586e-05,5.7560218e-05,-0.00049689987,0.00084056917,-0.00024297633
0.35000948,-0.00016300174,0.35017982,-6.4809098e-05,7.0400061e-05,-0.0005007106,0.00085787576,-0.00023077559
0.35001124,-0.00016422055,0.35018278,-6.2609396e-05,8.3466421e-05,-0.00050445303,0.00087517511,-0.00021818029
0.35001303,-0.00016541637,0.35018574,-6.0330928e-05,9.6757963e-05,-0.00050812482,0.00089245843,-0.00020518833
0.35001485,-0.00016658845,0.35018867,-5.7973173e-05,0.00011027324,-0.00051172365,0.00090971677,-0.00019179776
0.3500167,-0.00016773603,0.3501916,-5.5535639e-05,0.00012401068,-0.00051524716,0.00092694104,-0.0001780068
0.35001859,-0.00016885835,0.3501945,-5.3017864e-05,0.00013796858,-0.00051869302,0.00094412196,-0.00016381382
0.3500205,-0.00016995463,0.35019739,-5.041942e-05,0.00015214515,-0.00052205887,0.00096125015,-0.00014921738
0.35002244,-0.00017102412,0.35020026,-4.7739907e-05,0.00016653843,-0.00052534235,0.00097831603,-0.00013421621
0.35002441,-0.00017206604,0.3502031,-4.4978961e-05,0.00018114637,-0.00052854112,0.00099530992,-0.00011880921
0.35002641,-0.00017307962,0.35020592,-4.213625e-05,0.00019596678,-0.0005316528,0.0010122219,-0.00010299548
0.35002843,-0.0001740641,0.35020872,-3.9211479e-05,0.00021099734,-0.00053467503,0.0010290421,-8.6774288e-05
0.35003049,-0.0001750187,0.35021148,-3.6204384e-05,0.00022623562,-0.00053760545,0.0010457604,-7.0145101e-05
0.35003257,-0.00017594266,0.35021422,-3.311474e-05,0.00024167905,-0.00054044171,0.0010623664,-5.3107577e-05
0.35003468,-0.00017683521,0.35021692,-2.9942358e-05,0.00025732493,-0.00054318143,0.0010788497,-3.566157e-05
0.35003682,-0.00017769558,0.35021959,-2.6687086e-05,0.00027317042,-0.00054582228,0.0010951999,-1.7807134e-05
0.35003898,-0.00017852301,0.35022223,-2.3348811e-05,0.00028921256,-0.00054836188,0.0011114063,4.5546986e-07
0.35004117,-0.00017931672,0.35022483,-1.9927458e-05,0.00030544827,-0.0005507979,0.001127458,1.9125777e-05
0.35004338,-0.00018007597,0.35022739,-1.6422992e-05,0.00032187431,-0.00055312799,0.0011433442,3.8203109e-05
0.35004562,-0.00018079998,0.3502299,-1.2835418e-05,0.00033848732,-0.00055534983,0.0011590539,5.7686575e-05
0.35004789,-0.00018148801,0.35023238,-9.1647838e-06,0.00035528382,-0.00055746109,0.0011745759,7.7575066e-05
0.35005018,-0.00018213929,0.3502348,-5.4111761e-06,0.00037226017,-0.00055945945,0.001189899,9.7867252e-05
0.35005249,-0.00018275308,0.35023718,-1.5747259e-06,0.0003894126,-0.0005613426,0.0012050118,0.00011856158
0.35005483,-0.00018332863,0.35023951,2.3443931e-06,0.00040673722,-0.00056310827,0.0012199027,0.00013965627
0.35005718,-0.00018386519,0.35024179,6.3459633e-06,0.00042422998,-0.00056475416,0.0012345604,0.0001611493
0.35005957,-0.00018436204,0.35024401,1.0429723e-05,0.00044188672,-0.00056627802,0.0012489731,0.00018303844
0.35006197,-0.00018481843,0.35024618,1.4595365e-05,0.00045970312,-0.0005676776,0.0012631289,0.00020532121
0.35006439,-0.00018523365,0.35024829,1.8842536e-05,0.00047767472,-0.00056895065,0.0012770162,0.00022799487
0.35006684,-0.00018560696,0.35025034,2.3170837e-05,0.00049579695,-0.00057009498,0.001290623,0.00025105648
0.3500693,-0.00018593766,0.35025232,2.7579823e-05,0.00051406508,-0.00057110839,0.0013039372,0.00027450281
0.35007178,-0.00018622503,0.35025424,3.2068998e-05,0.00053247424,-0.00057198869,0.0013169468,0.00029833042
0.35007428,-0.00018646837,0.3502561,3.6637822e-05,0.00055101943,-0.00057273375,0.0013296396,0.0003225356
0.3500768,-0.000186667,0.35025788,4.1285703e-05,0.00056969551,-0.00057334143,0.0013420034,0.00034711438
0.35007934,-0.00018682022,0.3502596,4.6012e-05,0.00058849719,-0.00057380962,0.0013540258,0.00037206256
0.35008189,-0.00018692736,0.35026124,5.0816025e-05,0.00060741907,-0.00057413626,0.0013656947,0.00039737567
0.35008446,-0.00018698775,0.3502628,5.5697036e-05,0.00062645558,-0.00057431928,0.0013769975,0.00042304896
0.35008704,-0.00018700072,0.35026429,6.0654242e-05,0.00064560103,-0.00057435666,0.0013879219,0.00044907744
0.35008963,-0.00018696564,0.35026569,6.56868e-05,0.00066484959,-0.00057424642,0.0013984553,0.00047545586
0.35009224,-0.00018688186,0.35026701,7.0793815e-05,0.00068419529,-0.00057398659,0.0014085852,0.00050217869
0.35009486,-0.00018674874,0.35026825,7.597434e-05,0.00070363202,-0.00057357524,0.0014182991,0.00052924012
0.3500975,-0.00018656568,0.3502694,8.1227374e-05,0.00072315354,-0.00057301047,0.0014275845,0.00055663411
0.35010014,-0.00018633206,0.35027047,8.6551865e-05,0.00074275347,-0.00057229042,0.0014364287,0.0005843543
0.35010279,-0.0001860473,0.35027144,9.1946704e-05,0.0007624253,-0.00057141326,0.0014448191,0.00061239408
0.35010546,-0.0001857108,0.35027231,9.7410731e-05,0.00078216238,-0.00057037722,0.0014527431,0.00064074658
0.35010813,-0.000185322,0.35027309,0.00010294273,0.00080195792,-0.00056918054,0.0014601882,0.00066940461
0.3501108,-0.00018488034,0.35027378,0.00010854143,0.00082180502,-0.00056782152,0.0014671416,0.00069836075
0.35011349,-0.00018438528,0.35027436,0.0001142055,0.00084169661,-0.00056629848,0.0014735909,0.00072760727
0.35011617,-0.00018383629,0.35027484,0.00011993357,0.00086162553,-0.00056460982,0.0014795234,0.00075713617
0.35011887,-0.00018323285,0.35027522,0.0001257242,0.00088158447,-0.00056275394,0.0014849265,0.00078693915
0.35012156,-0.00018257446,0.35027549,0.00013157588,0.00090156597,-0.00056072933,0.0014897878,0.00081700766
0.35012426,-0.00018186065,0.35027565,0.00013748709,0.00092156249,-0.00055853449,0.0014940948,0.00084733284
0.35012696,-0.00018109094,0.3502757,0.00014345619,0.00094156632,-0.00055616799,0.0014978349,0.00087790557
0.35012966,-0.00018026488,0.35027563,0.00014948155,0.00096156965,-0.00055362845,0.0015009959,0.00090871641
0.35013235,-0.00017938204,0.35027546,0.00015556143,0.00098156454,-0.00055091453,0.0015035653,0.00093975567
0.35013505,-0.00017844199,0.35027516,0.00016169405,0.0010015429,-0.00054802495,0.001505531,0.00097101337
0.35013774,-0.00017744434,0.35027474,0.00016787759,0.0010214966,-0.00054495849,0.0015068806,0.0010024792
0.35014043,-0.00017638871,0.35027421,0.00017411015,0.0010414173,-0.00054171398,0.0015076021,0.0010341427
0.35014311,-0.00017527472,0.35027355,0.00018038979,0.0010612965,-0.00053829031,0.0015076833,0.0010659928
0.35014578,-0.00017410205,0.35027276,0.00018671449,0.0010811258,-0.00053468641,0.0015071125,0.0010980187
0.35014845,-0.00017287036,0.35027185,0.00019308219,0.0011008965,-0.0005309013,0.0015058776,0.0011302087
0.35015111,-0.00017157935,0.3502708,0.00019949078,0.0011205998,-0.00052693405,0.001503967,0.0011625512
0.35015376,-0.00017022873,0.35026963,0.00020593806,0.0011402269,-0.00052278378,0.001501369,0.0011950343
0.35015639,-0.00016881824,0.35026832,0.00021242182,0.0011597687,-0.00051844968,0.0014980721,0.0012276456
0.35015902,-0.00016734764,0.35026687,0.00021893974,0.0011792162,-0.00051393102,0.0014940649,0.0012603727
0.35016162,-0.00016581671,0.35026529,0.00022548949,0.0011985602,-0.00050922712,0.0014893361,0.0012932027
0.35016422,-0.00016422524,0.35026357,0.00023206866,0.0012177914,-0.00050433738,0.0014838747,0.0013261224
0.3501668,-0.00016257307,0.35026171,0.00023867477,0.0012369004,-0.00049926125,0.0014776697,0.0013591186
0.35016936,-0.00016086004,0.35025971,0.00024530531,0.0012558777,-0.00049399827,0.0014707102,0.0013921775
0.3501719,-0.00015908602,0.35025756,0.00025195769,0.0012747138,-0.00048854805,0.0014629858,0.0014252853
0.35017442,-0.0001572509,0.35025527,0.0002586293,0.0012933989,-0.00048291027,0.0014544858,0.0014584277
0.35017692,-0.00015535461,0.35025283,0.00026531743,0.0013119234,-0.00047708467,0.0014452001,0.0014915903
0.3501794,-0.00015339709,0.35025023,0.00027201934,0.0013302773,-0.00047107109,0.0014351184,0.0015247583
0.35018185,-0.0001513783,0.35024749,0.00027873222,0.0013484507,-0.00046486943,0.0014242311,0.0015579167
0.35018427,-0.00014929824,0.3502446,0.00028545323,0.0013664337,-0.00045847968,0.0014125283,0.0015910502
0.35018667,-0.00014715693,0.35024155,0.00029217946,0.0013842162,-0.0004519019,0.0014000006,0.0016241434
0.35018904,-0.00014495441,0.35023835,0.00029890793,0.001401788,-0.00044513624,0.0013866388,0.0016571804
0.35019138,-0.00014269076,0.35023499,0.00030563563,0.0014191388,-0.00043818291,0.0013724338,0.0016901452
0.35019369,-0.00014036609,0.35023147,0.0003123595,0.0014362584,-0.00043104224,0.0013573769,0.0017230215
0.35019597,-0.0001379805,0.35022779,0.0003190764,0.0014531365,-0.00042371461,0.0013414595,0.0017557928
0.35019821,-0.00013553417,0.35022395,0.00032578316,0.0014697626,-0.0004162005,0.0013246734,0.0017884423
0.35020042,-0.00013302727,0.35021995,0.00033247656,0.0014861262,-0.00040850048,0.0013070106,0.0018209529
0.35020259,-0.00013046002,0.35021579,0.00033915332,0.0015022169,-0.0004006152,0.0012884632,0.0018533075
0.35020473,-0.00012783266,0.35021146,0.00034581011,0.001518024,-0.0003925454,0.0012690239,0.0018854885
0.35020682,-0.00012514545,0.35020697,0.00035244356,0.0015335369,-0.00038429191,0.0012486855,0.0019174782
0.35020887,-0.0001223987,0.35020231,0.00035905024,0.0015487451,-0.00037585566,0.001227441,0.0019492586
0.35021088,-0.00011959274,0.35019749,0.00036562669,0.0015636377,-0.00036723765,0.001205284,0.0019808117
0.35021285,-0.00011672792,0.3501925,0.00037216938,0.0015782041,-0.000358439,0.0011822081,0.002012119
0.35021477,-0.00011380464,0.35018734,0.00037867475,0.0015924335,-0.0003494609,0.0011582074,0.002043162
0.35021664,-0.00011082331,0.35018201,0.00038513918,0.0016063151,-0.00034030464,0.0011332762,0.0020739218
0.35021847,-0.0001077844,0.35017651,0.00039155904,0.0016198382,-0.00033097163,0.0011074094,0.0021043796
0.35022024,-0.00010468837,0.35017083,0.00039793061,0.0016329918,-0.00032146333,0.0010806019,0.002134516
0.35022197,-0.00010153576,0.35016499,0.00040425017,0.0016457653,-0.00031178134,0.0010528491,0.0021643118
0.35022364,-9.8327102e-05,0.35015898,0.00041051393,0.0016581476,-0.00030192733,0.0010241469,0.0021937475
0.35022525,-9.5062978e-05,0.3501528,0.00041671807,0.0016701281,-0.00029190309,0.00099449136,0.0022228032
0.35022681,-9.1744002e-05,0.35014644,0.00042285874,0.0016816958,-0.0002817105,0.00096387897,0.0022514591
0.35022832,-8.8370818e-05,0.35013991,0.00042893204,0.00169284,-0.00027135153,0.00093230664,0.0022796952
0.35022976,-8.4944103e-05,0.35013321,0.00043493404,0.0017035497,-0.00026082826,0.00089977167,0.0023074912
0.35023115,-8.1464569e-05,0.35012633,0.00044086076,0.0017138143,-0.00025014288,0.00086627174,0.0023348268
0.35023247,-7.7932958e-05,0.35011929,0.00044670821,0.0017236229,-0.00023929766,0.00083180492,0.0023616816
0.35023373,-7.4350048e-05,0.35011207,0.00045247236,0.0017329647,-0.00022829501,0.00079636974,0.0023880348
0.35023493,-7.0716652e-05,0.35010467,0.00045814914,0.0017418291,-0.0002171374,0.0007599651,0.0024138657
0.35023606,-6.7033613e-05,0.35009711,0.00046373444,0.0017502053,-0.00020582743,0.00072259037,0.0024391534
0.35023712,-6.3301812e-05,0.35008937,0.00046922416,0.0017580827,-0.0001943678,0.00068424533,0.002463877
0.35023812,-5.9522161e-05,0.35008147,0.00047461414,0.0017654506,-0.00018276131,0.0006449302,0.0024880153
0.35023904,-5.5695608e-05,0.35007339,0.00047990019,0.0017722986,-0.00017101087,0.00060464568,0.0025115472
0.3502399,-5.1823135e-05,0.35006514,0.00048507813,0.0017786162,-0.0001591195,0.0005633929,0.0025344514
0.35024068,-4.7905758e-05,0.35005672,0.00049014372,0.0017843928,-0.00014709031,0.00052117345,0.0025567064
0.35024138,-4.3944529e-05,0.35004814,0.00049509273,0.0017896181,-0.00013492652,0.00047798942,0.002578291
0.35024201,-3.9940534e-05,0.35003938,0.00049992088,0.0017942819,-0.00012263147,0.00043384335,0.0025991835
0.35024256,-3.5894893e-05,0.35003046,0.0005046239,0.0017983739,-0.0001102086,0.00038873827,0.0026193625
0.35024304,-3.1808761e-05,0.35002137,0.00050919749,0.001801884,-9.7661456e-05,0.00034267772,0.0026388063
0.35024343,-2.7683329e-05,0.35001212,0.00051363734,0.0018048021,-8.4993682e-05,0.00029566571,0.0026574933
0.35024375,-2.3519822e-05,0.3500027,0.00051793912,0.0018071183,-7.2209041e-05,0.00024770677,0.0026754019
0.35024398,-1.9319499e-05,0.34999313,0.00052209849,0.0018088228,-5.9311396e-05,0.00019880593,0.0026925103
0.35024412,-1.5083656e-05,0.34998339,0.00052611113,0.0018099058,-4.6304721e-05,0.00014896875,0.002708797
0.35024419,-1.0813621e-05,0.34997349,0.00052997266,0.0018103576,-3.3193093e-05,9.8201286e-05,0.0027242402
0.35024416,-6.5107598e-06,0.34996343,0.00053367875,0.0018101689,-1.9980698e-05,4.6510147e-05,0.0027388182
0.35024405,-2.1764705e-06,0.34995322,0.00053722502,0.0018093301,-6.6718274e-06,-6.0975388e-06,0.0027525095
0.35024385,2.187813e-06,0.34994285,0.00054060712,0.001807832,6.7291209e-06,-5.9614104e-05,0.0027652924
0.35024355,6.5806226e-06,0.34993233,0.00054382068,0.0018056656,2.0217643e-05,-0.00011403134,0.0027771453
0.35024317,1.1000456e-05,0.34992166,0.00054686136,0.0018028218,3.378913e-05,-0.00016934048,0.0027880468
0.3502427,1.5445775e-05,0.34991085,0.00054972479,0.0017992917,4.7438868e-05,-0.00022553222,0.0027979754
0.35024213,1.991501e-05,0.34989988,0.00055240664,0.0017950669,6.1162036e-05,-0.00028259669,0.0028069098
0.35024146,2.4406555e-05,0.34988878,0.00055490256,0.0017901386,7.4953712e-05,-0.00034052346,0.0028148286
0.3502407,2.8918772e-05,0.34987753,0.00055720824,0.0017844986,8.8808869e-05,-0.00039930152,0.0028217106
0.35023984,3.3449987e-05,0.34986614,0.00055931935,0.0017781387,0.00010272237,-0.00045891932,0.0028275349
0.35023889,3.7998495e-05,0.34985462,0.00056123161,0.0017710508,0.000116689,-0.00051936471,0.0028322804
0.35023783,4.2562557e-05,0.34984296,0.00056294073,0.0017632273,0.0001307034,-0.00058062497,0.0028359263
0.35023668,4.71404e-05,0.34983117,0.00056444246,0.0017546603,0.00014476015,-0.00064268679,0.002838452
0.35023542,5.173022e-05,0.34981926,0.00056573255,0.0017453426,0.00015885371,-0.0007055363,0.0028398369
0.35023406,5.6330179e-05,0.34980722,0.00056680681,0.0017352669,0.00017297844,-0.00076915902,0.0028400607
0.3502326,6.0938408e-05,0.34979506,0.00056766104,0.0017244262,0.00018712862,-0.00083353989,0.0028391031
0.35023103,6.5553005e-05,0.34978278,0.00056829108,0.0017128136,0.0002012984,-0.00089866324,0.0028369444
0.35022936,7.0172039e-05,0.34977039,0.00056869282,0.0017004226,0.00021548186,-0.00096451282,0.0028335645
0.35022759,7.4793545e-05,0.34975788,0.00056886216,0.0016872468,0.00022967297,-0.0010310718,0.0028289441
0.3502257,7.9415528e-05,0.34974527,0.00056879505,0.0016732801,0.00024386562,-0.0010983227,0.0028230637
0.35022371,8.4035964e-05,0.34973256,0.00056848747,0.0016585167,0.00025805359,-0.0011662475,0.0028159044
0.35022161,8.8652799e-05,0.34971974,0.00056793546,0.0016429508,0.00027223059,-0.0012348275,0.0028074471
0.3502194,9.3263947e-05,0.34970683,0.00056713507,0.0016265772,0.00028639021,-0.0013040434,0.0027976734
0.35021708,9.7867295e-05,0.34969382,0.00056608244,0.0016093906,0.00030052598,-0.0013738755,0.0027865651
0.35021465,0.0001024607,0.34968073,0.00056477373,0.0015913862,0.00031463132,-0.0014443032,0.002774104
0.35021211,0.000107042,0.34966756,0.00056320514,0.0015725594,0.00032869958,-0.0015153055,0.0027602725
0.35020946,0.00011160899,0.3496543,0.00056137296,0.0015529059,0.00034272401,-0.0015868606,0.0027450532
0.3502067,0.00011615944,0.34964097,0.00055927351,0.0015324216,0.00035669779,-0.0016589464,0.0027284292
0.35020382,0.00012069111,0.34962757,0.00055690317,0.0015111029,0.00037061402,-0.0017315398,0.0027103836
0.35020084,0.00012520172,0.34961411,0.00055425841,0.0014889461,0.0003844657,-0.0018046175,0.0026909002
0.35019773,0.00012968896,0.34960058,0.00055133572,0.0014659483,0.00039824577,-0.0018781552,0.002669963
0.35019452,0.00013415052,0.349587,0.00054813169,0.0014421064,0.00041194709,-0.0019521284,0.0026475564
0.35019119,0.00013858403,0.34957337,0.00054464297,0.001417418,0.00042556245,-0.0020265116,0.0026236652
0.35018774,0.00014298712,0.34955969,0.00054086627,0.0013918808,0.00043908456,-0.0021012791,0.0025982746
0.35018418,0.0001473574,0.34954597,0.0005367984,0.001365493,0.00045250606,-0.0021764042,0.0025713704
0.35018051,0.00015169245,0.34953222,0.00053243623,0.0013382529,0.00046581953,-0.00225186,0.0025429385
0.35017672,0.00015598983,0.34951843,0.0005277767,0.0013101593,0.00047901748,-0.0023276187,0.0025129655
0.35017281,0.00016024707,0.34950462,0.00052281687,0.0012812113,0.00049209235,-0.0024036521,0.0024814385
0.35016879,0.00016446169,0.3494908,0.00051755384,0.0012514083,0.00050503652,-0.0024799313,0.0024483448
0.35016466,0.00016863119,0.34947696,0.00051198483,0.0012207502,0.00051784232,-0.0025564268,0.0024136725
0.35016041,0.00017275305,0.34946311,0.00050610714,0.0011892369,0.00053050201,-0.0026331088,0.00237741
0.35015604,0.00017682474,0.34944926,0.00049991817,0.0011568691,0.00054300782,-0.0027099465,0.0023395463
0.35015156,0.00018084371,0.34943542,0.00049341539,0.0011236476,0.0005553519,-0.0027869088,0.002300071
0.35014696,0.00018480737,0.34942158,0.00048659641,0.0010895736,0.00056752635,-0.0028639641,0.002258974
0.35014225,0.00018871316,0.34940777,0.0004794589,0.0010546488,0.00057952326,-0.00294108,0.0022162461
0.35013743,0.00019255847,0.34939398,0.00047200067,0.0010188751,0.00059133464,-0.0030182237,0.0021718783
0.35013249,0.00019634068,0.34938021,0.00046421961,0.00098225483,0.00060295246,-0.003095362,0.0021258625
0.35012743,0.00020005718,0.34936649,0.00045611374,0.00094479083,0.00061436867,-0.0031724608,0.002078191
0.35012227,0.00020370532,0.3493528,0.00044768117,0.00090648623,0.00062557519,-0.0032494857,0.0020288568
0.35011699,0.00020728247,0.34933917,0.00043892014,0.00086734456,0.00063656387,-0.0033264018,0.0019778535
0.3501116,0.00021078596,0.34932559,0.00042982901,0.00082736978,0.00064732656,-0.0034031736,0.0019251754
0.35010609,0.00021421313,0.34931208,0.00042040624,0.00078656624,0.00065785508,-0.0034797651,0.0018708172
0.35010048,0.00021756132,0.34929863,0.00041065043,0.00074493871,0.00066814123,-0.0035561398,0.0018147745
0.35009475,0.00022082783,0.34928527,0.00040056031,0.00070249238,0.00067817677,-0.0036322608,0.0017570436
0.35008892,0.00022400999,0.34927198,0.00039013471,0.00065923283,0.00068795346,-0.0037080906,0.0016976213
0.35008297,0.00022710512,0.34925879,0.00037937261,0.0006151661,0.00069746305,-0.0037835913,0.0016365053
0.35007692,0.0002301105,0.3492457,0.00036827313,0.00057029862,0.00070669726,-0.0038587244,0.0015736938
0.35007076,0.00023302347,0.34923271,0.0003568355,0.00052463727,0.00071564781,-0.0039334511,0.0015091857
0.3500645,0.00023584131,0.34921983,0.00034505911,0.00047818936,0.00072430643,-0.0040077322,0.001442981
0.35005813,0.00023856134,0.34920708,0.00033294348,0.00043096263,0.00073266483,-0.0040815278,0.0013750801
0.35005166,0.00024118086,0.34919445,0.00032048827,0.00038296527,0.00074071473,-0.0041547979,0.0013054842
0.35004508,0.00024369717,0.34918196,0.00030769329,0.00033420589,0.00074844787,-0.0042275018,0.0012341953
0.3500384,0.0002461076,0.34916961,0.00029455848,0.00028469358,0.00075585598,-0.0042995987,0.0011612163
0.35003163,0.00024840946,0.34915742,0.00028108396,0.00023443783,0.00076293081,-0.0043710471,0.0010865508
0.35002475,0.00025060007,0.34914538,0.00026726998,0.00018344862,0.00076966412,-0.0044418053,0.001010203
0.35001777,0.00025267676,0.34913351,0.00025311695,0.00013173636,0.00077604772,-0.0045118313,0.00093217829
0.3500107,0.00025463686,0.34912181,0.00023862542,7.931192e-05,0.00078207341,-0.0045810826,0.00085248261
0.35000354,0.00025647774,0.3491103,0.00022379613,2.6186634e-05,0.00078773304,-0.0046495164,0.00077112282
0.34999628,0.00025819674,0.34909897,0.00020862995,-2.7627717e-05,0.00079301849,-0.0047170897,0.00068810662
0.34998894,0.00025979123,0.34908785,0.00019312792,-8.2118889e-05,0.00079792166,-0.0047837591,0.00060344255
0.3499815,0.0002612586,0.34907693,0.00017729125,-0.00013727418,0.00080243451,-0.0048494808,0.00051714003
0.34997397,0.00026259626,0.34906622,0.00016112132,-0.00019308041,0.00080654903,-0.0049142109,0.00042920932
0.34996636,0.0002638016,0.34905574,0.00014461968,-0.00024952396,0.00081025728,-0.0049779053,0.0003396616
0.34995867,0.00026487207,0.34904548,0.00012778802,-0.00030659074,0.00081355135,-0.0050405193,0.0002485089
0.34995089,0.00026580512,0.34903547,0.00011062824,-0.00036426617,0.0008164234,-0.0051020084,0.00015576417
0.34994303,0.00026659821,0.3490257,9.3142388e-05,-0.00042253523,0.00081886564,-0.0051623275,6.1441253e-05
0.3499351,0.00026724884,0.34901619,7.5332706e-05,-0.00048138244,0.00082087035,-0.0052214317,-3.4445078e-05
0.34992709,0.00026775452,0.34900694,5.7201602e-05,-0.00054079183,0.00082242988,-0.0052792755,-0.00013187914
0.349919,0.00026811279,0.34899796,3.8751665e-05,-0.00060074697,0.00082353666,-0.0053358136,-0.00023084433
0.34991085,0.00026832123,0.34898926,1.9985664e-05,-0.00066123098,0.00082418318,-0.0053910004,-0.00033132309
0.34990262,0.0002683774,0.34898085,9.0655263e-07,-0.00072222649,0.00082436203,-0.00544479,-0.00043329692
0.34989433,0.00026827895,0.34897274,-1.8482534e-05,-0.00078371569,0.00082406588,-0.0054971368,-0.0005367464
0.34988598,0.00026802351,0.34896493,-3.8178275e-05,-0.00084568028,0.00082328748,-0.0055479948,-0.00064165111
0.34987756,0.00026760876,0.34895743,-5.8177164e-05,-0.00090810152,0.0008220197,-0.0055973179,-0.00074798971
0.34986909,0.00026703243,0.34895026,-7.8475506e-05,-0.00097096019,0.00082025547,-0.0056450602,-0.00085573987
0.34986056,0.00026629225,0.34894341,-9.9069418e-05,-0.0010342366,0.00081798787,-0.0056911756,-0.00096487829
0.34985197,0.00026538601,0.3489369,-0.00011995482,-0.0010979107,0.00081521005,-0.005735618,-0.0010753807
0.34984334,0.00026431152,0.34893074,-0.00014112746,-0.0011619618,0.00081191529,-0.0057783413,-0.0011872218
0.34983465,0.00026306665,0.34892493,-0.00016258288,-0.0012263689,0.00080809699,-0.0058192995,-0.0013003755
0.34982593,0.00026164928,0.34891948,-0.00018431641,-0.0012911105,0.00080374866,-0.0058584467,-0.0014148144
0.34981716,0.00026005736,0.3489144,-0.00020632323,-0.0013561647,0.00079886394,-0.0058957368,-0.0015305103
0.34980835,0.00025828887,0.34890971,-0.00022859829,-0.001421509,0.00079343661,-0.0059311241,-0.0016474341
0.3497995,0.00025634184,0.34890539,-0.00025113635,-0.0014871206,0.00078746057,-0.0059645629,-0.0017655555
0.34979063,0.00025421432,0.34890148,-0.00027393198,-0.0015529763,0.00078092987,-0.0059960076,-0.0018848432
0.34978172,0.00025190444,0.34889796,-0.00029697957,-0.0016190523,0.0007738387,-0.0060254128,-0.0020052652
0.34977279,0.00024941037,0.34889486,-0.00032027327,-0.0016853245,0.0007661814,-0.0060527333,-0.0021267881
0.34976383,0.00024673032,0.34889217,-0.00034380707,-0.0017517683,0.00075795245,-0.006077924,-0.0022493778
0.34975485,0.00024386255,0.34888991,-0.00036757474,-0.0018183587,0.00074914651,-0.0061009402,-0.002372999
0.34974586,0.00024080538,0.34888808,-0.00039156987,-0.0018850703,0.00073975838,-0.0061217374,-0.0024976155
0.34973686,0.00023755719,0.3488867,-0.00041578584,-0.0019518772,0.00072978305,-0.0061402713,-0.00262319
0.34972784,0.00023411641,0.34888576,-0.00044021582,-0.0020187532,0.00071921566,-0.0061564979,-0.0027496843
0.34971882,0.00023048152,0.34888528,-0.0004648528,-0.0020856716,0.00070805153,-0.0061703735,-0.0028770593
0.3497098,0.00022665107,0.34888527,-0.00048968956,-0.0021526053,0.00069628616,-0.0061818551,-0.0030052746
0.34970078,0.00022262365,0.34888572,-0.00051471869,-0.002219527,0.00068391525,-0.0061908995,-0.003134289
0.34969177,0.00021839795,0.34888666,-0.00053993258,-0.0022864088,0.00067093466,-0.0061974643,-0.0032640603
0.34968276,0.00021397268,0.34888808,-0.00056532341,-0.0023532223,0.00065734046,-0.0062015073,-0.0033945452
0.34967377,0.00020934663,0.34888999,-0.00059088317,-0.0024199392,0.00064312893,-0.0062029871,-0.0035256997
0.3496648,0.00020451867,0.34889241,-0.00061660367,-0.0024865302,0.00062829652,-0.0062018623,-0.0036574784
0.34965584,0.00019948772,0.34889533,-0.00064247649,-0.0025529662,0.00061283992,-0.0061980924,-0.0037898352
0.34964691,0.00019425278,0.34889876,-0.00066849304,-0.0026192175,0.000596756,-0.0061916371,-0.003922723
0.34963801,0.0001888129,0.34890272,-0.00069464452,-0.0026852539,0.00058004186,-0.0061824569,-0.0040560937
0.34962915,0.00018316722,0.3489072,-0.00072092194,-0.0027510452,0.00056269482,-0.0061705127,-0.0041898983
0.34962032,0.00017731496,0.34891221,-0.00074731613,-0.0028165606,0.00054471242,-0.0061557662,-0.0043240866
0.34961153,0.00017125538,0.34891777,-0.0007738177,-0.0028817691,0.00052609243,-0.0061381795,-0.0044586077
0.34960279,0.00016498785,0.34892387,-0.0008004171,-0.0029466392,0.00050683285,-0.0061177155,-0.0045934099
0.3495941,0.0001585118,0.34893052,-0.00082710457,-0.0030111395,0.00048693191,-0.0060943377,-0.0047284401
0.34958546,0.00015182673,0.34893773,-0.00085387017,-0.0030752378,0.00046638809,-0.0060680104,-0.0048636446
0.34957688,0.00014493225,0.3489455,-0.00088070377,-0.0031389021,0.0004452001,-0.0060386986,-0.0049989689
0.34956836,0.00013782801,0.34895384,-0.00090759505,-0.0032020996,0.00042336692,-0.006006368,-0.0051343573
0.34955991,0.00013051376,0.34896275,-0.00093453351,-0.0032647977,0.00040088775,-0.0059709851,-0.0052697535
0.34955154,0.00012298935,0.34897225,-0.00096150848,-0.0033269633,0.00037776208,-0.0059325173,-0.0054050999
0.34954324,0.00011525469,0.34898232,-0.0009885091,-0.0033885631,0.00035398963,-0.0058909327,-0.0055403385
0.34953501,0.00010730978,0.34899299,-0.0010155243,-0.0034495635,0.0003295704,-0.0058462004,-0.0056754103
0.34952688,9.9154718e-05,0.34900425,-0.0010425429,-0.0035099308,0.00030450466,-0.0057982904,-0.0058102552
0.34951883,9.0789671e-05,0.34901611,-0.0010695536,-0.0035696309,0.00027879293,-0.0057471734,-0.0059448127
0.34951088,8.2214909e-05,0.34902858,-0.0010965446,-0.0036286298,0.00025243601,-0.0056928214,-0.006079021
0.34950303,7.3430787e-05,0.34904165,-0.0011235044,-0.0036868929,0.00022543501,-0.005635207,-0.0062128181
0.34949528,6.4437753e-05,0.34905533,-0.0011504211,-0.0037443857,0.00019779127,-0.0055743041,-0.0063461405
0.34948765,5.5236345e-05,0.34906962,-0.0011772825,-0.0038010736,0.00016950644,-0.0055100874,-0.0064789247
0.34948012,4.5827194e-05,0.34908453,-0.0012040764,-0.0038569215,0.00014058247,-0.0054425328,-0.0066111057
0.34947271,3.6211025e-05,0.34910007,-0.0012307906,-0.0039118944,0.00011102158,-0.0053716173,-0.0067426184
0.34946543,2.6388661e-05,0.34911623,-0.0012574124,-0.0039659572,8.0826282e-05,-0.0052973188,-0.0068733965
0.34945827,1.6361016e-05,0.34913301,-0.0012839291,-0.0040190745,4.9999403e-05,-0.0052196166,-0.0070033733
0.34945124,6.1291061e-06,0.34915043,-0.001310328,-0.0040712109,1.8544056e-05,-0.005138491,-0.0071324813
0.34944435,-4.3059586e-06,0.34916848,-0.0013365961,-0.0041223309,-1.3536339e-05,-0.0050539235,-0.0072606524
0.3494376,-1.4942967e-05,0.34918716,-0.0013627202,-0.004172399,-4.6238058e-05,-0.0049658969,-0.0073878178
0.349431,-2.578061e-05,0.34920648,-0.0013886872,-0.0042213794,-7.9557068e-05,-0.004874395,-0.007513908
0.34942455,-3.6817477e-05,0.34922644,-0.0014144835,-0.0042692365,-0.00011348903,-0.0047794031,-0.0076388531
0.34941826,-4.8052055e-05,0.34924704,-0.0014400957,-0.0043159345,-0.00014802927,-0.0046809077,-0.0077625825
0.34941212,-5.9482732e-05,0.34926828,-0.0014655101,-0.0043614376,-0.00018317284,-0.0045788966,-0.007885025
0.34940616,-7.110779e-05,0.34929016,-0.0014907131,-0.0044057101,-0.00021891444,-0.004473359,-0.008006109
0.34940036,-8.292541e-05,0.34931268,-0.0015156906,-0.0044487161,-0.00025524845,-0.0043642855,-0.0081257622
0.34939474,-9.4933667e-05,0.34933585,-0.0015404286,-0.00449042,-0.00029216895,-0.0042516678,-0.0082439121
0.34938929,-0.00010713053,0.34935966,-0.0015649131,-0.0045307859,-0.00032966968,-0.0041354993,-0.0083604853
0.34938404,-0.00011951387,0.34938412,-0.0015891299,-0.0045697783,-0.00036774405,-0.0040157747,-0.0084754084
0.34937897,-0.00013208145,0.34940921,-0.0016130646,-0.0046073614,-0.00040638517,-0.0038924903,-0.0085886074
0.3493741,-0.00014483091,0.34943495,-0.0016367028,-0.0046434998,-0.00044558578,-0.0037656438,-0.0087000079
0.34936942,-0.00015775981,0.34946133,-0.0016600299,-0.0046781581,-0.00048533831,-0.0036352342,-0.0088095351
0.34936495,-0.00017086558,0.34948835,-0.0016830315,-0.0047113009,-0.00052563487,-0.0035012624,-0.008917114
0.34936069,-0.00018414556,0.34951601,-0.0017056928,-0.004742893,-0.00056646722,-0.0033637305,-0.0090226691
0.34935664,-0.00019759696,0.3495443,-0.001727999,-0.0047728995,-0.00060782678,-0.0032226425,-0.0091261249
0.34935281,-0.00021121691,0.34957323,-0.0017499353,-0.0048012854,-0.00064970466,-0.0030780037,-0.0092274054
0.3493492,-0.0002250024,0.34960279,-0.0017714869,-0.004828016,-0.00069209159,-0.0029298212,-0.0093264345
0.34934582,-0.00023895035,0.34963298,-0.0017926388,-0.0048530568,-0.00073497801,-0.0027781036,-0.0094231358
0.34934268,-0.00025305752,0.3496638,-0.0018133759,-0.0048763736,-0.000778354,-0.0026228612,-0.0095174329
0.34933976,-0.0002673206,0.34969524,-0.0018336832,-0.0048979323,-0.00082220929,-0.0024641061,-0.0096092493
0.34933709,-0.00028173617,0.3497273,-0.0018535455,-0.0049176991,-0.00086653329,-0.002301852,-0.0096985081
0.34933467,-0.00029630067,0.34975998,-0.0018729479,-0.0049356404,-0.00091131506,-0.0021361143,-0.0097851326
0.34933249,-0.00031101047,0.34979326,-0.001891875,-0.0049517231,-0.00095654333,-0.00196691,-0.0098690461
0.34933057,-0.00032586179,0.34982715,-0.0019103116,-0.0049659141,-0.0010022065,-0.0017942581,-0.0099501717
0.34932891,-0.00034085076,0.34986165,-0.0019282426,-0.0049781808,-0.0010482926,-0.0016181792,-0.010028433
0.34932751,-0.00035597342,0.34989674,-0.0019456527,-0.0049884909,-0.0010947893,-0.0014386959,-0.010103752
0.34932638,-0.00037122567,0.34993242,-0.0019625266,-0.0049968125,-0.001141684,-0.0012558322,-0.010176054
0.34932552,-0.00038660331,0.34996868,-0.0019788491,-0.005003114,-0.0011889638,-0.0010696143,-0.010245261
0.34932494,-0.00040210203,0.35000553,-0.001994605,-0.0050073642,-0.0012366153,-0.00088007005,-0.010311298
0.34932463,-0.00041771743,0.35004294,-0.002009779,-0.0050095325,-0.0012846248,-0.00068722919,-0.010374088
0.34932462,-0.00043344497,0.35008092,-0.0020243559,-0.0050095883,-0.0013329785,-0.00049112333,-0.010433555
0.34932488,-0.00044928003,0.35011946,-0.0020383205,-0.005007502,-0.001381662,-0.00029178592,-0.010489624
0.34932545,-0.00046521786,0.35015854,-0.0020516576,-0.0050032439,-0.0014306607,-8.9252322e-05,-0.01054222
0.3493263,-0.00048125362,0.35019817,-0.0020643522,-0.0049967852,-0.0014799596,0.0001164402,-0.010591267
0.34932746,-0.00049738237,0.35023833,-0.0020763891,-0.0049880975,-0.0015295433,0.00032525249,-0.010636692
0.34932892,-0.00051359903,0.35027902,-0.0020877534,-0.0049771529,-0.0015793963,0.00053714345,-0.01067842
0.34933069,-0.00052989845,0.35032022,-0.0020984301,-0.0049639239,-0.0016295027,0.00075207005,-0.010716378
0.34933277,-0.00054627536,0.35036193,-0.0021084042,-0.0049483838,-0.001679846,0.00096998734,-0.010750492
0.34933516,-0.00056272439,0.35040413,-0.002117661,-0.0049305063,-0.0017304098,0.0011908484,-0.010780689
0.34933787,-0.00057924006,0.35044683,-0.0021261857,-0.0049102658,-0.0017811772,0.0014146043,-0.010806899
0.3493409,-0.00059581679,0.35048999,-0.0021339637,-0.0048876372,-0.0018321308,0.0016412043,-0.01082905
0.34934426,-0.00061244892,0.35053362,-0.0021409804,-0.0048625962,-0.0018832532,0.0018705956,-0.01084707
0.34934795,-0.00062913066,0.35057771,-0.0021472214,-0.0048351191,-0.0019345265,0.0021027232,-0.010860891
0.34935196,-0.00064585614,0.35062223,-0.0021526723,-0.0048051827,-0.0019859326,0.0023375306,-0.010870442
0.34935631,-0.00066261937,0.35066719,-0.0021573189,-0.0047727647,-0.002037453,0.0025749588,-0.010875656
0.349361,-0.00067941429,0.35071257,-0.0021611473,-0.0047378435,-0.002089069,0.0028149472,-0.010876465
0.34936602,-0.00069623474,0.35075835,-0.0021641433,-0.004700398,-0.0021407614,0.003057433,-0.010872801
0.34937139,-0.00071307444,0.35080452,-0.0021662932,-0.0046604082,-0.002192511,0.0033023515,-0.0108646
0.34937711,-0.00072992704,0.35085107,-0.0021675833,-0.0046178545,-0.0022442982,0.0035496359,-0.010851796
0.34938317,-0.00074678609,0.35089799,-0.0021680002,-0.0045727183,-0.0022961029,0.0037992174,-0.010834326
0.34938958,-0.00076364506,0.35094526,-0.0021675305,-0.0045249818,-0.0023479052,0.0040510254,-0.010812126
0.34939634,-0.00078049732,0.35099286,-0.0021661612,-0.0044746279,-0.0023996843,0.0043049871,-0.010785136
0.34940346,-0.00079733616,0.35104079,-0.0021638791,-0.0044216405,-0.0024514198,0.0045610279,-0.010753293
0.34941094,-0.00081415476,0.35108902,-0.0021606716,-0.0043660043,-0.0025030905,0.0048190709,-0.010716539
0.34941877,-0.00083094626,0.35113754,-0.002156526,-0.0043077047,-0.0025546752,0.0050790375,-0.010674816
0.34942697,-0.00084770367,0.35118634,-0.0021514301,-0.0042467282,-0.0026061524,0.0053408471,-0.010628067
0.34943552,-0.00086441996,0.3512354,-0.0021453717,-0.0041830622,-0.0026575003,0.005604417,-0.010576235
0.34944444,-0.00088108799,0.3512847,-0.0021383388,-0.0041166948,-0.002708697,0.0058696626,-0.010519266
0.34945373,-0.00089770055,0.35133422,-0.0021303198,-0.0040476154,-0.0027597202,0.0061364973,-0.010457108
0.34946338,-0.00091425037,0.35138396,-0.0021213033,-0.003975814,-0.0028105475,0.0064048327,-0.010389709
0.3494734,-0.0009307301,0.35143388,-0.0021112781,-0.0039012819,-0.0028611562,0.0066745783,-0.010317019
0.34948379,-0.0009471323,0.35148398,-0.0021002332,-0.0038240111,-0.0029115233,0.0069456418,-0.010238988
0.34949455,-0.00096344949,0.35153423,-0.002088158,-0.0037439948,-0.0029616258,0.0072179288,-0.010155571
0.34950567,-0.0009796741,0.35158462,-0.0020750422,-0.0036612272,-0.0030114404,0.0074913433,-0.010066721
0.34951717,-0.0009957985,0.35163512,-0.0020608756,-0.0035757035,-0.0030609436,0.0077657871,-0.0099723942
0.34952905,-0.001011815,0.35168572,-0.0020456484,-0.0034874199,-0.0031101115,0.0080411602,-0.0098725493
0.34954129,-0.0010277159,0.3517364,-0.0020293511,-0.0033963739,-0.0031589205,0.0083173611,-0.0097671455
0.34955391,-0.0010434933,0.35178714,-0.0020119747,-0.0033025639,-0.0032073463,0.0085942859,-0.009656144
0.3495669,-0.0010591394,0.35183791,-0.0019935101,-0.0032059893,-0.0032553648,0.0088718293,-0.009539508
0.34958026,-0.0010746462,0.3518887,-0.0019739489,-0.003106651,-0.0033029516,0.0091498841,-0.0094172024
0.349594,-0.0010900059,0.35193949,-0.0019532829,-0.0030045506,-0.0033500822,0.0094283412,-0.009289194
0.34960811,-0.0011052103,0.35199025,-0.0019315043,-0.0028996911,-0.0033967318,0.0097070899,-0.0091554517
0.34962258,-0.0011202515,0.35204096,-0.0019086055,-0.0027920766,-0.0034428757,0.0099860177,-0.0090159462
0.34963743,-0.0011351213,0.35209161,-0.0018845794,-0.0026817124,-0.0034884889,0.01026501,-0.0088706503
0.34965265,-0.0011498115,0.35214217,-0.0018594192,-0.0025686051,-0.0035335464,0.010543952,-0.0087195387
0.34966824,-0.0011643141,0.35219261,-0.0018331187,-0.0024527621,-0.0035780229,0.010822725,-0.0085625884
0.3496842,-0.0011786207,0.35224291,-0.0018056717,-0.0023341925,-0.0036218933,0.01110121,-0.0083997783
0.34970052,-0.0011927232,0.35229306,-0.0017770727,-0.0022129064,-0.0036651321,0.011379287,-0.0082310897
0.34971721,-0.0012066132,0.35234303,-0.0017473165,-0.0020889151,-0.003707714,0.011656833,-0.0080565061
0.34973426,-0.0012202825,0.35239279,-0.0017163983,-0.0019622313,-0.0037496134,0.011933724,-0.0078760129
0.34975168,-0.0012337227,0.35244232,-0.0016843138,-0.0018328687,-0.0037908047,0.012209835,-0.0076895983
0.34976945,-0.0012469255,0.3524916,-0.0016510591,-0.0017008426,-0.0038312623,0.012485039,-0.0074972525
0.34978758,-0.0012598826,0.3525406,-0.0016166306,-0.0015661694,-0.0038709605,0.012759208,-0.0072989681
0.34980607,-0.0012725855,0.3525893,-0.0015810253,-0.0014288668,-0.0039098737,0.013032211,-0.0070947402
0.34982491,-0.0012850259,0.35263767,-0.0015442406,-0.0012889538,-0.003947976,0.013303918,-0.0068845661
0.3498441,-0.0012971955,0.35268569,-0.0015062744,-0.0011464509,-0.0039852419,0.013574196,-0.006668446
0.34986364,-0.0013090857,0.35273333,-0.001467125,-0.0010013795,-0.0040216454,0.013842912,-0.0064463822
0.34988352,-0.0013206882,0.35278058,-0.0014267913,-0.0008537628,-0.0040571609,0.014109931,-0.0062183797
0.34990374,-0.0013319947,0.35282739,-0.0013852725,-0.00070362505,-0.0040917627,0.014375116,-0.0059844461
0.3499243,-0.0013429968,0.35287375,-0.0013425685,-0.00055099194,-0.004125425,0.014638329,-0.0057445916
0.34994519,-0.001353686,0.35291963,-0.0012986795,-0.00039589051,-0.0041581223,0.014899433,-0.005498829
0.34996641,-0.0013640541,0.352965,-0.0012536063,-0.00023834913,-0.004189829,0.015158288,-0.0052471738
0.34998796,-0.0013740927,0.35300984,-0.0012073502,-7.8397575e-05,-0.0042205194,0.015414752,-0.0049896442
0.35000984,-0.0013837935,0.35305413,-0.0011599131,8.3933043e-05,-0.0042501683,0.015668685,-0.0047262612
0.35003203,-0.0013931482,0.35309783,-0.0011112973,0.00024861022,-0.0042787501,0.015919944,-0.0044570485
0.35005453,-0.0014021486,0.35314091,-0.0010615057,0.00041560007,-0.0043062397,0.016168385,-0.0041820325
0.35007734,-0.0014107864,0.35318336,-0.0010105418,0.00058486734,-0.0043326119,0.016413863,-0.0039012427
0.35010045,-0.0014190534,0.35322514,-0.00095840942,0.00075637536,-0.0043578416,0.016656234,-0.0036147112
0.35012387,-0.0014269415,0.35326623,-0.00090511323,0.00093008609,-0.0043819039,0.016895352,-0.003322473
0.35014758,-0.0014344426,0.3533066,-0.00085065829,0.0011059601,-0.0044047742,0.017131069,-0.0030245661
0.35017157,-0.0014415487,0.35334622,-0.00079505024,0.0012839565,-0.0044264277,0.017363239,-0.0027210315
0.35019585,-0.0014482517,0.35338506,-0.00073829532,0.0014640332,-0.0044468401,0.017591713,-0.0024119129
0.3502204,-0.0014545438,0.3534231,-0.00068040034,0.0016461464,-0.0044659871,0.017816343,-0.0020972572
0.35024523,-0.0014604169,0.35346031,-0.00062137268,0.0018302512,-0.0044838447,0.018036981,-0.0017771143
0.35027031,-0.0014658633,0.35349667,-0.00056122034,0.0020163012,-0.004500389,0.018253476,-0.0014515369
0.35029566,-0.0014708753,0.35353213,-0.00049995187,0.0022042485,-0.0045155963,0.01846568,-0.001120581
0.35032126,-0.0014754452,0.35356669,-0.00043757646,0.0023940438,-0.0045294434,0.018673441,-0.00078430548
0.3503471,-0.0014795653,0.3536003,-0.00037410388,0.0025856367,-0.004541907,0.01887661,-0.00044277238
0.35037318,-0.0014832282,0.35363295,-0.00030954451,0.0027789751,-0.0045529643,0.019075036,-9.6046803e-05
0.35039949,-0.0014864264,0.35366459,-0.00024390936,0.0029740056,-0.0045625926,0.019268568,0.00025580302
0.35042602,-0.0014891526,0.35369522,-0.00017721003,0.0031706735,-0.0045707696,0.019457057,0.00061270575
0.35045277,-0.0014913996,0.35372479,-0.00010945876,0.0033689227,-0.0045774733,0.01964035,0.0009745869
0.35047973,-0.0014931601,0.35375328,-4.0668419e-05,0.0035686955,-0.0045826818,0.019818298,0.0013413688
0.35050688,-0.0014944271,0.35378067,2.914751e-05,0.0037699333,-0.0045863739,0.019990749,0.0017129708
0.35053423,-0.0014951937,0.35380692,9.9974902e-05,0.0039725756,-0.0045885284,0.020157554,0.0020893087
0.35056176,-0.0014954531,0.35383201,0.000171799,0.004176561,-0.0045891246,0.020318563,0.0024702956
0.35058947,-0.0014951986,0.35385591,0.00024460441,0.0043818265,-0.0045881421,0.020473625,0.002855841
0.35061734,-0.0014944234,0.35387859,0.0003183751,0.0045883079,-0.0045855609,0.020622592,0.0032458514
0.35064537,-0.0014931213,0.35390003,0.00039309438,0.0047959395,-0.0045813615,0.020765315,0.0036402302
0.35067355,-0.0014912857,0.3539202,0.00046874493,0.0050046545,-0.0045755246,0.020901644,0.0040388773
0.35070187,-0.0014889106,0.35393907,0.00054530878,0.0052143847,-0.0045680313,0.021031433,0.0044416897
0.35073032,-0.0014859898,0.35395662,0.0006227673,0.0054250604,-0.0045588634,0.021154535,0.0048485611
0.35075889,-0.0014825175,0.35397281,0.00070110123,0.0056366111,-0.0045480029,0.021270803,0.0052593818
0.35078757,-0.0014784877,0.35398763,0.00078029063,0.0058489645,-0.0045354323,0.021380091,0.0056740392
0.35081635,-0.0014738949,0.35400105,0.00086031494,0.0060620475,-0.0045211346,0.021482256,0.0060924173
0.35084522,-0.0014687336,0.35401304,0.00094115292,0.0062757853,-0.0045050933,0.021577153,0.006514397
0.35087417,-0.0014629985,0.35402358,0.0010227827,0.0064901024,-0.0044872922,0.021664641,0.0069398561
0.3509032,-0.0014566843,0.35403263,0.0011051817,0.0067049216,-0.004467716,0.021744577,0.0073686688
0.35093228,-0.0014497862,0.35404018,0.0011883268,0.0069201649,-0.0044463494,0.021816821,0.0078007068
0.35096141,-0.0014422992,0.3540462,0.0012721942,0.0071357527,-0.0044231781,0.021881235,0.008235838
0.35099058,-0.0014342188,0.35405067,0.0013567592,0.0073516047,-0.004398188,0.021937681,0.0086739275
0.35101978,-0.0014255404,0.35405356,0.0014419969,0.0075676391,-0.0043713659,0.021986023,0.0091148372
0.35104899,-0.0014162598,0.35405485,0.0015278813,0.0077837732,-0.0043426987,0.022026126,0.0095584259
0.35107821,-0.0014063729,0.35405451,0.0016143862,0.007999923,-0.0043121742,0.022057856,0.010004549
0.35110742,-0.0013958757,0.35405252,0.0017014843,0.0082160037,-0.0042797809,0.022081084,0.01045306
0.35113661,-0.0013847646,0.35404886,0.0017891479,0.008431929,-0.0042455076,0.022095679,0.010903807
0.35116577,-0.0013730361,0.35404351,0.0018773488,0.0086476121,-0.0042093438,0.022101513,0.011356637
0.35119489,-0.0013606868,0.35403644,0.0019660579,0.0088629647,-0.0041712798,0.02209846,0.011811395
0.35122396,-0.0013477136,0.35402763,0.0020552455,0.0090778977,-0.0041313064,0.022086397,0.012267919
0.35125295,-0.0013341137,0.35401706,0.0021448815,0.0092923212,-0.004089415,0.022065201,0.012726048
0.35128187,-0.0013198844,0.35400472,0.0022349349,0.0095061442,-0.0040455978,0.022034754,0.013185616
0.3513107,-0.0013050233,0.35399057,0.0023253742,0.0097192746,-0.0039998475,0.021994936,0.013646455
0.35133943,-0.0012895282,0.3539746,0.0024161673,0.0099316196,-0.0039521578,0.021945634,0.014108393
0.35136803,-0.001273397,0.3539568,0.0025072815,0.010143086,-0.0039025227,0.021886735,0.014571257
0.35139651,-0.001256628,0.35393714,0.0025986835,0.010353578,-0.0038509371,0.021818127,0.01503487
0.35142485,-0.0012392196,0.3539156,0.0026903393,0.010563002,-0.0037973968,0.021739704,0.015499051
0.35145303,-0.0012211707,0.35389216,0.0027822144,0.01077126,-0.003741898,0.02165136,0.015963619
0.35148104,-0.0012024801,0.35386682,0.0028742738,0.010978257,-0.0036844378,0.021552993,0.016428388
0.35150887,-0.0011831472,0.35383955,0.0029664816,0.011183894,-0.0036250142,0.021444504,0.016893171
0.3515365,-0.0011631712,0.35381033,0.0030588018,0.011388074,-0.0035636256,0.021325794,0.017357777
0.35156393,-0.001142552,0.35377916,0.0031511974,0.011590696,-0.0035002715,0.021196772,0.017822013
0.35159113,-0.0011212895,0.35374601,0.0032436311,0.011791662,-0.0034349521,0.021057345,0.018285684
0.3516181,-0.001099384,0.35371087,0.0033360651,0.011990872,-0.0033676683,0.020907426,0.018748592
0.35164482,-0.001076836,0.35367373,0.0034284607,0.012188225,-0.0032984219,0.020746931,0.019210537
0.35167127,-0.0010536462,0.35363458,0.0035207792,0.012383619,-0.0032272154,0.020575778,0.019671315
0.35169745,-0.0010298156,0.3535934,0.003612981,0.012576952,-0.0031540522,0.020393891,0.020130721
0.35172334,-0.0010053456,0.35355018,0.003705026,0.012768123,-0.0030789366,0.020201193,0.020588549
0.35174892,-0.00098023784,0.35350492,0.0037968739,0.012957029,-0.0030018736,0.019997615,0.021044589
0.35177418,-0.00095449408,0.35345759,0.0038884836,0.013143567,-0.0029228692,0.019783089,0.021498629
0.35179911,-0.00092811652,0.3534082,0.0039798136,0.013327633,-0.00284193,0.019557551,0.021950455
0.3518237,-0.00090110759,0.35335673,0.0040708222,0.013509124,-0.0027590637,0.019320942,0.022399851
0.35184792,-0.00087347001,0.35330318,0.0041614668,0.013687936,-0.0026742788,0.019073205,0.022846601
0.35187176,-0.00084520681,0.35324753,0.0042517048,0.013863964,-0.0025875847,0.018814288,0.023290483
0.35189522,-0.0008163213,0.35318979,0.0043414929,0.014037105,-0.0024989916,0.018544143,0.023731277
0.35191827,-0.00078681707,0.35312994,0.0044307874,0.014207253,-0.0024085107,0.018262726,0.024168759
0.3519409,-0.00075669805,0.35306799,0.0045195443,0.014374305,-0.002316154,0.017969996,0.024602704
0.3519631,-0.00072596842,0.35300392,0.0046077192,0.014538154,-0.0022219345,0.017665918,0.025032886
0.35198485,-0.0006946327,0.35293775,0.0046952674,0.014698697,-0.0021258659,0.01735046,0.025459076
0.35200614,-0.00066269569,0.35286945,0.0047821436,0.014855829,-0.0020279632,0.017023595,0.025881046
0.35202696,-0.00063016252,0.35279904,0.0048683025,0.015009446,-0.0019282419,0.0166853,0.026298563
0.35204728,-0.00059703861,0.35272651,0.0049536981,0.015159441,-0.0018267187,0.016335556,0.026711397
0.35206711,-0.00056332969,0.35265186,0.0050382845,0.015305712,-0.0017234112,0.01597435,0.027119312
0.35208641,-0.00052904181,0.3525751,0.0051220151,0.015448154,-0.0016183378,0.015601672,0.027522075
0.35210518,-0.00049418132,0.35249623,0.0052048433,0.015586663,-0.0015115179,0.015217518,0.027919449
0.35212341,-0.0004587549,0.35241524,0.0052867222,0.015721135,-0.001402972,0.014821887,0.028311199
0.35214107,-0.00042276953,0.35233215,0.0053676046,0.015851467,-0.0012927213,0.014414785,0.028697086
0.35215816,-0.00038623251,0.35224697,0.0054474432,0.015977556,-0.0011807881,0.013996221,0.029076871
0.35217466,-0.00034915147,0.35215969,0.0055261902,0.016099299,-0.0010671955,0.01356621,0.029450317
0.35219055,-0.00031153434,0.35207032,0.0056037979,0.016216594,-0.00095196784,0.013124772,0.029817182
0.35220583,-0.00027338937,0.35197888,0.0056802184,0.016329339,-0.00083513013,0.012671931,0.030177226
0.35222048,-0.00023472514,0.35188536,0.0057554035,0.016437434,-0.00071670848,0.012207717,0.03053021
0.35223449,-0.00019555055,0.35178979,0.0058293051,0.016540778,-0.0005967299,0.011732165,0.03087589
0.35224784,-0.00015587479,0.35169218,0.0059018747,0.016639271,-0.0004752224,0.011245316,0.031214027
0.35226051,-0.00011570742,0.35159253,0.005973064,0.016732813,-0.00035221492,0.010747214,0.031544379
0.35227251,-7.5058275e-05,0.35149085,0.0060428243,0.016821308,-0.00022773738,0.010237911,0.031866704
0.3522838,-3.3937532e-05,0.35138718,0.0061111073,0.016904656,-0.00010182063,0.0097174624,0.03218076
0.35229438,7.6443192e-06,0.35128151,0.0061778643,0.016982762,2.5503484e-05,0.0091859296,0.032486306
0.35230424,4.9676468e-05,0.35117387,0.0062430466,0.01705553,0.0001542022,0.0086433797,0.032783102
0.35231336,9.2147786e-05,0.35106427,0.0063066059,0.017122864,0.00028424177,0.0080898851,0.033070905
0.35232173,0.00013504683,0.35095273,0.0063684934,0.017184671,0.00041558751,0.0075255238,0.033349476
0.35232934,0.00017836183,0.35083927,0.0064286608,0.017240859,0.00054820378,0.0069503793,0.033618576
0.35233617,0.00022208072,0.35072392,0.0064870596,0.017291335,0.00068205399,0.0063645409,0.033877964
0.35234221,0.0002661911,0.3506067,0.0065436416,0.017336009,0.00081710062,0.0057681033,0.034127404
0.35234746,0.00031068027,0.35048762,0.0065983586,0.017374791,0.00095330521,0.0051611671,0.034366656
0.35235189,0.00035553521,0.35036671,0.0066511626,0.017407595,0.0010906283,0.0045438385,0.034595486
0.3523555,0.00040074259,0.350244,0.0067020057,0.017434332,0.0012290297,0.0039162295,0.034813658
0.35235827,0.00044628878,0.35011951,0.0067508404,0.017454918,0.0013684679,0.0032784579,0.035020937
0.3523602,0.00049215984,0.34999328,0.0067976192,0.017469268,0.001508901,0.0026306472,0.035217092
0.35236127,0.00053834153,0.34986533,0.0068422948,0.017477301,0.0016502857,0.0019729269,0.03540189
0.35236147,0.00058481929,0.34973568,0.0068848205,0.017478934,0.0017925781,0.0013054323,0.035575104
0.35236079,0.00063157829,0.34960438,0.0069251497,0.017474089,0.0019357333,0.0006283045,0.035736503
0.35235922,0.00067860337,0.34947144,0.0069632359,0.017462688,0.0020797054,-5.8309427e-05,0.035885864
0.35235675,0.00072587912,0.34933692,0.0069990333,0.017444654,0.0022244478,-0.00075425652,0.03602296
0.35235337,0.00077338979,0.34920083,0.0070324963,0.017419914,0.0023699129,-0.0014593779,0.036147572
0.35234907,0.00082111937,0.34906322,0.0070635797,0.017388395,0.0025160523,-0.0021735087,0.036259477
0.35234383,0.00086905157,0.34892412,0.0070922387,0.017350025,0.0026628167,-0.0028964783,0.03635846
0.35233766,0.0009171698,0.34878357,0.007118429,0.017304735,0.002810156,-0.0036281098,0.036444305
0.35233054,0.00096545721,0.3486416,0.0071421068,0.01725246,0.0029580192,-0.0043682206,0.036516798
0.35232247,0.0010138967,0.34849827,0.0071632286,0.017193133,0.0031063544,-0.0051166221,0.036575732
0.35231342,0.0010624708,0.3483536,0.0071817516,0.017126691,0.0032551091,-0.0058731198,0.036620897
0.35230341,0.0011111618,0.34820764,0.0071976335,0.017053075,0.0034042298,-0.006637513,0.036652091
0.35229241,0.001159952,0.34806043,0.0072108326,0.016972224,0.0035536624,-0.0074095954,0.036669111
0.35228042,0.001208823,0.34791203,0.0072213078,0.016884081,0.0037033517,-0.0081891545,0.036671761
0.35226743,0.0012577564,0.34776246,0.0072290184,0.016788594,0.003853242,-0.008975972,0.036659844
0.35225344,0.0013067336,0.34761178,0.0072339247,0.016685709,0.0040032768,-0.0097698237,0.036633171
0.35223844,0.0013557356,0.34746004,0.0072359875,0.016575376,0.0041533989,-0.010570479,0.036591552
0.35222243,0.0014047432,0.34730729,0.0072351681,0.016457548,0.0043035501,-0.011377703,0.036534805
0.35220539,0.0014537371,0.34715356,0.007231429,0.01633218,0.0044536718,-0.012191253,0.036462749
0.35218732,0.0015026977,0.34699893,0.007224733,0.016199229,0.0046037046,-0.013010882,0.036375207
0.35216821,0.001551605,0.34684342,0.0072150438,0.016058655,0.0047535885,-0.013836336,0.036272008
0.35214807,0.0016004391,0.34668711,0.0072023261,0.01591042,0.0049032625,-0.014667355,0.036152982
0.35212689,0.0016491796,0.34653004,0.0071865453,0.01575449,0.0050526654,-0.015503676,0.036017967
0.35210466,0.0016978061,0.34637227,0.0071676674,0.015590832,0.0052017351,-0.016345027,0.035866802
0.35208137,0.001746298,0.34621385,0.0071456597,0.015419416,0.0053504089,-0.017191132,0.035699333
0.35205703,0.0017946342,0.34605483,0.0071204901,0.015240216,0.0054986237,-0.01804171,0.03551541
0.35203164,0.0018427939,0.34589529,0.0070921276,0.015053207,0.0056463156,-0.018896472,0.035314887
0.35200518,0.0018907558,0.34573527,0.007060542,0.014858368,0.0057934201,-0.019755125,0.035097624
0.35197766,0.0019384985,0.34557483,0.0070257042,0.01465568,0.0059398725,-0.020617373,0.034863485
0.35194907,0.0019860005,0.34541404,0.0069875861,0.014445128,0.0060856072,-0.021482909,0.034612339
0.35191942,0.0020332399,0.34525296,0.0069461606,0.014226699,0.0062305584,-0.022351426,0.034344063
0.3518887,0.002080195,0.34509165,0.0069014015,0.014000384,0.0063746596,-0.023222609,0.034058535
0.35185691,0.0021268438,0.34493016,0.0068532839,0.013766176,0.0065178439,-0.024096138,0.033755643
0.35182406,0.0021731641,0.34476857,0.0068017839,0.013524071,0.0066600441,-0.024971689,0.033435277
0.35179013,0.0022191337,0.34460695,0.0067468787,0.013274069,0.0068011924,-0.02584893,0.033097335
0.35175514,0.0022647301,0.34444535,0.0066885466,0.013016172,0.0069412208,-0.026727529,0.03274172
0.35171908,0.0023099309,0.34428384,0.0066267673,0.012750386,0.0070800608,-0.027607144,0.032368341
0.35168196,0.0023547135,0.34412249,0.0065615213,0.012476721,0.0072176436,-0.02848743,0.031977113
0.35164377,0.0023990551,0.34396137,0.0064927907,0.012195188,0.0073539,-0.029368039,0.031567959
0.35160453,0.0024429331,0.34380054,0.0064205586,0.011905804,0.0074887606,-0.030248616,0.031140805
0.35156423,0.0024863246,0.34364008,0.0063448094,0.011608586,0.0076221557,-0.031128802,0.030695586
0.35152287,0.0025292066,0.34348006,0.0062655288,0.011303557,0.0077540154,-0.032008234,0.030232243
0.35148046,0.0025715561,0.34332054,0.0061827037,0.010990743,0.0078842696,-0.032886545,0.029750723
0.35143701,0.0026133502,0.3431616,0.0060963226,0.010670172,0.0080128478,-0.033763361,0.029250981
0.35139251,0.0026545657,0.34300331,0.006006375,0.010341877,0.0081396796,-0.034638307,0.028732978
0.35134698,0.0026951795,0.34284575,0.0059128519,0.010005894,0.0082646943,-0.035511003,0.028196681
0.35130042,0.0027351686,0.34268898,0.0058157457,0.0096622616,0.0083878211,-0.036381064,0.027642068
0.35125283,0.0027745098,0.34253308,0.0057150501,0.0093110228,0.0085089891,-0.037248101,0.027069118
0.35120422,0.0028131798,0.34237813,0.0056107604,0.008952224,0.0086281274,-0.038111723,0.026477824
0.35115461,0.0028511557,0.3422242,0.0055028732,0.0085859148,0.0087451652,-0.038971534,0.025868181
0.35110399,0.0028884141,0.34207136,0.0053913865,0.0082121488,0.0088600313,-0.039827134,0.025240195
0.35105238,0.0029249322,0.34191969,0.0052762998,0.007830983,0.0089726549,-0.040678121,0.024593877
0.35099978,0.0029606867,0.34176928,0.0051576141,0.0074424778,0.0090829652,-0.041524089,0.023929248
0.3509462,0.0029956546,0.34162018,0.005035332,0.0070466976,0.0091908912,-0.042364629,0.023246334
0.35089166,0.003029813,0.34147249,0.0049094575,0.0066437101,0.0092963623,-0.043199327,0.022545173
0.35083616,0.0030631389,0.34132628,0.0047799962,0.0062335869,0.009399308,-0.04402777,0.021825807
0.35077971,0.0030956096,0.34118162,0.0046469551,0.0058164032,0.009499658,-0.04484954,0.021088288
0.35072233,0.0031272023,0.3410386,0.0045103429,0.0053922377,0.009597342,-0.045664214,0.020332675
0.35066402,0.0031578943,0.3408973,0.0043701699,0.0049611731,0.0096922901,-0.046471372,0.019559036
0.3506048,0.003187663,0.34075778,0.0042264478,0.0045232955,0.0097844327,-0.047270587,0.018767448
0.35054468,0.0032164861,0.34062014,0.00407919,0.0040786949,0.0098737004,-0.048061431,0.017957995
0.35048368,0.0032443411,0.34048445,0.0039284117,0.0036274649,0.0099600241,-0.048843475,0.017130768
0.3504218,0.0032712061,0.34035079,0.0037741294,0.003169703,0.010043335,-0.049616288,0.016285871
0.35035906,0.0032970588,0.34021923,0.0036163614,0.0027055102,0.010123565,-0.050379436,0.015423413
0.35029548,0.0033218775,0.34008987,0.0034551277,0.0022349914,0.010200647,-0.051132484,0.014543511
0.35023107,0.0033456405,0.33996277,0.0032904498,0.0017582551,0.010274512,-0.051874997,0.013646294
0.35016584,0.0033683262,0.33983802,0.003122351,0.0012754135,0.010345094,-0.052606536,0.012731897
0.35009982,0.0033899132,0.33971569,0.002950856,0.00078658271,0.010412327,-0.053326663,0.011800465
0.35003302,0.0034103806,0.33959587,0.0027759917,0.00029188239,0.010476144,-0.054034939,0.010852151
0.34996545,0.0034297072,0.33947864,0.0025977861,-0.00020856402,0.010536481,-0.054730924,0.0098871178
0.34989714,0.0034478725,0.33936407,0.0024162693,-0.0007146294,0.010593272,-0.055414176,0.0089055362
0.3498281,0.003464856,0.33925224,0.0022314728,-0.0012261829,0.010646454,-0.056084254,0.0079075865
0.34975835,0.0034806374,0.33914324,0.0020434301,-0.0017430901,0.010695964,-0.056740718,0.0068934581
0.34968791,0.0034951967,0.33903714,0.0018521762,-0.0022652127,0.010741738,-0.057383126,0.0058633493
0.3496168,0.0035085143,0.33893401,0.0016577479,-0.0027924088,0.010783716,-0.058011036,0.0048174673
0.34954503,0.0035205707,0.33883394,0.0014601836,-0.0033245331,0.010821835,-0.058624008,0.0037560287
0.34947264,0.0035313467,0.33873701,0.0012595235,-0.0038614364,0.010856036,-0.059221602,0.002679259
0.34939964,0.0035408236,0.33864329,0.0010558096,-0.0044029659,0.01088626,-0.059803377,0.0015873929
0.34932604,0.0035489827,0.33855286,0.00084908543,-0.0049489653,0.010912448,-0.060368896,0.00048067428
0.34925189,0.0035558059,0.3384658,0.00063939636,-0.0054992748,0.010934541,-0.06091772,-0.00064064373
0.34917718,0.0035612752,0.33838218,0.00042678945,-0.0060537309,0.010952485,-0.061449413,-0.0017762989
0.34910196,0.003565373,0.33830208,0.00021131349,-0.0066121667,0.010966223,-0.061963542,-0.0029260197
0.34902623,0.0035680822,0.33822557,-6.9810336e-06,-0.0071744117,0.0109757,-0.062459672,-0.0040895256
0.34895004,0.0035693859,0.33815272,-0.00022804192,-0.007740292,0.010980863,-0.062937372,-0.0052665266
0.34887339,0.0035692675,0.33808362,-0.00045181524,-0.0083096303,0.010981659,-0.063396214,-0.0064567238
0.34879632,0.0035677111,0.33801834,-0.00067824537,-0.0088822458,0.010978038,-0.063835771,-0.0076598088
0.34871884,0.0035647008,0.33795694,-0.000907275,-0.0094579545,0.010969949,-0.064255619,-0.0088754642
0.34864099,0.0035602214,0.3378995,-0.0011388451,-0.010036569,0.010957342,-0.064655337,-0.010103363
0.34856279,0.003554258,0.3378461,-0.001372895,-0.010617898,0.010940171,-0.065034505,-0.011343171
0.34848427,0.003546796,0.33779679,-0.0016093622,-0.011201749,0.010918389,-0.06539271,-0.012594541
0.34840545,0.0035378214,0.33775166,-0.0018481827,-0.011787923,0.01089195,-0.065729538,-0.013857122
0.34832636,0.0035273206,0.33771076,-0.0020892907,-0.012376221,0.01086081,-0.066044582,-0.015130548
0.34824703,0.0035152804,0.33767418,-0.0023326189,-0.012966439,0.010824928,-0.066337437,-0.016414449
0.34816749,0.0035016881,0.33764196,-0.0025780981,-0.013558371,0.010784261,-0.066607703,-0.017708443
0.34808775,0.0034865315,0.33761419,-0.0028256577,-0.014151806,0.010738771,-0.066854984,-0.019012141
0.34800786,0.0034697989,0.33759093,-0.0030752253,-0.014746533,0.010688418,-0.067078887,-0.020325143
0.34792785,0.0034514788,0.33757223,-0.0033267271,-0.015342336,0.010633166,-0.067279026,-0.021647043
0.34784773,0.0034315606,0.33755817,-0.0035800873,-0.015938996,0.01057298,-0.067455018,-0.022977423
0.34776755,0.0034100341,0.3375488,-0.0038352289,-0.016536293,0.010507825,-0.067606487,-0.02431586
0.34768732,0.0033868893,0.33754418,-0.0040920731,-0.017134002,0.01043767,-0.067733061,-0.025661918
0.34760709,0.0033621172,0.33754438,-0.0043505397,-0.017731897,0.010362485,-0.067834373,-0.027015156
0.34752687,0.003335709,0.33754945,-0.0046105467,-0.018329748,0.010282239,-0.067910063,-0.028375123
0.34744671,0.0033076565,0.33755946,-0.0048720107,-0.018927325,0.010196906,-0.067959777,-0.029741361
0.34736664,0.0032779522,0.33757445,-0.0051348469,-0.019524392,0.010106461,-0.067983166,-0.0311134
0.34728668,0.003246589,0.33759448,-0.0053989687,-0.020120712,0.010010878,-0.06797989,-0.032490767
0.34720686,0.0032135604,0.3376196,-0.0056642884,-0.020716047,0.0099101376,-0.067949612,-0.033872976
0.34712723,0.0031788605,0.33764987,-0.0059307165,-0.021310155,0.0098042176,-0.067892005,-0.035259536
0.34704781,0.003142484,0.33768533,-0.0061981621,-0.021902792,0.0096930999,-0.067806747,-0.036649948
0.34696863,0.0031044261,0.33772604,-0.0064665329,-0.022493712,0.009576768,-0.067693525,-0.038043704
0.34688973,0.0030646828,0.33777204,-0.0067357354,-0.023082668,0.009455207,-0.067552033,-0.039440287
0.34681114,0.0030232503,0.33782338,-0.0070056744,-0.023669409,0.0093284038,-0.067381972,-0.040839177
0.3467329,0.002980126,0.3378801,-0.0072762535,-0.024253683,0.0091963476,-0.067183051,-0.042239841
0.34665504,0.0029353073,0.33794225,-0.0075473748,-0.024835237,0.0090590293,-0.06695499,-0.043641743
0.34657758,0.0028887927,0.33800987,-0.0078189393,-0.025413816,0.0089164417,-0.066697513,-0.045044337
0.34650057,0.0028405812,0.33808299,-0.0080908465,-0.025989161,0.0087685796,-0.066410356,-0.046447072
0.34642405,0.0027906722,0.33816165,-0.0083629947,-0.026561014,0.0086154402,-0.066093262,-0.047849388
0.34634803,0.002739066,0.3382459,-0.008635281,-0.027129114,0.0084570221,-0.065745985,-0.04925072
0.34627257,0.0026857636,0.33833576,-0.0089076011,-0.0276932,0.0082933265,-0.065368286,-0.050650495
0.34619769,0.0026307665,0.33843127,-0.0091798496,-0.028253009,0.0081243565,-0.064959937,-0.052048135
0.34612343,0.0025740768,0.33853246,-0.00945192,-0.028808276,0.0079501172,-0.064520719,-0.053443055
0.34604982,0.0025156975,0.33863936,-0.0097237046,-0.029358735,0.0077706159,-0.064050424,-0.054834663
0.34597691,0.002455632,0.33875199,-0.0099950944,-0.02990412,0.0075858622,-0.063548853,-0.056222361
0.34590471,0.0023938848,0.33887038,-0.01026598,-0.030444163,0.0073958677,-0.063015818,-0.057605548
0.34583328,0.0023304605,0.33899456,-0.010536249,-0.030978596,0.0072006462,-0.062451141,-0.058983613
0.34576264,0.0022653649,0.33912455,-0.010805791,-0.031507149,0.0070002137,-0.061854654,-0.060355943
0.34569283,0.0021986042,0.33926036,-0.011074491,-0.032029553,0.0067945885,-0.061226203,-0.061721918
0.34562389,0.0021301855,0.33940201,-0.011342237,-0.032545537,0.0065837911,-0.060565642,-0.063080914
0.34555584,0.0020601164,0.33954953,-0.011608913,-0.033054829,0.0063678442,-0.059872838,-0.064432302
0.34548874,0.0019884053,0.33970291,-0.011874404,-0.033557159,0.006146773,-0.059147668,-0.065775446
0.34542261,0.0019150614,0.33986219,-0.012138591,-0.034052254,0.0059206046,-0.058390023,-0.067109709
0.34535748,0.0018400944,0.34002735,-0.012401358,-0.034539843,0.0056893687,-0.057599803,-0.068434448
0.3452934,0.0017635149,0.34019842,-0.012662587,-0.035019654,0.0054530973,-0.056776923,-0.069749016
0.3452304,0.0016853341,0.34037539,-0.012922157,-0.035491415,0.0052118246,-0.055921309,-0.071052761
0.34516852,0.0016055641,0.34055828,-0.013179949,-0.035954854,0.0049655872,-0.0550329,-0.072345031
0.34510778,0.0015242175,0.34074707,-0.013435843,-0.0364097,0.0047144241,-0.054111646,-0.073625166
0.34504823,0.0014413077,0.34094178,-0.013689716,-0.036855682,0.0044583766,-0.053157511,-0.074892506
0.3449899,0.0013568489,0.34114238,-0.013941446,-0.037292529,0.0041974884,-0.052170472,-0.076146387
0.34493283,0.001270856,0.34134889,-0.014190912,-0.037719971,0.0039318054,-0.05115052,-0.077386142
0.34487705,0.0011833446,0.34156129,-0.014437989,-0.038137739,0.0036613763,-0.050097657,-0.078611103
0.3448226,0.0010943311,0.34177957,-0.014682554,-0.038545565,0.0033862518,-0.049011901,-0.079820599
0.34476951,0.0010038324,0.34200372,-0.014924483,-0.038943181,0.0031064851,-0.047893282,-0.081013955
0.34471781,0.00091186658,0.34223372,-0.01516365,-0.039330321,0.0028221319,-0.046741844,-0.082190498
0.34466755,0.00081845202,0.34246956,-0.015399931,-0.039706719,0.0025332503,-0.045557646,-0.083349551
0.34461875,0.00072360805,0.34271121,-0.0156332,-0.040072111,0.0022399006,-0.044340759,-0.084490436
0.34457145,0.0006273547,0.34295866,-0.015863331,-0.040426236,0.0019421458,-0.043091271,-0.085612476
0.34452568,0.00052971272,0.34321187,-0.016090197,-0.040768832,0.0016400511,-0.041809282,-0.08671499
0.34448148,0.00043070363,0.34347083,-0.016313673,-0.04109964,0.0013336842,-0.040494906,-0.087797301
0.34443889,0.00033034964,0.34373549,-0.016533631,-0.041418403,0.0010231153,-0.039148275,-0.088858727
0.34439792,0.00022867373,0.34400584,-0.016749945,-0.041724864,0.00070841671,-0.037769533,-0.089898591
0.34435863,0.00012569959,0.34428183,-0.016962488,-0.042018771,0.0003896635,-0.036358839,-0.090916212
0.34432103,2.1451653e-05,0.34456342,-0.017171132,-0.042299871,6.6932945e-05,-0.034916367,-0.091910913
0.34428516,-8.4044918e-05,0.34485059,-0.01737575,-0.042567917,-0.00025969526,-0.033442307,-0.092882017
0.34425107,-0.00019076424,0.34514328,-0.017576215,-0.042822661,-0.000590139,-0.031936864,-0.093828849
0.34421876,-0.00029867969,0.34544145,-0.0177724,-0.043063859,-0.0009243138,-0.030400257,-0.094750733
0.34418829,-0.00040776393,0.34574505,-0.017964178,-0.043291269,-0.0012621328,-0.028832721,-0.095646997
0.34415967,-0.00051798891,0.34605403,-0.018151421,-0.043504653,-0.0016035068,-0.027234508,-0.096516973
0.34413295,-0.00062932585,0.34636835,-0.018334003,-0.043703775,-0.0019483441,-0.025605883,-0.097359991
0.34410815,-0.00074174526,0.34668793,-0.018511797,-0.043888402,-0.0022965509,-0.023947128,-0.098175388
0.34408529,-0.00085521693,0.34701274,-0.018684677,-0.044058305,-0.0026480309,-0.02225854,-0.098962501
0.34406442,-0.00096970996,0.3473427,-0.018852518,-0.044213257,-0.0030026856,-0.020540433,-0.099720674
0.34404555,-0.0010851927,0.34767776,-0.019015192,-0.044353035,-0.0033604139,-0.018793135,-0.10044925
0.34402873,-0.0012016329,0.34801784,-0.019172575,-0.044477419,-0.0037211129,-0.01701699,-0.10114758
0.34401397,-0.0013189975,0.34836288,-0.019324543,-0.044586194,-0.004084677,-0.015212361,-0.10181502
0.3440013,-0.0014372529,0.3487128,-0.01947097,-0.044679148,-0.0044509985,-0.013379622,-0.10245093
0.34399076,-0.0015563646,0.34906754,-0.019611733,-0.044756073,-0.0048199675,-0.011519167,-0.10305466
0.34398237,-0.0016762975,0.34942702,-0.019746709,-0.044816765,-0.0051914719,-0.0096314038,-0.1036256
0.34397615,-0.001797016,0.34979115,-0.019875775,-0.044861022,-0.0055653973,-0.0077167565,-0.10416311
0.34397213,-0.0019184837,0.35015986,-0.019998809,-0.044888651,-0.0059416272,-0.0057756658,-0.10466658
0.34397033,-0.0020406634,0.35053306,-0.020115691,-0.04489946,-0.006320043,-0.003808588,-0.10513538
0.34397079,-0.0021635174,0.35091066,-0.0202263,-0.044893261,-0.0067005238,-0.0018159956,-0.10556893
0.34397352,-0.0022870074,0.35129257,-0.020330517,-0.044869873,-0.0070829468,0.00020162313,-0.10596661
0.34397856,-0.0024110944,0.3516787,-0.020428223,-0.044829119,-0.0074671871,0.0022437637,-0.10632783
0.34398591,-0.0025357388,0.35206896,-0.020519301,-0.044770825,-0.0078531176,0.0043099057,-0.10665202
0.34399561,-0.0026609001,0.35246324,-0.020603634,-0.044694825,-0.0082406093,0.0063995129,-0.10693859
0.34400767,-0.0027865376,0.35286145,-0.020681106,-0.044600956,-0.0086295313,0.0085120329,-0.10718697
0.34402212,-0.0029126097,0.35326347,-0.020751604,-0.044489061,-0.0090197506,0.010646898,-0.10739661
0.34403897,-0.0030390744,0.35366921,-0.020815014,-0.044358988,-0.0094111323,0.012803523,-0.10756696
0.34405826,-0.0031658889,0.35407855,-0.020871224,-0.044210591,-0.0098035397,0.01498131,-0.10769747
0.34407998,-0.00329301,0.35449138,-0.020920124,-0.044043729,-0.010196834,0.017179642,-0.10778761
0.34410418,-0.0034203937,0.35490759,-0.020961605,-0.043858268,-0.010590875,0.019397889,-0.10783686
0.34413085,-0.0035479957,0.35532706,-0.020995558,-0.043654078,-0.010985521,0.021635404,-0.10784471
0.34416003,-0.0036757709,0.35574967,-0.021021877,-0.043431035,-0.011380627,0.023891525,-0.10781065
0.34419172,-0.0038036738,0.35617529,-0.021040458,-0.043189024,-0.011776048,0.026165574,-0.10773421
0.34422594,-0.0039316584,0.35660381,-0.021051196,-0.042927932,-0.012171636,0.028456859,-0.10761489
0.3442627,-0.0040596781,0.35703508,-0.021053991,-0.042647654,-0.012567243,0.030764671,-0.10745223
0.34430203,-0.0041876856,0.35746899,-0.021048742,-0.042348094,-0.012962718,0.033088288,-0.10724578
0.34434392,-0.0043156335,0.35790539,-0.021035352,-0.042029158,-0.013357909,0.035426972,-0.10699509
0.3443884,-0.0044434737,0.35834415,-0.021013723,-0.041690761,-0.013752663,0.037779969,-0.10669974
0.34443548,-0.0045711574,0.35878513,-0.020983761,-0.041332825,-0.014146824,0.040146513,-0.10635929
0.34448516,-0.0046986357,0.3592282,-0.020945374,-0.040955277,-0.014540236,0.042525821,-0.10597336
0.34453746,-0.0048258591,0.35967319,-0.020898472,-0.040558053,-0.014932742,0.044917097,-0.10554155
0.34459239,-0.0049527776,0.36011998,-0.020842965,-0.040141095,-0.015324182,0.04731953,-0.10506348
0.34464995,-0.0050793407,0.3605684,-0.020778767,-0.039704351,-0.015714396,0.049732296,-0.10453879
0.34471014,-0.0052054978,0.36101831,-0.020705794,-0.039247778,-0.016103222,0.052154556,-0.10396713
0.34477299,-0.0053311976,0.36146955,-0.020623964,-0.03877134,-0.016490498,0.054585459,-0.10334817
0.34483849,-0.0054563885,0.36192196,-0.020533198,-0.038275006,-0.016876061,0.057024137,-0.10268158
0.34490664,-0.0055810185,0.36237539,-0.020433418,-0.037758756,-0.017259744,0.059469713,-0.10196707
0.34497745,-0.0057050353,0.36282967,-0.020324549,-0.037222575,-0.017641383,0.061921294,-0.10120435
0.34505093,-0.0058283862,0.36328463,-0.020206519,-0.036666457,-0.018020811,0.064377976,-0.10039315
0.34512707,-0.0059510182,0.36374012,-0.020079259,-0.036090402,-0.01839786,0.06683884,-0.099533201
0.34520588,-0.006072878,0.36419595,-0.0199427,-0.03549442,-0.018772362,0.069302957,-0.098624281
0.34528735,-0.006193912,0.36465196,-0.01979678,-0.034878527,-0.019144148,0.071769384,-0.097666161
0.34537148,-0.0063140662,0.36510798,-0.019641435,-0.034242747,-0.019513047,0.074237167,-0.096658638
0.34545827,-0.0064332864,0.36556382,-0.019476607,-0.033587113,-0.019878889,0.076705342,-0.095601524
0.34554772,-0.0065515183,0.36601931,-0.01930224,-0.032911667,-0.020241503,0.079172929,-0.094494651
0.34563982,-0.0066687071,0.36647427,-0.019118282,-0.032216455,-0.020600717,0.081638941,-0.093337867
0.34573457,-0.006784798,0.36692851,-0.018924681,-0.031501537,-0.02095636,0.084102379,-0.092131039
0.34583196,-0.0068997359,0.36738185,-0.018721392,-0.030766975,-0.021308258,0.086562233,-0.090874053
0.34593199,-0.0070134656,0.36783409,-0.01850837,-0.030012845,-0.021656239,0.089017482,-0.089566812
0.34603463,-0.0071259315,0.36828506,-0.018285575,-0.029239228,-0.02200013,0.091467097,-0.088209241
0.3461399,-0.0072370782,0.36873455,-0.01805297,-0.028446214,-0.022339757,0.093910038,-0.086801282
0.34624776,-0.0073468499,0.36918238,-0.01781052,-0.027633902,-0.022674948,0.096345256,-0.085342897
0.34635822,-0.0074551909,0.36962834,-0.017558195,-0.026802399,-0.023005528,0.098771692,-0.083834069
0.34647126,-0.0075620451,0.37007224,-0.017295968,-0.025951821,-0.023331324,0.10118828,-0.082274799
0.34658686,-0.0076673568,0.37051389,-0.017023815,-0.025082292,-0.023652163,0.10359395,-0.08066511
0.34670502,-0.0077710698,0.37095307,-0.016741717,-0.024193945,-0.023967871,0.1059876,-0.079005045
0.3468257,-0.007873128,0.37138958,-0.016449657,-0.023286922,-0.024278275,0.10836816,-0.077294667
0.34694891,-0.0079734756,0.37182323,-0.016147623,-0.022361373,-0.024583203,0.11073453,-0.075534061
0.34707461,-0.0080720563,0.37225379,-0.015835606,-0.021417458,-0.024882482,0.11308559,-0.073723332
0.34720278,-0.0081688142,0.37268107,-0.015513601,-0.020455344,-0.02517594,0.11542024,-0.071862608
0.34733342,-0.0082636934,0.37310486,-0.015181608,-0.019475208,-0.025463405,0.11773736,-0.069952037
0.34746649,-0.008356638,0.37352493,-0.014839628,-0.018477236,-0.025744707,0.12003583,-0.067991789
0.34760197,-0.0084475922,0.37394109,-0.01448767,-0.017461621,-0.026019675,0.12231451,-0.065982056
0.34773984,-0.0085365003,0.37435311,-0.014125744,-0.016428566,-0.02628814,0.12457227,-0.063923052
0.34788006,-0.0086233068,0.37476078,-0.013753866,-0.015378284,-0.026549933,0.12680798,-0.061815014
0.34802263,-0.0087079564,0.37516389,-0.013372055,-0.014310996,-0.026804885,0.12902049,-0.059658199
0.3481675,-0.0087903939,0.37556221,-0.012980336,-0.01322693,-0.027052831,0.13120866,-0.057452891
0.34831464,-0.0088705644,0.37595552,-0.012578736,-0.012126326,-0.027293603,0.13337132,-0.055199391
0.34846404,-0.0089484132,0.37634361,-0.012167288,-0.011009431,-0.027527038,0.13550734,-0.052898027
0.34861564,-0.0090238857,0.37672626,-0.011746029,-0.0098764999,-0.027752971,0.13761556,-0.050549149
0.34876944,-0.0090969279,0.37710324,-0.011315,-0.0087277986,-0.02797124,0.13969481,-0.048153129
0.34892538,-0.0091674859,0.37747433,-0.010874248,-0.0075636007,-0.028181683,0.14174395,-0.045710364
0.34908343,-0.0092355061,0.3778393,-0.010423824,-0.0063841885,-0.028384141,0.1437618,-0.043221271
0.34924356,-0.0093009354,0.37819794,-0.0099637831,-0.0051898534,-0.028578457,0.14574722,-0.040686293
0.34940573,-0.0093637209,0.37855002,-0.0094941851,-0.0039808951,-0.028764472,0.14769903,-0.038105898
0.3495699,-0.0094238104,0.37889531,-0.0090150951,-0.0027576225,-0.028942032,0.14961608,-0.035480572
0.34973603,-0.0094811518,0.3792336,-0.008526583,-0.0015203527,-0.029110983,0.15149722,-0.032810831
0.34990408,-0.0095356937,0.37956464,-0.0080287234,-0.00026941168,-0.029271174,0.15334127,-0.030097209
0.35007401,-0.0095873851,0.37988823,-0.0075215959,0.00099486606,-0.029422456,0.15514708,-0.027340269
0.35024577,-0.0096361754,0.38020412,-0.007005285,0.0022721375,-0.02956468,0.15691351,-0.024540592
0.35041932,-0.0096820147,0.3805121,-0.0064798803,0.0035620512,-0.0296977,0.15863939,-0.021698788
0.35059461,-0.0097248537,0.38081195,-0.0059454762,0.0048642472,-0.029821373,0.16032359,-0.018815488
0.35077159,-0.0097646434,0.38110343,-0.0054021727,0.0061783571,-0.029935558,0.16196495,-0.015891347
0.35095023,-0.0098013358,0.38138632,-0.0048500743,0.0075040046,-0.030040114,0.16356233,-0.012927044
0.35113045,-0.0098348833,0.3816604,-0.0042892912,0.0088408046,-0.030134906,0.16511461,-0.0099232823
0.35131223,-0.0098652391,0.38192545,-0.0037199384,0.010188364,-0.030219799,0.16662064,-0.0068807883
0.3514955,-0.0098923569,0.38218123,-0.0031421364,0.011546282,-0.03029466,0.16807931,-0.0038003125
0.35168021,-0.0099161913,0.38242754,-0.0025560108,0.01291415,-0.03035936,0.1694895,-0.00068262887
0.3518663,-0.0099366976,0.38266414,-0.0019616926,0.01429155,-0.030413772,0.17085009,0.0024714648
0.35205373,-0.009953832,0.38289082,-0.0013593181,0.015678058,-0.030457772,0.17215999,0.0056611471
0.35224243,-0.0099675513,0.38310735,-0.00074902875,0.01707324,-0.030491239,0.17341809,0.0088855732
0.35243235,-0.0099778133,0.38331353,-0.0001309716,0.018476657,-0.030514055,0.17462331,0.012143875
0.35262342,-0.0099845766,0.38350913,0.00049470105,0.019887861,-0.030526103,0.17577457,0.015435161
0.35281559,-0.0099878008,0.38369394,0.0011278315,0.021306396,-0.030527271,0.17687081,0.018758515
0.35300879,-0.0099874461,0.38386774,0.0017682566,0.022731801,-0.03051745,0.17791096,0.022113001
0.35320297,-0.009983474,0.38403033,0.0024158078,0.024163604,-0.030496533,0.17889398,0.025497656
0.35339806,-0.0099758469,0.3841815,0.0030703112,0.025601328,-0.030464418,0.17981883,0.028911498
0.35359399,-0.0099645282,0.38432103,0.0037315874,0.027044491,-0.030421004,0.18068448,0.032353519
0.35379071,-0.0099494821,0.38444872,0.0043994516,0.028492601,-0.030366195,0.18148992,0.03582269
0.35398813,-0.0099306742,0.38456437,0.0050737135,0.029945159,-0.030299899,0.18223416,0.039317959
0.3541862,-0.0099080711,0.38466778,0.0057541775,0.031401663,-0.030222025,0.18291621,0.042838253
0.35438485,-0.0098816404,0.38475874,0.0064406425,0.032861601,-0.030132488,0.18353509,0.046382476
0.354584,-0.0098513509,0.38483708,0.0071329021,0.034324455,-0.030031206,0.18408984,0.049949509
0.35478358,-0.0098171727,0.38490258,0.0078307443,0.035789703,-0.0299181,0.18457953,0.053538214
0.35498353,-0.0097790769,0.38495506,0.0085339519,0.037256814,-0.029793096,0.18500322,0.057147429
0.35518378,-0.0097370359,0.38499435,0.0092423023,0.038725254,-0.029656123,0.18536001,0.060775972
0.35538423,-0.0096910235,0.38502024,0.0099555676,0.040194482,-0.029507113,0.185649,0.064422641
0.35558483,-0.0096410147,0.38503256,0.010673514,0.04166395,-0.029346004,0.18586932,0.068086212
0.3557855,-0.0095869857,0.38503115,0.011395905,0.043133106,-0.029172738,0.1860201,0.07176544
0.35598615,-0.0095289141,0.38501581,0.012122494,0.044601393,-0.028987259,0.1861005,0.075459061
0.35618672,-0.009466779,0.38498639,0.012853034,0.046068248,-0.028789516,0.18610971,0.079165792
0.35638712,-0.0094005607,0.38494272,0.01358727,0.047533103,-0.028579464,0.18604691,0.082884328
0.35658728,-0.0093302412,0.38488464,0.014324943,0.048995387,-0.02835706,0.18591133,0.086613347
0.35678711,-0.0092558035,0.38481199,0.01506579,0.050454521,-0.028122267,0.18570221,0.090351508
0.35698654,-0.0091772325,0.38472462,0.015809539,0.051909925,-0.027875052,0.1854188,0.094097448
0.35718548,-0.0090945145,0.38462238,0.016555919,0.053361013,-0.027615384,0.18506038,0.097849791
0.35738385,-0.0090076371,0.38450513,0.017304648,0.054807196,-0.027343241,0.18462627,0.10160714
0.35758157,-0.0089165896,0.38437274,0.018055444,0.056247879,-0.027058603,0.18411577,0.10536808
0.35777856,-0.0088213631,0.38422506,0.018808018,0.057682467,-0.026761454,0.18352825,0.10913118
0.35797472,-0.0087219498,0.38406197,0.019562075,0.059110357,-0.026451783,0.18286307,0.11289499
0.35816998,-0.008618344,0.38388336,0.02031732,0.060530947,-0.026129586,0.18211963,0.11665805
0.35836425,-0.0085105413,0.38368909,0.021073448,0.061943629,-0.025794861,0.18129735,0.12041888
0.35855744,-0.0083985393,0.38347906,0.021830153,0.063347794,-0.025447612,0.18039568,0.12417599
0.35874947,-0.0082823369,0.38325317,0.022587124,0.06474283,-0.025087848,0.17941409,0.12792785
0.35894025,-0.0081619351,0.3830113,0.023344046,0.066128121,-0.024715582,0.17835207,0.13167296
0.3591297,-0.0080373363,0.38275338,0.024100598,0.067503051,-0.024330833,0.17720916,0.13540976
0.35931772,-0.0079085448,0.3824793,0.024856457,0.068867001,-0.023933624,0.17598491,0.1391367
0.35950423,-0.0077755667,0.382189,0.025611296,0.07021935,-0.023523984,0.17467889,0.14285222
0.35968913,-0.00763841,0.38188238,0.026364783,0.071559477,-0.023101947,0.17329072,0.14655475
0.35987234,-0.0074970842,0.38155939,0.027116583,0.072886758,-0.022667551,0.17182003,0.15024268
0.36005378,-0.0073516008,0.38121996,0.027866358,0.074200568,-0.02222084,0.17026648,0.15391442
0.36023334,-0.0072019733,0.38086404,0.028613765,0.075500282,-0.021761864,0.16862978,0.15756834
0.36041095,-0.0070482168,0.38049157,0.029358458,0.076785275,-0.021290675,0.16690964,0.16120284
0.3605865,-0.0068903485,0.38010251,0.03010009,0.07805492,-0.020807334,0.16510582,0.16481627
0.36075992,-0.0067283873,0.37969684,0.030838309,0.079308591,-0.020311906,0.16321812,0.16840698
0.3609311,-0.0065623542,0.37927451,0.031572759,0.080545662,-0.019804459,0.16124634,0.17197333
0.36109997,-0.0063922719,0.37883552,0.032303084,0.081765508,-0.01928507,0.15919033,0.17551365
0.36126642,-0.0062181654,0.37837985,0.033028923,0.082967503,-0.018753819,0.15704999,0.17902627
0.36143038,-0.0060400612,0.37790749,0.033749915,0.084151023,-0.018210791,0.15482521,0.18250952
0.36159174,-0.005857988,0.37741845,0.034465694,0.085315445,-0.017656078,0.15251596,0.18596172
0.36175042,-0.0056719766,0.37691273,0.035175894,0.086460148,-0.017089777,0.1501222,0.18938116
0.36190634,-0.0054820596,0.37639036,0.035880146,0.087584511,-0.016511988,0.14764395,0.19276616
0.36205938,-0.0052882716,0.37585136,0.036578078,0.088687918,-0.01592282,0.14508127,0.19611502
0.36220948,-0.0050906492,0.37529577,0.03726932,0.089769751,-0.015322386,0.14243422,0.19942604
0.36235654,-0.0048892311,0.37472363,0.037953496,0.090829399,-0.014710802,0.13970293,0.2026975
0.36250047,-0.0046840579,0.37413498,0.038630233,0.091866249,-0.014088192,0.13688755,0.2059277
0.36264119,-0.0044751722,0.37352989,0.039299154,0.092879695,-0.013454687,0.13398827,0.20911492
0.36277859,-0.0042626189,0.37290843,0.039959882,0.093869132,-0.012810418,0.1310053,0.21225745
0.36291261,-0.0040464445,0.37227067,0.040612039,0.094833959,-0.012155527,0.1279389,0.21535357
0.36304314,-0.0038266978,0.3716167,0.041255247,0.095773579,-0.011490159,0.12478938,0.21840157
0.3631701,-0.0036034295,0.37094661,0.041889128,0.0966874,-0.010814463,0.12155705,0.22139974
0.36329341,-0.0033766925,0.37026049,0.042513303,0.097574832,-0.010128595,0.11824229,0.22434636
0.36341298,-0.0031465416,0.36955847,0.043127393,0.09843529,-0.0094327176,0.1148455,0.22723971
0.36352873,-0.0029130335,0.36884066,0.043731021,0.099268197,-0.0087269961,0.11136713,0.2300781
0.36364056,-0.0026762271,0.36810719,0.044323808,0.10007298,-0.0080116026,0.10780764,0.23285981
0.36374841,-0.0024361833,0.3673582,0.044905378,0.10084906,-0.0072867143,0.10416756,0.23558314
0.36385218,-0.0021929649,0.36659383,0.045475354,0.10159589,-0.0065525138,0.10044743,0.2382464
0.3639518,-0.0019466369,0.36581424,0.046033362,0.1023129,-0.0058091888,0.09664786,0.2408479
0.36404718,-0.0016972659,0.36501958,0.046579027,0.10299955,-0.0050569322,0.092769468,0.24338594
0.36413824,-0.001444921,0.36421005,0.047111978,0.10365528,-0.0042959424,0.088812923,0.24585885
0.36422491,-0.0011896728,0.3633858,0.047631845,0.10427957,-0.0035264228,0.084778932,0.24826497
0.3643071,-0.00093159422,0.36254705,0.048138258,0.10487188,-0.0027485819,0.080668239,0.25060262
0.36438475,-0.00067075984,0.36169398,0.048630854,0.10543169,-0.0019626336,0.076481629,0.25287016
0.36445777,-0.00040724633,0.36082681,0.049109267,0.10595847,-0.0011687965,0.072219921,0.25506594
0.36452609,-0.00014113224,0.35994575,0.049573137,0.10645174,-0.00036729476,0.067883977,0.25718834
0.36458964,0.00012750198,0.35905102,0.050022107,0.10691097,0.00044164289,0.063474696,0.25923573
0.36464835,0.00039857401,0.35814288,0.050455821,0.1073357,0.0012577825,0.058993016,0.2612065
0.36470214,0.00067199966,0.35722155,0.050873928,0.10772542,0.0020808854,0.054439914,0.26309906
0.36475095,0.00094769293,0.35628729,0.05127608,0.10807967,0.0029107077,0.049816406,0.26491183
0.36479471,0.001225566,0.35534037,0.051661934,0.10839798,0.0037470011,0.045123547,0.26664325
0.36483336,0.0015055292,0.35438106,0.05203115,0.10867989,0.0045895122,0.040362429,0.26829175
0.36486683,0.0017874911,0.35340962,0.052383392,0.10892497,0.0054379831,0.035534186,0.26985581
0.36489505,0.0020713586,0.35242637,0.052718329,0.10913278,0.006292151,0.030639988,0.27133392
0.36491797,0.002357037,0.35143158,0.053035635,0.10930289,0.0071517487,0.025681045,0.27272456
0.36493553,0.0026444295,0.35042556,0.053334989,0.10943489,0.0080165045,0.020658607,0.27402627
0.36494767,0.002933438,0.34940864,0.053616074,0.10952836,0.008886142,0.015573958,0.27523757
0.36495433,0.0032239628,0.34838112,0.05387858,0.10958293,0.0097603806,0.010428426,0.27635703
0.36495546,0.0035159023,0.34734334,0.054122201,0.10959821,0.010638935,0.005223373,0.27738323
0.36495101,0.0038091537,0.34629565,0.054346639,0.10957383,0.011521517,-3.9798706e-05,0.27831477
0.36494092,0.0041036123,0.34523837,0.054551601,0.10950943,0.012407832,-0.0053596497,0.27915027
0.36492516,0.0043991723,0.34417188,0.054736799,0.10940466,0.013297582,-0.010734703,0.27988838
0.36490366,0.0046957261,0.34309652,0.054901954,0.1092592,0.014190467,-0.016163442,0.28052778
0.3648764,0.0049931649,0.34201268,0.055046791,0.10907271,0.01508618,-0.021644317,0.28106715
0.36484332,0.0052913785,0.34092072,0.055171045,0.1088449,0.015984412,-0.027175737,0.28150523
0.36480438,0.0055902554,0.33982103,0.055274455,0.10857546,0.016884851,-0.032756076,0.28184076
0.36475956,0.0058896825,0.33871401,0.05535677,0.10826412,0.017787178,-0.038383672,0.28207252
0.3647088,0.0061895459,0.33760005,0.055417745,0.10791059,0.018691074,-0.044056826,0.2821993
0.36465208,0.0064897301,0.33647955,0.055457143,0.10751464,0.019596214,-0.049773803,0.28221996
0.36458937,0.0067901188,0.33535294,0.055474735,0.10707602,0.020502272,-0.055532832,0.28213334
0.36452064,0.0070905943,0.33422062,0.055470301,0.10659449,0.021408915,-0.061332107,0.28193834
0.36444586,0.0073910379,0.33308302,0.055443627,0.10606985,0.022315811,-0.067169789,0.28163389
0.36436501,0.00769133,0.33194059,0.05539451,0.10550191,0.023222622,-0.073044001,0.28121895
0.36427806,0.0079913499,0.33079374,0.055322755,0.10489046,0.024129008,-0.078952834,0.28069249
0.36418499,0.0082909759,0.32964293,0.055228174,0.10423536,0.025034627,-0.084894346,0.28005355
0.3640858,0.0085900857,0.3284886,0.05511059,0.10353643,0.025939131,-0.090866561,0.27930118
0.36398045,0.008888556,0.32733122,0.054969835,0.10279356,0.026842173,-0.096867468,0.27843447
0.36386895,0.0091862627,0.32617123,0.05480575,0.1020066,0.027743402,-0.10289503,0.27745255
0.36375128,0.009483081,0.32500911,0.054618184,0.10117546,0.028642464,-0.10894716,0.27635459
0.36362744,0.0097788855,0.32384532,0.054406999,0.10030005,0.029539003,-0.11502178,0.27513977
0.36349741,0.01007355,0.32268034,0.054172062,0.099380279,0.03043266,-0.12111673,0.27380735
0.3633612,0.010366949,0.32151465,0.053913255,0.098416103,0.031323077,-0.12722985,0.2723566
0.36321881,0.010658954,0.32034872,0.053630466,0.097407477,0.03220989,-0.13335895,0.27078683
0.36307025,0.010949437,0.31918306,0.053323596,0.096354372,0.033092735,-0.1395018,0.2690974
0.36291551,0.011238273,0.31801813,0.052992553,0.095256782,0.033971247,-0.14565616,0.2672877
0.36275461,0.011525331,0.31685445,0.052637259,0.094114714,0.034845058,-0.15181973,0.26535718
0.36258756,0.011810483,0.3156925,0.052257643,0.092928192,0.035713798,-0.15799022,0.26330531
0.36241437,0.012093601,0.3145328,0.051853647,0.091697259,0.036577099,-0.16416528,0.26113161
0.36223505,0.012374557,0.31337583,0.051425223,0.090421975,0.037434587,-0.17034256,0.25883565
0.36204964,0.01265322,0.3122221,0.050972333,0.089102416,0.038285892,-0.17651967,0.25641704
0.36185815,0.012929462,0.31107213,0.05049495,0.087738677,0.039130638,-0.18269419,0.25387542
0.3616606,0.013203155,0.30992642,0.049993059,0.08633087,0.039968452,-0.18886371,0.2512105
0.36145703,0.013474169,0.30878548,0.049466654,0.084879124,0.040798958,-0.19502575,0.24842201
0.36124746,0.013742376,0.30764982,0.048915741,0.083383589,0.041621781,-0.20117784,0.24550975
0.36103193,0.014007648,0.30651996,0.048340338,0.081844428,0.042436545,-0.20731748,0.24247356
0.36081047,0.014269855,0.30539642,0.047740472,0.080261827,0.043242874,-0.21344215,0.2393133
0.36058312,0.014528872,0.3042797,0.047116182,0.078635988,0.04404039,-0.2195493,0.23602892
0.36034993,0.014784569,0.30317032,0.046467518,0.07696713,0.044828719,-0.22563637,0.23262039
0.36011093,0.015036821,0.3020688,0.045794542,0.075255493,0.045607483,-0.23170079,0.22908774
0.35986618,0.0152855,0.30097566,0.045097325,0.073501333,0.046376308,-0.23773995,0.22543104
0.35961572,0.015530482,0.29989141,0.044375952,0.071704926,0.047134817,-0.24375125,0.22165042
0.35935961,0.015771641,0.29881656,0.043630517,0.069866567,0.047882635,-0.24973205,0.21774606
0.3590979,0.016008852,0.29775162,0.042861125,0.067986567,0.04861939,-0.25567972,0.21371817
0.35883064,0.016241992,0.29669712,0.042067893,0.066065257,0.049344708,-0.26159159,0.20956704
0.35855791,0.016470938,0.29565356,0.041250948,0.064102989,0.050058216,-0.26746499,0.205293
0.35827977,0.016695569,0.29462145,0.040410431,0.062100129,0.050759545,-0.27329725,0.20089643
0.35799627,0.016915762,0.29360129,0.03954649,0.060057065,0.051448325,-0.27908566,0.19637775
0.35770748,0.017131399,0.2925936,0.038659286,0.057974204,0.052124188,-0.28482753,0.19173745
0.35741349,0.017342361,0.29159887,0.03774899,0.055851968,0.052786769,-0.29052013,0.18697607
0.35711436,0.01754853,0.29061761,0.036815786,0.053690802,0.053435703,-0.29616076,0.1820942
0.35681017,0.017749789,0.28965031,0.035859865,0.051491168,0.054070627,-0.30174669,0.17709248
0.356501,0.017946023,0.28869746,0.034881433,0.049253545,0.054691183,-0.30727517,0.17197162
0.35618692,0.018137118,0.28775956,0.033880702,0.046978433,0.055297012,-0.31274348,0.16673235
0.35586803,0.018322962,0.28683709,0.032857898,0.044666349,0.05588776,-0.31814886,0.16137549
0.35554441,0.018503443,0.28593054,0.031813257,0.04231783,0.056463073,-0.32348858,0.15590189
0.35521615,0.018678453,0.28504038,0.030747022,0.039933431,0.057022603,-0.32875988,0.15031248
0.35488333,0.018847882,0.28416709,0.029659451,0.037513724,0.057566002,-0.33396003,0.14460821
0.35454606,0.019011624,0.28331114,0.028550809,0.035059301,0.058092927,-0.33908626,0.13879012
0.35420444,0.019169575,0.28247299,0.027421372,0.032570772,0.058603038,-0.34413584,0.13285928
0.35385855,0.019321631,0.28165311,0.026271425,0.030048765,0.059095998,-0.34910603,0.12681683
0.35350849,0.019467691,0.28085194,0.025101263,0.027493926,0.059571473,-0.35399407,0.12066396
0.35315439,0.019607655,0.28006993,0.023911191,0.02490692,0.060029135,-0.35879725,0.1144019
0.35279633,0.019741426,0.27930754,0.022701524,0.022288428,0.060468658,-0.36351282,0.10803197
0.35243442,0.019868907,0.27856519,0.021472584,0.01963915,0.060889721,-0.36813808,0.10155552
0.35206878,0.019990005,0.27784331,0.020224705,0.016959804,0.061292006,-0.3726703,0.094973956
0.35169952,0.020104628,0.27714234,0.018958227,0.014251125,0.0616752,-0.37710678,0.088288749
0.35132674,0.020212685,0.2764627,0.017673502,0.011513867,0.062038997,-0.38144483,0.08150142
0.35095057,0.02031409,0.27580478,0.016370888,0.0087487979,0.062383092,-0.38568177,0.074613548
0.35057113,0.020408756,0.27516901,0.015050752,0.0059567059,0.062707186,-0.38981494,0.067626766
0.35018853,0.020496601,0.27455577,0.013713471,0.0031383949,0.063010987,-0.39384167,0.060542761
0.3498029,0.020577542,0.27396546,0.012359429,0.00029468558,0.063294206,-0.39775934,0.053363277
0.34941435,0.020651501,0.27339846,0.010989016,-0.0025735845,0.06355656,-0.40156531,0.046090112
0.34902302,0.0207184,0.27285516,0.0096026339,-0.0054655613,0.063797772,-0.405257,0.03872512
0.34862903,0.020778167,0.27233591,0.0082006887,-0.0083803749,0.06401757,-0.40883181,0.031270207
0.34823251,0.020830727,0.27184108,0.0067835952,-0.011317139,0.064215688,-0.41228718,0.023727337
0.34783359,0.020876013,0.27137102,0.0053517755,-0.014274951,0.064391867,-0.41562057,0.016098524
0.3474324,0.020913957,0.27092608,0.0039056584,-0.017252894,0.064545852,-0.41882946,0.0083858383
0.34702908,0.020944493,0.2705066,0.0024456796,-0.020250035,0.064677396,-0.42191135,0.00059140391
0.34662376,0.020967561,0.2701129,0.00097228168,-0.023265425,0.064786258,-0.42486379,-0.007282603
0.34621658,0.020983099,0.26974531,-0.0005140866,-0.026298101,0.064872203,-0.42768432,-0.015233953
0.34580767,0.020991051,0.26940414,-0.0020129701,-0.029347086,0.064935003,-0.43037053,-0.023260364
0.34539717,0.020991363,0.2690897,-0.0035239075,-0.032411386,0.064974439,-0.43292003,-0.031359502
0.34498523,0.020983982,0.26880227,-0.0050464319,-0.035489997,0.064990294,-0.43533048,-0.039528981
0.34457199,0.020968859,0.26854215,-0.0065800704,-0.038581896,0.064982363,-0.43759954,-0.047766365
0.34415759,0.020945947,0.26830961,-0.0081243449,-0.041686052,0.064950447,-0.43972492,-0.056069164
0.34374217,0.020915203,0.26810493,-0.0096787717,-0.044801415,0.064894352,-0.44170437,-0.064434843
0.34332588,0.020876585,0.26792837,-0.011242862,-0.047926926,0.064813895,-0.44353567,-0.072860812
0.34290886,0.020830055,0.26778017,-0.012816123,-0.051061512,0.064708898,-0.44521663,-0.081344434
0.34249127,0.020775577,0.26766059,-0.014398056,-0.054204088,0.064579193,-0.44674511,-0.089883024
0.34207325,0.020713117,0.26756985,-0.015988158,-0.057353556,0.064424618,-0.44811899,-0.098473848
0.34165494,0.020642645,0.26750818,-0.017585922,-0.060508807,0.06424502,-0.44933621,-0.10711412
0.34123651,0.020564135,0.26747579,-0.019190837,-0.06366872,0.064040255,-0.45039474,-0.11580103
0.34081809,0.020477561,0.2674729,-0.020802388,-0.066832164,0.063810185,-0.45129261,-0.12453168
0.34039984,0.0203829,0.2674997,-0.022420057,-0.069997996,0.063554683,-0.45202786,-0.13330316
0.33998192,0.020280135,0.26755638,-0.024043319,-0.073165063,0.06327363,-0.4525986,-0.14211251
0.33956446,0.020169249,0.26764312,-0.02567165,-0.076332202,0.062966913,-0.45300299,-0.15095672
0.33914764,0.020050229,0.26776008,-0.027304521,-0.079498241,0.062634432,-0.45323922,-0.15983273
0.33873159,0.019923063,0.26790744,-0.028941399,-0.082661997,0.062276094,-0.45330554,-0.16873746
0.33831648,0.019787744,0.26808534,-0.03058175,-0.085822281,0.061891813,-0.45320026,-0.17766776
0.33790246,0.019644267,0.26829393,-0.032225035,-0.088977892,0.061481516,-0.45292171,-0.18662047
0.33748967,0.019492631,0.26853333,-0.033870715,-0.092127623,0.061045136,-0.45246829,-0.19559236
0.33707829,0.019332835,0.26880369,-0.035518246,-0.095270259,0.060582617,-0.45183847,-0.20458017
0.33666845,0.019164884,0.2691051,-0.037167085,-0.098404578,0.060093911,-0.45103075,-0.21358063
0.33626032,0.018988785,0.26943768,-0.038816684,-0.10152935,0.059578982,-0.45004369,-0.22259039
0.33585406,0.018804545,0.26980152,-0.040466494,-0.10464334,0.059037802,-0.44887591,-0.23160609
0.33544981,0.018612178,0.27019672,-0.042115965,-0.1077453,0.058470352,-0.4475261,-0.24062433
0.33504773,0.018411699,0.27062336,-0.043764544,-0.110834,0.057876624,-0.44599299,-0.24964168
0.33464797,0.018203126,0.2710815,-0.045411679,-0.11390816,0.057256619,-0.44427537,-0.25865465
0.3342507,0.017986478,0.2715712,-0.047056814,-0.11696655,0.056610349,-0.4423721,-0.26765976
0.33385606,0.017761781,0.27209252,-0.048699392,-0.12000789,0.055937836,-0.4402821,-0.27665347
0.33346421,0.01752906,0.27264551,-0.050338858,-0.12303092,0.05523911,-0.43800437,-0.28563221
0.33307531,0.017288344,0.2732302,-0.051974651,-0.12603437,0.054514214,-0.43553793,-0.29459241
0.33268951,0.017039666,0.27384661,-0.053606214,-0.12901697,0.053763199,-0.43288191,-0.30353043
0.33230695,0.016783059,0.27449477,-0.055232986,-0.13197745,0.052986127,-0.43003548,-0.31244264
0.33192781,0.016518563,0.27517468,-0.056854408,-0.13491452,0.052183072,-0.42699789,-0.32132537
0.33155222,0.016246217,0.27588635,-0.058469917,-0.13782692,0.051354117,-0.42376844,-0.33017491
0.33118033,0.015966063,0.27662976,-0.060078953,-0.14071335,0.050499353,-0.42034653,-0.33898756
0.33081231,0.015678149,0.27740491,-0.061680955,-0.14357255,0.049618887,-0.41673161,-0.34775958
0.33044831,0.015382522,0.27821176,-0.063275359,-0.14640322,0.048712831,-0.41292318,-0.35648721
0.33008846,0.015079234,0.27905028,-0.064861605,-0.1492041,0.047781312,-0.40892085,-0.36516667
0.32973293,0.014768339,0.27992043,-0.06643913,-0.15197391,0.046824464,-0.40472429,-0.37379416
0.32938185,0.014449893,0.28082217,-0.068007371,-0.15471136,0.045842435,-0.40033323,-0.38236588
0.32903539,0.014123955,0.28175543,-0.069565767,-0.15741519,0.044835381,-0.39574748,-0.39087801
0.32869368,0.013790589,0.28272016,-0.071113757,-0.16008411,0.04380347,-0.39096694,-0.39932669
0.32835688,0.013449858,0.28371626,-0.072650777,-0.16271687,0.042746881,-0.38599156,-0.40770807
0.32802513,0.013101829,0.28474367,-0.074176267,-0.16531219,0.041665802,-0.38082139,-0.41601831
0.32769857,0.012746572,0.28580229,-0.075689666,-0.16786881,0.040560434,-0.37545654,-0.42425351
0.32737734,0.012384161,0.28689202,-0.077190414,-0.17038548,0.039430987,-0.3698972,-0.43240982
0.3270616,0.012014669,0.28801277,-0.078677948,-0.17286095,0.038277684,-0.36414365,-0.44048333
0.32675147,0.011638174,0.2891644,-0.080151711,-0.17529395,0.037100756,-0.35819623,-0.44847015
0.32644711,0.011254757,0.29034681,-0.081611143,-0.17768327,0.035900446,-0.35205538,-0.45636641
0.32614865,0.010864499,0.29155985,-0.083055684,-0.18002765,0.034677009,-0.34572161,-0.46416818
0.32585624,0.010467486,0.29280341,-0.084484778,-0.18232587,0.033430708,-0.3391955,-0.47187159
0.32556999,0.010063805,0.29407731,-0.085897866,-0.18457672,0.03216182,-0.33247774,-0.47947273
0.32529007,0.0096535467,0.29538143,-0.087294391,-0.18677899,0.03087063,-0.32556907,-0.48696772
0.32501659,0.0092368028,0.29671558,-0.088673797,-0.18893146,0.029557434,-0.31847032,-0.49435266
0.32474969,0.0088136682,0.29807961,-0.090035529,-0.19103295,0.028222541,-0.31118243,-0.50162367
0.3244895,0.0083842401,0.29947334,-0.091379031,-0.19308227,0.026866267,-0.30370638,-0.50877688
0.32423616,0.007948618,0.30089658,-0.092703751,-0.19507825,0.025488943,-0.29604326,-0.51580842
0.32398979,0.0075069037,0.30234914,-0.094009134,-0.19701972,0.024090905,-0.28819424,-0.52271443
0.32375052,0.0070592014,0.30383082,-0.095294627,-0.19890555,0.022672506,-0.28016057,-0.52949108
0.32351848,0.0066056176,0.30534141,-0.096559679,-0.20073458,0.021234103,-0.27194359,-0.53613453
0.3232938,0.006146261,0.3068807,-0.09780374,-0.20250568,0.019776067,-0.26354472,-0.54264097
0.32307659,0.0056812428,0.30844846,-0.099026258,-0.20421776,0.01829878,-0.25496547,-0.5490066
0.32286698,0.0052106761,0.31004446,-0.10022668,-0.2058697,0.016802631,-0.24620741,-0.55522766
0.32266508,0.0047346764,0.31166847,-0.10140447,-0.20746042,0.015288023,-0.23727223,-0.56130037
0.32247103,0.0042533615,0.31332023,-0.10255907,-0.20898885,0.013755365,-0.2281617,-0.56722101
0.32228493,0.0037668512,0.31499949,-0.10368993,-0.21045392,0.01220508,-0.21887764,-0.57298587
0.3221069,0.0032752676,0.31670599,-0.10479651,-0.21185461,0.010637598,-0.20942201,-0.57859125
0.32193705,0.0027787349,0.31843946,-0.10587827,-0.21318989,0.0090533604,-0.1997968,-0.58403352
0.32177551,0.0022773794,0.32019961,-0.10693465,-0.21445874,0.0074528176,-0.19000413,-0.58930903
0.32162237,0.0017713294,0.32198616,-0.10796512,-0.21566017,0.0058364299,-0.18004617,-0.59441419
0.32147774,0.0012607157,0.32379882,-0.10896913,-0.21679322,0.0042046673,-0.16992521,-0.59934543
0.32134174,0.0007456706,0.32563727,-0.10994615,-0.21785692,0.0025580091,-0.1596436,-0.60409923
0.32121446,0.00022632889,0.32750122,-0.11089562,-0.21885035,0.00089694377,-0.14920378,-0.60867209
0.32109602,-0.0002971728,0.32939033,-0.11181702,-0.21977257,-0.00077803075,-0.13860827,-0.61306055
0.32098651,-0.00082469579,0.33130429,-0.1127098,-0.2206227,-0.0024664076,-0.1278597,-0.61726119
0.32088604,-0.0013560994,0.33324274,-0.11357342,-0.22139986,-0.0041676708,-0.11696075,-0.62127064
0.32079469,-0.0018912409,0.33520535,-0.11440735,-0.22210319,-0.0058812957,-0.1059142,-0.62508557
0.32071257,-0.0024299758,0.33719175,-0.11521105,-0.22273185,-0.0076067489,-0.094722917,-0.62870268
0.32063977,-0.0029721574,0.3392016,-0.11598399,-0.22328504,-0.0093434885,-0.08338985,-0.63211874
0.32057638,-0.0035176373,0.3412345,-0.11672564,-0.22376195,-0.011090964,-0.071918025,-0.63533053
0.32052249,-0.004066265,0.34329008,-0.11743546,-0.22416182,-0.012848617,-0.060310553,-0.63833493
0.32047819,-0.0046178883,0.34536795,-0.11811292,-0.22448391,-0.01461588,-0.048570627,-0.64112884
0.32044357,-0.0051723529,0.34746771,-0.11875749,-0.22472749,-0.016392179,-0.036701524,-0.64370921
0.3204187,-0.0057295028,0.34958894,-0.11936865,-0.22489185,-0.018176931,-0.024706597,-0.64607306
0.32040368,-0.0062891802,0.35173122,-0.11994586,-0.22497634,-0.019969547,-0.012589283,-0.64821746
0.32039857,-0.0068512252,0.35389413,-0.12048861,-0.22498029,-0.021769427,-0.00035309648,-0.65013954
0.32040346,-0.0074154765,0.35607722,-0.12099637,-0.22490308,-0.023575969,0.011998368,-0.65183647
0.32041842,-0.0079817705,0.35828004,-0.12146861,-0.22474412,-0.025388559,0.024461437,-0.65330552
0.32044353,-0.0085499423,0.36050214,-0.12190483,-0.22450284,-0.027206578,0.037032362,-0.654544
0.32047885,-0.0091198249,0.36274304,-0.12230449,-0.22417868,-0.029029401,0.049707317,-0.65554928
0.32052445,-0.0096912497,0.36500225,-0.12266709,-0.22377112,-0.030856396,0.062482398,-0.6563188
0.3205804,-0.010264046,0.36727929,-0.12299212,-0.22327969,-0.032686923,0.075353629,-0.65685007
0.32064676,-0.010838043,0.36957365,-0.12327905,-0.22270391,-0.034520339,0.088316959,-0.65714069
0.3207236,-0.011413065,0.37188482,-0.12352739,-0.22204334,-0.036355991,0.10136826,-0.65718829
0.32081097,-0.011988938,0.37421226,-0.12373662,-0.22129759,-0.038193225,0.11450334,-0.6569906
0.32090892,-0.012565485,0.37655545,-0.12390625,-0.22046627,-0.040031377,0.12771793,-0.65654542
0.32101752,-0.013142526,0.37891383,-0.12403577,-0.21954904,-0.04186978,0.14100769,-0.65585062
0.32113681,-0.013719881,0.38128685,-0.12412468,-0.21854557,-0.043707762,0.15436822,-0.65490416
0.32126684,-0.014297368,0.38367392,-0.1241725,-0.21745558,-0.045544645,0.16779504,-0.65370407
0.32140766,-0.014874804,0.38607446,-0.12417874,-0.21627881,-0.047379747,0.1812836,-0.65224846
0.32155931,-0.015452003,0.38848788,-0.12414289,-0.21501503,-0.049212382,0.19482931,-0.65053551
0.32172183,-0.016028778,0.39091356,-0.1240645,-0.21366404,-0.051041858,0.20842749,-0.64856351
0.32189526,-0.016604942,0.39335088,-0.12394307,-0.21222568,-0.052867482,0.22207341,-0.64633081
0.32207963,-0.017180304,0.3957992,-0.12377813,-0.21069981,-0.054688553,0.23576226,-0.64383587
0.32227498,-0.017754673,0.39825788,-0.12356921,-0.20908633,-0.056504371,0.24948921,-0.64107721
0.32248134,-0.018327856,0.40072625,-0.12331586,-0.20738517,-0.05831423,0.26324932,-0.63805346
0.32269873,-0.018899659,0.40320364,-0.12301761,-0.20559629,-0.060117421,0.27703763,-0.63476334
0.32292719,-0.019469886,0.40568935,-0.12267401,-0.20371969,-0.061913234,0.29084911,-0.63120564
0.32316671,-0.02003834,0.40818269,-0.12228461,-0.2017554,-0.063700955,0.30467868,-0.62737926
0.32341734,-0.020604822,0.41068293,-0.12184897,-0.19970346,-0.065479867,0.3185212,-0.6232832
0.32367908,-0.021169132,0.41318934,-0.12136666,-0.19756399,-0.067249254,0.33237148,-0.61891654
0.32395194,-0.02173107,0.41570118,-0.12083725,-0.19533711,-0.069008395,0.34622429,-0.61427847
0.32423594,-0.022290432,0.41821769,-0.12026032,-0.19302297,-0.070756569,0.36007434,-0.60936826
0.32453107,-0.022847015,0.42073809,-0.11963547,-0.19062177,-0.072493055,0.3739163,-0.6041853
0.32483735,-0.023400613,0.4232616,-0.11896227,-0.18813374,-0.074217128,0.3877448,-0.59872907
0.32515476,-0.02395102,0.42578741,-0.11824035,-0.18555915,-0.075928064,0.4015544,-0.59299914
0.32548331,-0.024498028,0.42831469,-0.1174693,-0.18289829,-0.07762514,0.41533966,-0.58699521
0.32582299,-0.025041429,0.43084263,-0.11664877,-0.1801515,-0.079307631,0.42909506,-0.58071705
0.32617379,-0.025581013,0.43337036,-0.11577837,-0.17731913,-0.080974812,0.44281508,-0.57416455
0.32653569,-0.026116569,0.43589703,-0.11485775,-0.1744016,-0.08262596,0.45649414,-0.56733772
0.32690868,-0.026647884,0.43842175,-0.11388656,-0.17139934,-0.084260351,0.47012662,-0.56023666
0.32729273,-0.027174746,0.44094363,-0.11286447,-0.16831282,-0.085877263,0.4837069,-0.55286156
0.32768782,-0.02769694,0.44346176,-0.11179115,-0.16514255,-0.087475975,0.4972293,-0.54521276
0.32809393,-0.028214251,0.44597522,-0.11066629,-0.16188907,-0.089055767,0.51068812,-0.53729068
0.32851101,-0.028726464,0.44848306,-0.10948959,-0.15855295,-0.090615923,0.52407763,-0.52909584
0.32893903,-0.029233362,0.45098432,-0.10826076,-0.15513481,-0.092155726,0.5373921,-0.52062891
0.32937796,-0.029734726,0.45347805,-0.10697954,-0.15163529,-0.093674463,0.55062574,-0.51189062
0.32982775,-0.030230339,0.45596324,-0.10564565,-0.14805508,-0.095171425,0.56377277,-0.50288186
0.33028834,-0.030719982,0.45843889,-0.10425886,-0.14439489,-0.096645904,0.57682739,-0.4936036
0.3307597,-0.031203434,0.46090399,-0.10281895,-0.14065548,-0.098097195,0.58978376,-0.48405693
0.33124177,-0.031680475,0.46335751,-0.10132568,-0.13683763,-0.099524599,0.60263605,-0.47424306
0.33173447,-0.032150884,0.4657984,-0.09977888,-0.13294217,-0.10092742,0.61537841,-0.46416332
0.33223776,-0.032614441,0.46822558,-0.098178356,-0.12896995,-0.10230496,0.62800499,-0.45381913
0.33275156,-0.033070922,0.47063799,-0.09652395,-0.12492186,-0.10365654,0.64050992,-0.44321205
0.33327581,-0.033520106,0.47303454,-0.094815517,-0.12079884,-0.10498147,0.65288733,-0.43234375
0.33381041,-0.03396177,0.4754141,-0.093052934,-0.11660184,-0.10627908,0.66513136,-0.421216
0.3343553,-0.034395691,0.47777556,-0.091236094,-0.11233187,-0.10754868,0.67723613,-0.40983071
0.33491039,-0.034821646,0.48011779,-0.089364912,-0.10798994,-0.10878963,0.68919577,-0.39818988
0.33547559,-0.035239412,0.48243963,-0.087439324,-0.10357713,-0.11000124,0.70100443,-0.38629564
0.3360508,-0.035648767,0.48473991,-0.085459286,-0.099094544,-0.11118287,0.71265624,-0.37415026
0.33663593,-0.036049486,0.48701747,-0.083424778,-0.094543303,-0.11233388,0.72414535,-0.36175608
0.33723086,-0.036441347,0.4892711,-0.081335799,-0.089924579,-0.11345361,0.73546595,-0.34911559
0.33783551,-0.036824128,0.4914996,-0.079192376,-0.085239572,-0.11454143,0.74661219,-0.33623138
0.33844974,-0.037197605,0.49370176,-0.076994556,-0.080489517,-0.11559673,0.75757829,-0.32310618
0.33907345,-0.037561558,0.49587635,-0.074742413,-0.07567568,-0.11661887,0.76835845,-0.30974282
0.33970651,-0.037915763,0.49802212,-0.072436045,-0.070799361,-0.11760724,0.77894691,-0.29614423
0.34034879,-0.038260001,0.50013781,-0.070075577,-0.065861893,-0.11856125,0.78933794,-0.28231349
0.34100016,-0.03859405,0.50222218,-0.067661159,-0.06086464,-0.1194803,0.79952583,-0.26825379
0.34166049,-0.038917692,0.50427393,-0.065192969,-0.055808999,-0.12036381,0.80950488,-0.25396841
0.34232963,-0.039230707,0.5062918,-0.062671214,-0.050696399,-0.12121118,0.81926945,-0.23946077
0.34300744,-0.039532878,0.50827447,-0.060096127,-0.045528299,-0.12202187,0.82881392,-0.2247344
0.34369376,-0.039823989,0.51022066,-0.057467972,-0.040306189,-0.12279532,0.83813271,-0.20979296
0.34438844,-0.040103823,0.51212904,-0.054787043,-0.035031592,-0.12353096,0.84722028,-0.19464019
0.34509132,-0.040372166,0.51399829,-0.052053662,-0.029706059,-0.12422828,0.85607113,-0.17927997
0.34580222,-0.040628806,0.5158271,-0.049268185,-0.024331172,-0.12488673,0.86467981,-0.16371629
0.34652097,-0.040873531,0.51761413,-0.046430997,-0.018908541,-0.12550582,0.8730409,-0.14795325
0.3472474,-0.041106132,0.51935803,-0.043542517,-0.013439807,-0.12608502,0.88114905,-0.13199507
0.34798132,-0.041326401,0.52105746,-0.040603197,-0.0079266385,-0.12662385,0.88899895,-0.11584607
0.34872255,-0.041534132,0.52271108,-0.037613521,-0.0023707333,-0.12712183,0.89658534,-0.099510685
0.34947089,-0.04172912,0.52431753,-0.034574006,0.0032261839,-0.12757849,0.90390303,-0.08299347
0.35022614,-0.041911165,0.52587545,-0.031485207,0.008862361,-0.12799337,0.91094688,-0.066299077
0.35098809,-0.042080066,0.52738349,-0.028347711,0.014536019,-0.12836602,0.91771182,-0.049432274
0.35175655,-0.042235626,0.52884029,-0.025162142,0.020245352,-0.12869601,0.92419284,-0.032397934
0.35253128,-0.042377651,0.53024449,-0.021929159,0.025988529,-0.12898293,0.93038499,-0.015201036
0.35331208,-0.04250595,0.53159473,-0.018649457,0.031763694,-0.12922636,0.9362834,0.0021533319
0.35409871,-0.042620332,0.53288965,-0.015323771,0.037568964,-0.12942591,0.94188327,0.01965998
0.35489095,-0.042720612,0.5341279,-0.011952869,0.043402436,-0.12958121,0.94717987,0.037313615
0.35568855,-0.042806607,0.53530813,-0.0085375604,0.049262178,-0.12969189,0.95216855,0.055108838
0.35649129,-0.042878136,0.53642899,-0.0050786909,0.055146239,-0.12975759,0.95684474,0.073040153
0.3572989,-0.042935025,0.53748914,-0.0015771453,0.061052645,-0.12977799,0.96120396,0.091101963
0.35811113,-0.0429771,0.53848725,0.001966153,0.066979397,-0.12975275,0.96524179,0.10928857
0.35892774,-0.043004193,0.53942199,0.0055502413,0.072924479,-0.12968158,0.96895393,0.12759419
0.35974845,-0.043016137,0.54029204,0.0091741175,0.078885852,-0.12956417,0.97233615,0.14601292
0.36057299,-0.043012773,0.54109609,0.01283674,0.084861456,-0.12940025,0.9753843,0.16453879
0.3614011,-0.042993943,0.54183285,0.016537026,0.090849214,-0.12918956,0.97809436,0.18316572
0.36223249,-0.042959495,0.54250104,0.020273856,0.096847029,-0.12893186,0.98046237,0.20188754
0.36306689,-0.04290928,0.54309938,0.024046066,0.10285279,-0.12862691,0.98248449,0.220698
0.36390399,-0.042843156,0.54362662,0.027852455,0.10886435,-0.12827449,0.98415697,0.23959076
0.36474351,-0.042760984,0.54408151,0.03169178,0.11487958,-0.12787442,0.98547619,0.25855939
0.36558515,-0.042662631,0.54446284,0.035562758,0.1208963,-0.12742651,0.98643859,0.27759737
0.3664286,-0.042547967,0.5447694,0.039464066,0.12691234,-0.12693059,0.98704076,0.29669812
0.36727356,-0.042416871,0.54500001,0.04339434,0.1329255,-0.12638651,0.98727939,0.31585495
0.36811971,-0.042269225,0.5451535,0.047352175,0.13893358,-0.12579415,0.98715126,0.33506111
0.36896673,-0.042104917,0.54522873,0.051336129,0.14493434,-0.12515339,0.98665329,0.35430978
0.36981431,-0.041923841,0.5452246,0.055344715,0.15092556,-0.12446413,0.98578252,0.37359404
0.3706621,-0.041725897,0.54513999,0.059376412,0.156905,-0.1237263,0.98453609,0.39290693
0.37150979,-0.04151099,0.54497386,0.063429654,0.16287039,-0.12293982,0.98291126,0.41224139
0.37235703,-0.041279035,0.54472517,0.067502841,0.16881948,-0.12210467,0.98090545,0.43159031
0.37320349,-0.041029948,0.5443929,0.071594329,0.17474998,-0.1212208,0.97851616,0.45094651
0.37404882,-0.040763657,0.54397608,0.075702441,0.18065961,-0.12028822,0.97574105,0.47030275
0.37489267,-0.040480093,0.54347377,0.079825456,0.18654608,-0.11930693,0.97257789,0.48965171
0.37573469,-0.040179195,0.54288505,0.083961622,0.1924071,-0.11827696,0.96902459,0.50898605
0.37657452,-0.039860911,0.54220904,0.088109145,0.19824037,-0.11719836,0.96507919,0.52829832
0.37741181,-0.039525192,0.54144492,0.092266196,0.20404356,-0.11607119,0.96073987,0.54758107
0.37824619,-0.039172002,0.54059187,0.096430913,0.20981438,-0.11489553,0.95600495,0.56682677
0.3790773,-0.038801308,0.53964912,0.10060139,0.2155505,-0.11367148,0.95087288,0.58602783
0.37990476,-0.038413086,0.53861597,0.10477571,0.22124961,-0.11239917,0.94534226,0.60517664
0.3807282,-0.038007321,0.53749172,0.10895189,0.22690938,-0.11107874,0.93941182,0.62426554
0.38154726,-0.037584005,0.53627573,0.11312793,0.23252751,-0.10971033,0.93308044,0.64328681
0.38236154,-0.037143138,0.53496742,0.11730182,0.23810166,-0.10829414,0.92634715,0.66223271
0.38317067,-0.036684729,0.53356622,0.12147147,0.24362951,-0.10683035,0.91921114,0.68109546
0.38397427,-0.036208795,0.53207165,0.12563481,0.24910876,-0.10531918,0.91167171,0.69986724
0.38477195,-0.035715361,0.53048324,0.12978971,0.25453708,-0.10376087,0.90372835,0.71854021
0.38556333,-0.035204461,0.52880059,0.13393403,0.25991216,-0.10215566,0.89538069,0.7371065
0.38634802,-0.034676139,0.52702335,0.13806558,0.26523171,-0.10050383,0.88662849,0.75555821
0.38712562,-0.034130445,0.52515122,0.14218219,0.27049341,-0.098805666,0.87747171,0.77388741
0.38789575,-0.033567442,0.52318394,0.14628161,0.27569497,-0.097061484,0.86791041,0.79208619
0.38865802,-0.032987198,0.52112132,0.15036161,0.28083411,-0.09527161,0.85794487,0.81014656
0.38941202,-0.032389794,0.51896322,0.15441991,0.28590855,-0.093436393,0.84757547,0.82806058
0.39015738,-0.031775316,0.51670955,0.15845424,0.29091602,-0.091556201,0.83680279,0.84582027
0.39089369,-0.031143863,0.5143603,0.16246229,0.29585425,-0.08963142,0.82562755,0.86341764
0.39162056,-0.030495543,0.51191549,0.16644174,0.30072101,-0.087662456,0.81405063,0.8808447
0.39233759,-0.029830471,0.50937522,0.17039026,0.30551405,-0.085649735,0.8020731,0.89809347
0.3930444,-0.029148774,0.50673963,0.17430549,0.31023116,-0.083593698,0.78969616,0.91515595
0.39374058,-0.028450589,0.50400895,0.17818507,0.31487011,-0.081494811,0.77692119,0.93202418
0.39442575,-0.02773606,0.50118343,0.18202663,0.31942873,-0.079353554,0.76374973,0.94869017
0.39509952,-0.027005343,0.49826343,0.18582779,0.32390482,-0.077170428,0.75018349,0.96514597
0.39576149,-0.026258604,0.49524934,0.18958617,0.32829623,-0.074945951,0.73622436,0.98138362
0.39641128,-0.025496018,0.49214163,0.19329937,0.33260081,-0.072680664,0.72187436,0.99739522
0.39704849,-0.024717769,0.48894083,0.19696501,0.33681643,-0.070375121,0.70713571,1.0131728
0.39767276,-0.023924053,0.48564753,0.20058067,0.34094099,-0.068029898,0.69201079,1.0287086
0.39828368,-0.023115073,0.48226239,0.20414398,0.3449724,-0.065645589,0.67650216,1.0439947
0.3988809,-0.022291046,0.47878613,0.20765254,0.3489086,-0.063222806,0.66061251,1.0590232
0.39946402,-0.021452195,0.47521956,0.21110395,0.35274754,-0.060762178,0.64434474,1.0737864
0.40003267,-0.020598754,0.47156353,0.21449585,0.3564872,-0.058264354,0.62770191,1.0882766
0.4005865,-0.019730969,0.46781897,0.21782586,0.36012559,-0.055730001,0.61068723,1.102486
0.40112512,-0.018849092,0.46398687,0.22109162,0.36366073,-0.053159801,0.59330411,1.116407
0.40164818,-0.017953388,0.46006829,0.22429078,0.36709067,-0.050554457,0.5755561,1.1300319
0.40215532,-0.017044131,0.45606436,0.22742101,0.37041351,-0.047914688,0.55744695,1.1433532
0.40264619,-0.016121603,0.45197628,0.23047999,0.37362735,-0.04524123,0.53898056,1.1563634
0.40312044,-0.015186098,0.44780531,0.23346544,0.37673032,-0.042534837,0.52016099,1.169055
0.40357773,-0.014237918,0.44355278,0.23637507,0.37972059,-0.039796278,0.50099249,1.1814206
0.40401772,-0.013277375,0.43922009,0.23920663,0.38259637,-0.037026343,0.48147948,1.193453
0.40444008,-0.012304789,0.43480869,0.2419579,0.38535586,-0.034225834,0.46162654,1.2051448
0.40484449,-0.011320492,0.43032012,0.24462668,0.38799735,-0.031395572,0.4414384,1.2164889
0.40523062,-0.010324822,0.42575598,0.24721081,0.39051911,-0.028536393,0.42091999,1.2274782
0.40559816,-0.0093181291,0.42111791,0.24970815,0.39291948,-0.02564915,0.4000764,1.2381056
0.40594682,-0.0083007698,0.41640765,0.2521166,0.39519682,-0.022734711,0.37891286,1.2483642
0.40627628,-0.0072731105,0.41162699,0.2544341,0.39734952,-0.019793961,0.3574348,1.2582471
0.40658627,-0.0062355258,0.40677776,0.25665861,0.39937601,-0.016827797,0.3356478,1.2677475
0.40687649,-0.005188399,0.40186189,0.25878816,0.40127477,-0.013837135,0.3135576,1.2768588
0.40714668,-0.0041321215,0.39688134,0.26082081,0.4030443,-0.010822903,0.2911701,1.2855743
0.40739655,-0.0030670927,0.39183815,0.26275465,0.40468315,-0.0077860436,0.26849138,1.2938876
0.40762587,-0.00199372,0.38673441,0.26458784,0.4061899,-0.0047275156,0.24552766,1.3017923
0.40783437,-0.00091241848,0.38157227,0.26631857,0.40756319,-0.0016482903,0.22228533,1.3092821
0.40802182,0.00017638928,0.37635392,0.26794511,0.40880166,0.0014506472,0.19877095,1.3163508
0.40818799,0.0012722735,0.37108164,0.26946574,0.40990405,0.0045682981,0.17499121,1.3229924
0.40833264,0.0023747972,0.36575774,0.27087882,0.41086908,0.0077036507,0.15095298,1.3292009
0.40845558,0.0034835167,0.36038457,0.27218277,0.41169557,0.01085568,0.12666327,1.3349704
0.4085566,0.0045979818,0.35496456,0.27337607,0.41238234,0.01402335,0.10212925,1.3402953
0.4086355,0.0057177358,0.34950017,0.27445724,0.41292828,0.01720561,0.077358236,1.34517
0.40869211,0.006842316,0.34399391,0.27542488,0.41333232,0.0204014,0.052357698,1.349589
0.40872625,0.0079712538,0.33844833,0.27627765,0.41359343,0.023609648,0.027135252,1.353547
0.40873776,0.0091040753,0.33286605,0.27701426,0.41371063,0.026829268,0.0016986588,1.3570388
0.4087265,0.010240301,0.32724969,0.27763352,0.41368299,0.030059167,-0.023944175,1.3600593
0.40869232,0.011379446,0.32160195,0.27813427,0.41350963,0.03329824,-0.049785203,1.3626036
0.40863509,0.012521023,0.31592554,0.27851545,0.4131897,0.036545372,-0.075816236,1.3646669
0.40855471,0.013664536,0.31022322,0.27877605,0.41272243,0.039799437,-0.10202895,1.3662447
0.40845106,0.014809489,0.30449777,0.27891515,0.41210707,0.043059301,-0.12841488,1.3673324
0.40832405,0.015955381,0.29875201,0.27893188,0.41134294,0.04632382,-0.15496544,1.3679257
0.40817361,0.017101706,0.2929888,0.27882548,0.4104294,0.049591844,-0.18167189,1.3680205
0.40799966,0.018247957,0.287211,0.27859523,0.40936587,0.05286221,-0.2085254,1.3676126
0.40780215,0.019393622,0.28142152,0.27824051,0.40815183,0.056133752,-0.23551696,1.3666983
0.40758103,0.020538188,0.27562328,0.27776076,0.40678678,0.059405292,-0.26263748,1.3652739
0.40733628,0.021681141,0.26981922,0.27715552,0.4052703,0.06267565,-0.28987774,1.3633358
0.40706786,0.022821961,0.26401229,0.27642439,0.40360202,0.065943635,-0.31722839,1.3608807
0.40677577,0.023960131,0.25820547,0.27556705,0.40178162,0.069208051,-0.34467998,1.3579053
0.40646003,0.02509513,0.25240175,0.27458328,0.39980883,0.072467698,-0.37222292,1.3544068
0.40612063,0.026226438,0.24660412,0.27347293,0.39768345,0.075721367,-0.39984754,1.3503822
0.40575763,0.027353532,0.24081557,0.27223591,0.39540532,0.078967848,-0.42754404,1.3458288
0.40537105,0.028475892,0.23503913,0.27087225,0.39297434,0.082205923,-0.45530255,1.3407443
0.40496096,0.029592997,0.22927778,0.26938203,0.39039047,0.085434373,-0.48311305,1.3351262
0.40452742,0.030704325,0.22353455,0.26776544,0.38765372,0.088651972,-0.51096546,1.3289726
0.40407051,0.031809357,0.21781243,0.26602272,0.38476416,0.091857492,-0.53884959,1.3222814
0.40359034,0.032907574,0.21211442,0.26415421,0.38172192,0.095049705,-0.56675517,1.3150509
0.40308699,0.03399846,0.20644352,0.26216034,0.37852718,0.098227376,-0.59467183,1.3072797
0.4025606,0.0350815,0.20080269,0.2600416,0.37518018,0.10138927,-0.62258911,1.2989663
0.40201129,0.036156181,0.19519491,0.25779859,0.37168122,0.10453415,-0.65049649,1.2901096
0.4014392,0.037221993,0.18962312,0.25543195,0.36803066,0.10766079,-0.67838336,1.2807087
0.40084451,0.03827843,0.18409025,0.25294243,0.36422891,0.11076794,-0.70623903,1.2707627
0.40022736,0.039324988,0.17859921,0.25033085,0.36027645,0.11385436,-0.73405274,1.2602712
0.39958794,0.040361168,0.17315288,0.24759812,0.35617381,0.11691882,-0.76181368,1.2492339
0.39892646,0.041386474,0.16775413,0.24474521,0.35192158,0.11996008,-0.78951097,1.2376505
0.3982431,0.042400414,0.16240577,0.24177317,0.34752041,0.12297691,-0.81713365,1.2255211
0.39753809,0.043402503,0.1571106,0.23868313,0.342971,0.12596807,-0.84467073,1.2128461
0.39681165,0.044392259,0.1518714,0.23547631,0.33827413,0.12893233,-0.87211116,1.1996259
0.39606403,0.045369205,0.14669088,0.23215397,0.33343061,0.13186847,-0.89944383,1.1858611
0.39529548,0.046332872,0.14157174,0.22871747,0.32844134,0.13477526,-0.92665761,1.1715528
0.39450626,0.047282795,0.13651662,0.22516822,0.32330726,0.13765147,-0.95374132,1.1567021
0.39369665,0.048218516,0.13152813,0.22150772,0.31802937,0.14049589,-0.98068373,1.1413102
0.39286692,0.049139584,0.12660883,0.21773752,0.31260873,0.14330732,-1.0074736,1.1253787
0.39201738,0.050045554,0.12176124,0.21385924,0.30704647,0.14608453,-1.0340996,1.1089095
0.39114833,0.050935989,0.11698781,0.20987458,0.30134376,0.14882633,-1.0605506,1.0919044
0.39026008,0.05181046,0.11229097,0.20578529,0.29550184,0.15153153,-1.086815,1.0743658
0.38935297,0.052668544,0.10767307,0.20159317,0.289522,0.15419893,-1.1128817,1.0562961
0.38842733,0.053509827,0.10313642,0.19730009,0.28340561,0.15682736,-1.1387393,1.0376978
0.38748351,0.054333903,0.098683275,0.19290799,0.27715408,0.15941564,-1.1643764,1.018574
0.38652186,0.055140376,0.09431582,0.18841883,0.27076887,0.1619626,-1.1897817,0.99892759
0.38554274,0.055928857,0.09003619,0.18383467,0.26425151,0.16446708,-1.2149438,0.97876201
0.38454653,0.056698967,0.085846457,0.17915758,0.2576036,0.16692795,-1.2398514,0.95808078
0.38353361,0.057450334,0.081748629,0.17438969,0.25082677,0.16934406,-1.2644932,0.93688767
0.38250437,0.058182599,0.077744653,0.16953319,0.24392273,0.17171428,-1.2888578,0.91518666
0.38145921,0.058895411,0.073836408,0.1645903,0.23689323,0.17403749,-1.3129339,0.89298197
0.38039853,0.059588428,0.070025709,0.15956329,0.22974009,0.17631259,-1.3367103,0.87027804
0.37932275,0.060261318,0.066314303,0.15445446,0.22246517,0.17853848,-1.3601758,0.84707952
0.37823229,0.060913761,0.062703868,0.14926615,0.21507039,0.18071408,-1.3833191,0.82339131
0.37712757,0.061545446,0.059196015,0.14400073,0.20755775,0.18283831,-1.406129,0.79921851
0.37600903,0.062156073,0.055792285,0.13866063,0.19992927,0.18491012,-1.4285945,0.77456645
0.3748771,0.062745351,0.052494146,0.13324827,0.19218705,0.18692847,-1.4507045,0.74944069
0.37373224,0.063313003,0.049302999,0.12776612,0.18433322,0.18889232,-1.472448,0.723847
0.37257489,0.063858759,0.046220169,0.12221667,0.17636997,0.19080065,-1.4938139,0.69779138
0.37140551,0.064382364,0.043246914,0.11660243,0.16829957,0.19265247,-1.5147915,0.67128005
0.37022457,0.064883571,0.040384415,0.11092594,0.1601243,0.19444679,-1.5353698,0.64431945
0.36903252,0.065362145,0.037633785,0.10518975,0.15184652,0.19618263,-1.5555381,0.61691624
0.36782983,0.065817863,0.034996062,0.099396411,0.14346863,0.19785905,-1.5752857,0.58907729
0.36661699,0.066250513,0.032472212,0.093548509,0.13499309,0.1994751,-1.594602,0.5608097
0.36539447,0.066659894,0.03006313,0.08764863,0.12642239,0.20102986,-1.6134766,0.53212077
0.36416275,0.067045817,0.027769636,0.081699366,0.11775909,0.20252243,-1.6318989,0.50301803
0.36292232,0.067408103,0.025592483,0.075703317,0.10900579,0.20395193,-1.6498587,0.47350921
0.36167365,0.067746587,0.023532346,0.069663084,0.10016513,0.20531748,-1.6673457,0.44360228
0.36041725,0.068061113,0.021589836,0.063581269,0.091239809,0.20661824,-1.6843498,0.41330539
0.3591536,0.068351537,0.019765488,0.057460471,0.082232565,0.20785338,-1.700861,0.3826269
0.35788319,0.068617729,0.01805977,0.051303286,0.073146184,0.20902208,-1.7168694,0.35157541
0.35660651,0.068859566,0.016473081,0.045112301,0.063983494,0.21012357,-1.7323652,0.32015968
0.35532407,0.06907694,0.01500575,0.038890098,0.054747369,0.21115706,-1.7473388,0.28838871
0.35403636,0.069269754,0.01365804,0.032639243,0.045440726,0.21212182,-1.7617805,0.25627168
0.35274388,0.06943792,0.012430148,0.026362293,0.03606652,0.21301711,-1.7756811,0.22381799
0.35144711,0.069581363,0.011322205,0.020061787,0.026627752,0.21384223,-1.7890313,0.19103721
0.35014657,0.069700019,0.010334277,0.013740248,0.017127461,0.2145965,-1.8018219,0.15793913
0.34884273,0.069793836,0.009466369,0.0074001798,0.0075687228,0.21527925,-1.8140441,0.12453373
0.34753611,0.069862771,0.0087184219,0.0010440639,-0.0020453446,0.21588984,-1.8256889,0.090831157
0.34622718,0.069906793,0.0080903178,-0.0053256403,-0.011711588,0.21642767,-1.8367477,0.056841773
0.34491645,0.069925882,0.0075818794,-0.011706499,-0.021426818,0.21689213,-1.847212,0.022576113
0.34360441,0.069920029,0.0071928715,-0.018096103,-0.03118781,0.21728267,-1.8570735,-0.011955104
0.34229154,0.069889234,0.0069230033,-0.024492074,-0.040991305,0.21759873,-1.8663241,-0.046740978
0.34097833,0.069833509,0.0067719291,-0.030892063,-0.050834009,0.2178398,-1.8749557,-0.081770434
0.33966527,0.069752875,0.0067392506,-0.037293749,-0.060712599,0.21800539,-1.8829605,-0.11703222
0.33835283,0.069647365,0.006824518,-0.043694849,-0.07062372,0.21809502,-1.8903309,-0.15251492
0.33704151,0.06951702,0.0070272323,-0.050093109,-0.080563985,0.21810825,-1.8970594,-0.18820695
0.33573176,0.069361892,0.0073468463,-0.056486314,-0.090529981,0.21804466,-1.9031389,-0.22409654
0.33442407,0.069182042,0.0077827673,-0.062872283,-0.10051827,0.21790386,-1.9085622,-0.2601718
0.33311891,0.068977541,0.0083343581,-0.069248874,-0.11052537,0.21768548,-1.9133225,-0.29642064
0.33181674,0.068748469,0.0090009393,-0.075613985,-0.1205478,0.21738919,-1.9174131,-0.33283085
0.33051802,0.068494916,0.009781791,-0.08196555,-0.13058204,0.21701468,-1.9208277,-0.36939005
0.3292232,0.06821698,0.010676155,-0.088301546,-0.14062455,0.21656165,-1.9235599,-0.40608571
0.32793275,0.067914767,0.011683235,-0.094619991,-0.15067177,0.21602985,-1.9256037,-0.44290518
0.32664711,0.067588394,0.012802203,-0.10091894,-0.1607201,0.21541905,-1.9269534,-0.47983565
0.32536672,0.067237984,0.014032196,-0.10719651,-0.17076596,0.21472904,-1.9276034,-0.51686419
0.32409203,0.066863668,0.015372321,-0.11345083,-0.18080572,0.21395966,-1.9275483,-0.55397771
0.32282346,0.066465588,0.016821654,-0.1196801,-0.19083573,0.21311076,-1.926783,-0.59116304
0.32156144,0.06604389,0.018379248,-0.12588255,-0.20085236,0.21218221,-1.9253027,-0.62840684
0.3203064,0.065598729,0.020044129,-0.13205645,-0.21085193,0.21117394,-1.9231026,-0.66569568
0.31905876,0.065130269,0.0218153,-0.13820013,-0.22083076,0.21008587,-1.9201785,-0.70301602
0.31781893,0.064638679,0.023691743,-0.14431196,-0.23078516,0.20891799,-1.916526,-0.74035418
0.31658731,0.064124134,0.025672421,-0.15039034,-0.24071143,0.20767028,-1.9121414,-0.7776964
0.31536431,0.063586818,0.027756282,-0.15643374,-0.25060587,0.20634278,-1.907021,-0.81502882
0.31415032,0.063026921,0.029942254,-0.16244064,-0.26046474,0.20493554,-1.9011613,-0.85233747
0.31294573,0.062444638,0.032229258,-0.16840961,-0.27028433,0.20344866,-1.8945593,-0.8896083
0.31175092,0.06184017,0.034616198,-0.17433922,-0.28006091,0.20188223,-1.887212,-0.92682717
0.31056628,0.061213725,0.037101972,-0.18022811,-0.28979074,0.20023642,-1.8791168,-0.96397985
0.30939217,0.060565515,0.039685469,-0.18607495,-0.29947009,0.19851139,-1.8702714,-1.001052
0.30822895,0.05989576,0.042365573,-0.19187847,-0.30909523,0.19670736,-1.8606737,-1.0380294
0.307077,0.059204681,0.045141161,-0.19763742,-0.31866243,0.19482456,-1.8503219,-1.0748974
0.30593665,0.058492508,0.048011112,-0.20335061,-0.32816794,0.19286326,-1.8392144,-1.1116417
0.30480826,0.057759472,0.0509743,-0.20901688,-0.33760804,0.19082375,-1.82735,-1.1482476
0.30369216,0.057005811,0.054029603,-0.21463511,-0.34697901,0.18870635,-1.8147277,-1.1847005
0.3025887,0.056231767,0.0571759,-0.22020423,-0.35627713,0.18651144,-1.8013468,-1.2209858
0.30149819,0.055437585,0.060412074,-0.2257232,-0.36549869,0.18423939,-1.7872069,-1.2570889
0.30042096,0.054623514,0.063737015,-0.23119102,-0.37463999,0.18189062,-1.7723079,-1.2929948
0.29935732,0.053789807,0.067149618,-0.23660672,-0.38369734,0.17946558,-1.7566499,-1.328689
0.29830759,0.052936721,0.070648788,-0.24196938,-0.39266706,0.17696475,-1.7402335,-1.3641566
0.29727207,0.052064515,0.074233438,-0.24727811,-0.4015455,0.17438864,-1.7230593,-1.3993829
0.29625105,0.051173451,0.077902495,-0.25253204,-0.41032899,0.17173778,-1.7051283,-1.4343529
0.29524482,0.050263796,0.081654896,-0.25773033,-0.41901392,0.16901275,-1.686442,-1.4690519
0.29425367,0.049335817,0.085489593,-0.26287221,-0.42759666,0.16621414,-1.667002,-1.5034651
0.29327788,0.048389784,0.08940555,-0.26795689,-0.43607362,0.16334259,-1.6468102,-1.5375776
0.29231771,0.047425972,0.093401751,-0.27298365,-0.44444123,0.16039874,-1.6258688,-1.5713746
0.29137345,0.046444655,0.097477194,-0.27795175,-0.45269594,0.1573833,-1.6041803,-1.6048413
0.29044534,0.045446109,0.10163089,-0.28286053,-0.46083421,0.15429697,-1.5817477,-1.637963
0.28953365,0.044430615,0.10586189,-0.28770931,-0.46885255,0.15114051,-1.558574,-1.6707248
0.28863862,0.043398453,0.11016923,-0.29249745,-0.47674748,0.1479147,-1.5346627,-1.7031121
0.28776049,0.042349904,0.11455199,-0.29722433,-0.48451555,0.14462033,-1.5100176,-1.7351103
0.28689952,0.041285254,0.11900927,-0.30188936,-0.49215334,0.14125826,-1.4846426,-1.7667046
0.28605592,0.040204786,0.12354018,-0.30649195,-0.49965747,0.13782933,-1.4585423,-1.7978804
0.28522993,0.039108786,0.12814386,-0.31103153,-0.50702457,0.13433446,-1.4317211,-1.8286233
0.28442177,0.037997543,0.13281948,-0.31550756,-0.51425133,0.13077455,-1.4041842,-1.8589188
0.28363166,0.036871344,0.13756621,-0.3199195,-0.52133447,0.12715056,-1.3759368,-1.8887525
0.28285982,0.035730477,0.14238327,-0.32426681,-0.52827073,0.12346346,-1.3469845,-1.91811
0.28210644,0.034575234,0.14726989,-0.32854899,-0.53505689,0.11971428,-1.3173332,-1.9469772
0.28137174,0.033405903,0.15222532,-0.33276552,-0.5416898,0.11590403,-1.2869891,-1.9753398
0.28065592,0.032222775,0.15724885,-0.33691591,-0.54816631,0.11203378,-1.2559587,-2.0031839
0.27995916,0.031026143,0.16233976,-0.34099965,-0.55448334,0.10810463,-1.2242489,-2.0304953
0.27928166,0.029816298,0.1674974,-0.34501627,-0.56063784,0.10411768,-1.1918667,-2.0572604
0.27862361,0.028593531,0.17272111,-0.34896525,-0.5666268,0.10007408,-1.1588196,-2.0834653
0.27798518,0.027358136,0.17801027,-0.35284612,-0.57244728,0.095974998,-1.1251153,-2.1090963
0.27736656,0.026110404,0.18336427,-0.35665838,-0.57809637,0.091821631,-1.0907619,-2.1341401
0.27676792,0.024850629,0.18878254,-0.36040154,-0.5835712,0.087615198,-1.0557677,-2.1585831
0.27618943,0.023579104,0.19426453,-0.36407509,-0.58886898,0.083356945,-1.0201413,-2.1824122
0.27563126,0.022296121,0.19980969,-0.36767852,-0.59398693,0.079048143,-0.98389176,-2.2056143
0.27509356,0.021001973,0.20541753,-0.37121133,-0.59892236,0.074690089,-0.94702823,-2.2281764
0.27457651,0.019696955,0.21108754,-0.37467299,-0.60367262,0.070284101,-0.90956028,-2.2500856
0.27408026,0.018381358,0.21681926,-0.37806296,-0.6082351,0.065831523,-0.87149772,-2.2713294
0.27360496,0.017055478,0.22261226,-0.38138069,-0.61260728,0.061333723,-0.83285069,-2.2918952
0.27315076,0.015719606,0.22846608,-0.38462562,-0.61678667,0.056792091,-0.7936296,-2.3117708
0.27271781,0.014374037,0.23438034,-0.38779717,-0.62077084,0.05220804,-0.75384517,-2.330944
0.27230627,0.013019065,0.24035463,-0.39089474,-0.62455744,0.047583006,-0.71350837,-2.3494028
0.27191626,0.011654982,0.24638858,-0.39391773,-0.62814417,0.042918445,-0.67263051,-2.3671355
0.27154793,0.010282084,0.25248183,-0.39686548,-0.63152878,0.038215835,-0.63122312,-2.3841306
0.27120141,0.0089006641,0.25863404,-0.39973736,-0.63470909,0.033476677,-0.58929806,-2.4003765
0.27087685,0.007511017,0.26484488,-0.40253267,-0.63768301,0.028702489,-0.54686744,-2.4158623
0.27057438,0.0061134375,0.27111402,-0.40525071,-0.64044848,0.023894812,-0.50394366,-2.4305769
0.27029413,0.0047082206,0.27744117,-0.40789076,-0.64300353,0.019055205,-0.46053937,-2.4445095
0.27003622,0.0032956618,0.28382603,-0.41045206,-0.64534624,0.014185246,-0.41666751,-2.4576498
0.26980079,0.0018760572,0.2902683,-0.41293382,-0.64747477,0.0092865314,-0.37234127,-2.4699873
0.26958796,0.0004497034,0.29676771,-0.41533523,-0.64938735,0.0043606766,-0.32757412,-2.481512
0.26939786,-0.00098310248,0.30332397,-0.41765545,-0.65108229,-0.00059068671,-0.28237977,-2.4922142
0.2692306,-0.0024220625,0.30993683,-0.41989361,-0.65255794,-0.0055659093,-0.23677219,-2.5020841
0.2690863,-0.0038668778,0.31660601,-0.42204879,-0.65381276,-0.010563326,-0.19076559,-2.5111126
0.2689651,-0.0053172488,0.32333124,-0.42412006,-0.65484526,-0.015581255,-0.14437446,-2.5192906
0.2688671,-0.0067728749,0.33011226,-0.42610645,-0.65565403,-0.020618,-0.097613503,-2.5266091
0.26879242,-0.0082334542,0.33694879,-0.42800694,-0.65623775,-0.02567185,-0.050497666,-2.5330598
0.26874118,-0.0096986838,0.34384055,-0.4298205,-0.65659515,-0.03074108,-0.0030421383,-2.5386343
0.26871348,-0.011168259,0.35078727,-0.43154604,-0.65672505,-0.03582395,0.044737665,-2.5433246
0.26870945,-0.012641875,0.35778866,-0.43318245,-0.65662635,-0.040918708,0.092826101,-2.547123
0.2687292,-0.014119224,0.36484441,-0.43472857,-0.65629804,-0.046023591,0.14120731,-2.550022
0.26877282,-0.015599996,0.37195422,-0.43618321,-0.65573916,-0.051136823,0.1898652,-2.5520146
0.26884044,-0.017083881,0.37911775,-0.43754514,-0.65494885,-0.056256616,0.2387835,-2.5530939
0.26893216,-0.018570567,0.38633467,-0.43881309,-0.65392634,-0.061381172,0.28794568,-2.5532532
0.26904809,-0.020059737,0.39360462,-0.43998575,-0.65267091,-0.066508685,0.33733507,-2.5524865
0.26918833,-0.021551076,0.40092721,-0.44106177,-0.65118195,-0.071637336,0.38693475,-2.5507877
0.26935298,-0.023044264,0.40830205,-0.44203977,-0.64945892,-0.076765302,0.43672764,-2.5481512
0.26954216,-0.024538978,0.41572871,-0.44291831,-0.64750138,-0.081890748,0.48669645,-2.5445716
0.26975596,-0.026034895,0.42320672,-0.44369594,-0.64530894,-0.087011833,0.53682374,-2.5400441
0.26999448,-0.027531687,0.43073562,-0.44437114,-0.64288132,-0.092126711,0.58709187,-2.5345639
0.27025782,-0.029029023,0.43831489,-0.44494238,-0.64021833,-0.097233528,0.63748303,-2.5281266
0.27054609,-0.03052657,0.44594398,-0.44540806,-0.63731985,-0.10233042,0.68797927,-2.5207284
0.27085937,-0.032023993,0.4536223,-0.44576656,-0.63418584,-0.10741554,0.73856244,-2.5123654
0.27119776,-0.03352095,0.46134924,-0.44601622,-0.63081637,-0.112487,0.78921429,-2.5030344
0.27156136,-0.035017098,0.46912414,-0.44615535,-0.62721158,-0.11754294,0.83991638,-2.4927324
0.27195026,-0.036512091,0.47694628,-0.44618221,-0.62337169,-0.12258149,0.89065015,-2.4814567
0.27236455,-0.038005578,0.48481493,-0.44609502,-0.61929702,-0.12760076,0.94139691,-2.469205
0.27280431,-0.039497203,0.49272928,-0.44589197,-0.61498798,-0.13259889,0.99213783,-2.4559754
0.27326964,-0.040986608,0.50068848,-0.44557124,-0.61044505,-0.137574,1.042854,-2.4417663
0.27376062,-0.04247343,0.50869165,-0.44513093,-0.60566882,-0.1425242,1.0935263,-2.4265765
0.27427733,-0.043957302,0.51673781,-0.44456913,-0.60065995,-0.14744763,1.1441356,-2.4104051
0.27481986,-0.045437851,0.52482597,-0.44388392,-0.59541919,-0.15234241,1.1946626,-2.3932515
0.27538828,-0.0469147,0.53295506,-0.44307332,-0.58994739,-0.15720666,1.245088,-2.3751158
0.27598266,-0.048387469,0.54112393,-0.44213532,-0.58424548,-0.16203852,1.2953923,-2.355998
0.27660309,-0.049855771,0.54933141,-0.44106791,-0.57831448,-0.16683613,1.3455559,-2.3358988
0.27724962,-0.051319216,0.55757621,-0.43986903,-0.57215549,-0.17159761,1.3955594,-2.3148191
0.27792233,-0.052777405,0.56585703,-0.4385366,-0.56576971,-0.17632112,1.445383,-2.2927604
0.27862129,-0.054229939,0.57417245,-0.43706853,-0.55915841,-0.1810048,1.495007,-2.2697243
0.27934654,-0.055676409,0.582521,-0.4354627,-0.55232299,-0.18564682,1.5444116,-2.2457129
0.28009815,-0.057116404,0.59090113,-0.43371697,-0.54526488,-0.19024533,1.593577,-2.2207288
0.28087617,-0.058549505,0.59931122,-0.43182919,-0.53798564,-0.19479851,1.6424833,-2.1947748
0.28168066,-0.059975288,0.60774956,-0.42979719,-0.5304869,-0.19930453,1.6911106,-2.1678541
0.28251164,-0.061393324,0.61621437,-0.42761879,-0.52277038,-0.20376159,1.7394391,-2.1399704
0.28336918,-0.062803178,0.62470378,-0.42529181,-0.5148379,-0.20816789,1.7874488,-2.1111278
0.28425329,-0.064204408,0.63321582,-0.42281405,-0.50669133,-0.21252164,1.8351197,-2.0813305
0.28516401,-0.065596567,0.64174847,-0.42018331,-0.49833267,-0.21682105,1.8824319,-2.0505835
0.28610137,-0.066979202,0.65029958,-0.4173974,-0.48976399,-0.22106437,1.9293656,-2.0188919
0.28706538,-0.068351853,0.65886695,-0.41445411,-0.48098743,-0.22524985,1.9759007,-1.9862612
0.28805606,-0.069714055,0.66744824,-0.41135126,-0.47200522,-0.22937574,2.0220175,-1.9526975
0.28907341,-0.071065336,0.67604106,-0.40808666,-0.4628197,-0.23344032,2.067696,-1.9182071
0.29011745,-0.072405218,0.6846429,-0.40465813,-0.45343327,-0.23744188,2.1129165,-1.8827968
0.29118815,-0.073733217,0.69325116,-0.40106351,-0.44384842,-0.24137873,2.1576591,-1.8464736
0.29228551,-0.075048843,0.70186315,-0.39730067,-0.43406771,-0.2452492,2.2019042,-1.809245
0.29340952,-0.0763516,0.71047607,-0.39336747,-0.42409381,-0.24905161,2.245632,-1.7711191
0.29456013,-0.077640984,0.71908701,-0.38926182,-0.41392944,-0.25278434,2.2888232,-1.732104
0.29573733,-0.078916487,0.72769298,-0.38498165,-0.40357743,-0.25644575,2.331458,-1.6922086
0.29694106,-0.080177594,0.73629088,-0.38052492,-0.39304067,-0.26003425,2.3735172,-1.6514417
0.29817126,-0.081423784,0.7448775,-0.37588963,-0.38232215,-0.26354825,2.4149813,-1.6098129
0.29942789,-0.08265453,0.75344953,-0.37107382,-0.3714249,-0.26698619,2.4558313,-1.5673321
0.30071087,-0.083869299,0.76200356,-0.36607555,-0.36035207,-0.27034653,2.4960479,-1.5240094
0.30202013,-0.085067552,0.77053608,-0.36089297,-0.34910687,-0.27362774,2.5356122,-1.4798554
0.30335556,-0.086248745,0.77904345,-0.35552425,-0.33769258,-0.27682833,2.5745054,-1.4348812
0.30471707,-0.087412328,0.78752196,-0.34996762,-0.32611257,-0.27994683,2.6127087,-1.389098
0.30610455,-0.088557746,0.79596776,-0.34422138,-0.31437026,-0.28298178,2.6502036,-1.3425176
0.30751789,-0.089684437,0.80437692,-0.33828388,-0.30246917,-0.28593177,2.6869716,-1.2951522
0.30895693,-0.090791836,0.81274539,-0.33215355,-0.29041288,-0.28879539,2.7229944,-1.2470142
0.31042155,-0.091879372,0.82106903,-0.3258289,-0.27820504,-0.29157126,2.758254,-1.1981164
0.31191159,-0.09294647,0.82934359,-0.31930849,-0.26584937,-0.29425805,2.7927325,-1.148472
0.31342687,-0.093992548,0.83756471,-0.31259098,-0.25334966,-0.29685442,2.826412,-1.0980947
0.31496721,-0.095017023,0.84572794,-0.30567513,-0.24070978,-0.29935908,2.8592751,-1.0469983
0.31653242,-0.096019306,0.85382872,-0.29855976,-0.22793364,-0.30177078,2.8913043,-0.99519719
0.3181223,-0.096998805,0.86186239,-0.2912438,-0.21502525,-0.30408827,2.9224827,-0.94270598
0.31973661,-0.097954923,0.8698242,-0.28372629,-0.20198864,-0.30631035,2.9527932,-0.88953966
0.32137512,-0.098887062,0.8777093,-0.27600637,-0.18882795,-0.30843584,2.9822191,-0.83571359
0.32303758,-0.099794619,0.88551275,-0.26808326,-0.17554736,-0.3104636,3.0107439,-0.78124345
0.32472373,-0.10067699,0.8932295,-0.25995634,-0.16215109,-0.3123925,3.0383515,-0.72614526
0.32643329,-0.10153357,0.90085444,-0.25162508,-0.14864346,-0.31422147,3.0650259,-0.67043539
0.32816595,-0.10236374,0.90838233,-0.24308908,-0.13502882,-0.31594946,3.0907512,-0.61413053
0.3299214,-0.1031669,0.91580789,-0.23434806,-0.12131158,-0.31757544,3.1155121,-0.5572477
0.33169933,-0.10394243,0.92312574,-0.22540189,-0.10749621,-0.31909843,3.1392933,-0.49980425
0.33349938,-0.10468973,0.93033039,-0.21625055,-0.093587227,-0.32051748,3.1620799,-0.44181783
0.33532118,-0.10540818,0.93741633,-0.20689419,-0.079589214,-0.32183167,3.1838573,-0.38330642
0.33716438,-0.10609716,0.94437794,-0.19733308,-0.065506791,-0.32304012,3.2046111,-0.3242883
0.33902856,-0.10675607,0.95120953,-0.18756766,-0.051344629,-0.32414198,3.2243273,-0.26478205
0.34091331,-0.1073843,0.95790535,-0.1775985,-0.037107449,-0.32513644,3.242992,-0.20480656
0.34281821,-0.10798122,0.96445961,-0.16742635,-0.022800016,-0.32602272,3.260592,-0.14438099
0.3447428,-0.10854625,0.97086643,-0.15705212,-0.0084271408,-0.32680008,3.277114,-0.08352481
0.34668662,-0.10907876,0.9771199,-0.14647686,0.0060063255,-0.32746782,3.2925454,-0.022257761
0.34864918,-0.10957817,0.98321404,-0.13570183,0.020495489,-0.32802527,3.3068735,0.039400142
0.35062998,-0.11004387,0.98914284,-0.12472842,0.035035419,-0.3284718,3.3200864,0.10142861
0.35262849,-0.11047527,0.99490026,-0.11355824,0.049621144,-0.32880683,3.3321722,0.16380711
0.35464418,-0.11087178,1.0004802,-0.10219305,0.06424766,-0.3290298,3.3431196,0.22651481
0.35667648,-0.11123281,1.0058766,-0.090634798,0.078909926,-0.32914019,3.3529175,0.28953068
0.35872481,-0.1115578,1.0110832,-0.078885633,0.093602871,-0.32913754,3.3615553,0.3528334
0.36078856,-0.11184616,1.016094,-0.066947883,0.10832139,-0.32902141,3.3690225,0.41640144
0.36286713,-0.11209734,1.0209027,-0.05482407,0.12306036,-0.3287914,3.3753093,0.48021304
0.36495988,-0.11231078,1.0255032,-0.042516915,0.13781462,-0.32844716,3.3804062,0.5442462
0.36706614,-0.11248594,1.0298893,-0.030029334,0.15257898,-0.32798837,3.384304,0.60847871
0.36918523,-0.11262227,1.0340548,-0.017364446,0.16734824,-0.32741476,3.3869939,0.67288816
0.37131647,-0.11271925,1.0379937,-0.0045255705,0.18211717,-0.3267261,3.3884676,0.73745193
0.37345913,-0.11277636,1.0416997,0.0084837662,0.19688052,-0.32592219,3.3887171,0.8021472
0.37561248,-0.1127931,1.0451668,0.021659833,0.21163304,-0.32500288,3.387735,0.86695098
0.37777576,-0.11276897,1.0483888,0.034998689,0.22636943,-0.32396806,3.385514,0.93184008
0.37994819,-0.11270349,1.0513598,0.048496186,0.2410844,-0.32281767,3.3820476,0.99679115
0.38212899,-0.11259621,1.0540738,0.062147965,0.25577266,-0.32155167,3.3773295,1.0617807
0.38431733,-0.11244666,1.0565248,0.075949456,0.27042887,-0.32017008,3.3713538,1.126785
0.38651239,-0.11225441,1.058707,0.089895876,0.28504773,-0.31867296,3.3641152,1.1917803
0.38871332,-0.11201903,1.0606145,0.10398223,0.29962389,-0.31706041,3.3556087,1.2567426
0.39091925,-0.11174012,1.0622417,0.11820332,0.31415202,-0.31533258,3.3458299,1.3216478
0.39312929,-0.1114173,1.0635829,0.13255371,0.32862679,-0.31348964,3.3347747,1.3864717
0.39534253,-0.11105019,1.0646325,0.14702779,0.34304286,-0.31153182,3.3224396,1.45119
0.39755805,-0.11063844,1.0653852,0.16161971,0.35739489,-0.3094594,3.3088214,1.5157782
0.39977492,-0.11018172,1.0658355,0.17632343,0.37167756,-0.30727269,3.2939175,1.5802118
0.40199218,-0.10967972,1.0659783,0.19113268,0.38588554,-0.30497204,3.2777257,1.6444663
0.40420884,-0.10913215,1.0658084,0.206041,0.4000135,-0.30255785,3.2602443,1.7085168
0.40642394,-0.10853873,1.065321,0.22104172,0.41405615,-0.30003056,3.2414721,1.7723387
0.40863646,-0.10789922,1.064511,0.23612798,0.42800819,-0.29739066,3.2214083,1.8359071
0.41084538,-0.10721341,1.0633739,0.25129269,0.44186434,-0.29463867,3.2000526,1.8991971
0.41304966,-0.10648107,1.0619052,0.26652859,0.45561932,-0.29177515,3.1774053,1.9621838
0.41524827,-0.10570205,1.0601004,0.28182821,0.4692679,-0.28880074,3.1534672,2.0248422
0.41744015,-0.10487619,1.0579554,0.29718391,0.48280484,-0.28571607,3.1282392,2.0871474
0.41962421,-0.10400337,1.0554662,0.31258783,0.49622494,-0.28252184,3.1017233,2.1490743
0.42179937,-0.10308348,1.0526288,0.32803196,0.50952302,-0.27921879,3.0739215,2.210598
0.42396454,-0.10211645,1.0494398,0.34350809,0.52269392,-0.27580771,3.0448365,2.2716935
0.42611862,-0.10110224,1.0458955,0.35900784,0.53573251,-0.27228942,3.0144716,2.3323357
0.42826047,-0.10004084,1.0419929,0.37452267,0.54863369,-0.26866478,2.9828304,2.3924997
0.43038899,-0.098932254,1.0377289,0.39004386,0.56139241,-0.2649347,2.949917,2.4521606
0.43250303,-0.097776524,1.0331006,0.40556255,0.57400362,-0.26110013,2.9157362,2.5112935
0.43460145,-0.096573723,1.0281056,0.42106971,0.58646233,-0.25716205,2.8802932,2.5698735
0.4366831,-0.095323953,1.0227415,0.43655617,0.59876359,-0.2531215,2.8435936,2.6278758
0.43874684,-0.094027346,1.0170062,0.45201262,0.61090247,-0.24897956,2.8056437,2.6852759
0.4407915,-0.092684065,1.0108979,0.46742962,0.62287409,-0.24473732,2.7664502,2.7420489
0.44281592,-0.091294306,1.0044149,0.48279761,0.63467364,-0.24039596,2.7260204,2.7981705
0.44481893,-0.089858296,0.99755609,0.49810689,0.64629631,-0.23595665,2.6843618,2.8536161
0.44679937,-0.088376295,0.99032026,0.51334766,0.65773738,-0.23142063,2.6414828,2.9083615
0.44875607,-0.086848594,0.9827067,0.52851001,0.66899215,-0.22678917,2.5973921,2.9623824
0.45068786,-0.085275517,0.97471489,0.54358396,0.68005599,-0.22206359,2.552099,3.0156548
0.45259357,-0.083657425,0.96634463,0.55855941,0.6909243,-0.21724523,2.5056132,3.0681548
0.45447204,-0.081994707,0.95759599,0.5734262,0.70159258,-0.21233548,2.457945,3.1198585
0.4563221,-0.080287788,0.94846935,0.58817408,0.71205633,-0.20733577,2.4091051,3.1707424
0.45814261,-0.078537129,0.93896538,0.60279278,0.72231116,-0.20224756,2.3591048,3.220783
0.4599324,-0.07674322,0.92908505,0.61727193,0.73235271,-0.19707235,2.3079559,3.269957
0.46169033,-0.074906589,0.91882965,0.63160114,0.74217669,-0.19181167,2.2556706,3.3182414
0.46341526,-0.073027795,0.90820076,0.64577001,0.75177888,-0.18646711,2.2022617,3.3656132
0.46510606,-0.071107434,0.8972003,0.65976807,0.76115512,-0.18104027,2.1477425,3.4120499
0.46676161,-0.069146133,0.88583049,0.67358489,0.77030132,-0.17553279,2.0921268,3.4575289
0.4683808,-0.067144554,0.87409386,0.68720999,0.77921347,-0.16994636,2.0354287,3.502028
0.46996254,-0.065103393,0.86199327,0.70063294,0.78788762,-0.16428269,1.977663,3.5455253
0.47150574,-0.063023378,0.84953193,0.7138433,0.79631989,-0.15854352,1.918845,3.587999
0.47300933,-0.060905272,0.83671333,0.72683067,0.80450649,-0.15273064,1.8589903,3.6294277
0.47447225,-0.058749869,0.82354131,0.73958469,0.81244369,-0.14684586,1.7981151,3.6697901
0.47589348,-0.056557999,0.81002004,0.75209506,0.82012785,-0.14089102,1.736236,3.7090653
0.47727198,-0.054330519,0.796154,0.76435154,0.82755541,-0.13486801,1.6733703,3.7472327
0.47860676,-0.052068324,0.78194802,0.77634396,0.83472288,-0.12877872,1.6095355,3.7842719
0.47989684,-0.049772335,0.76740723,0.78806223,0.84162686,-0.1226251,1.5447496,3.8201628
0.48114126,-0.047443508,0.7525371,0.79949637,0.84826404,-0.11640912,1.4790312,3.8548859
0.48233907,-0.045082827,0.73734343,0.8106365,0.85463119,-0.11013277,1.4123993,3.8884215
0.48348937,-0.042691308,0.72183232,0.82147287,0.86072518,-0.10379808,1.3448732,3.9207508
0.48459127,-0.040269995,0.70601022,0.83199584,0.86654294,-0.097407091,1.2764729,3.9518549
0.48564389,-0.03781996,0.68988386,0.84219594,0.87208152,-0.090961898,1.2072187,3.9817155
0.48664641,-0.035342304,0.67346033,0.85206383,0.87733804,-0.084464601,1.1371313,4.0103146
0.48759801,-0.032838155,0.656747,0.86159034,0.88230974,-0.077917333,1.0662319,4.0376346
0.48849791,-0.030308667,0.63975155,0.8707665,0.88699392,-0.07132225,0.99454203,4.0636581
0.48934535,-0.027755021,0.62248196,0.8795835,0.89138801,-0.064681535,0.9220838,4.0883683
0.49013962,-0.025178422,0.60494653,0.88803273,0.89548952,-0.057997391,0.84887959,4.1117487
0.49088001,-0.022580098,0.58715383,0.89610581,0.89929605,-0.051272047,0.77495226,4.1337832
0.49156588,-0.019961301,0.56911272,0.90379456,0.90280531,-0.044507751,0.70032502,4.1544562
0.4921966,-0.017323304,0.55083235,0.91109104,0.90601512,-0.037706775,0.6250215,4.1737525
0.49277157,-0.014667403,0.53232214,0.91798755,0.90892338,-0.03087141,0.54906572,4.1916571
0.49329023,-0.011994912,0.51359178,0.92447665,0.91152811,-0.024003966,0.47248207,4.2081558
0.49375206,-0.0093071642,0.49465122,0.93055116,0.91382743,-0.017106774,0.39529529,4.2232346
0.49415658,-0.0066055116,0.47551065,0.93620415,0.91581956,-0.010182181,0.31753052,4.2368799
0.49450334,-0.003891322,0.45618052,0.941429,0.91750283,-0.0032325524,0.23921323,4.2490789
0.49479192,-0.0011659791,0.43667152,0.94621937,0.91887568,0.0037397307,0.16036925,4.2598189
0.49502195,0.0015691193,0.41699454,0.95056923,0.91993665,0.010732271,0.081024748,4.2690879
0.49519309,0.004312562,0.39716071,0.95447283,0.9206844,0.017742657,0.0012062182,4.2768742
0.49530504,0.007062926,0.37718138,0.95792477,0.92111768,0.024768463,-0.079059515,4.2831668
0.49535755,0.0098187776,0.35706805,0.96091997,0.92123537,0.03180725,-0.15974532,4.2879549
0.4953504,0.012578674,0.33683246,0.96345367,0.92103646,0.038856568,-0.24082374,4.2912286
0.49528341,0.015341163,0.31648649,0.96552146,0.92052003,0.045913954,-0.32226704,4.2929782
0.49515645,0.018104788,0.2960422,0.96711928,0.9196853,0.052976936,-0.4040472,4.2931947
0.49496941,0.020868085,0.27551181,0.96824342,0.91853159,0.060043032,-0.48613589,4.2918693
0.49472224,0.023629586,0.25490766,0.96889053,0.91705833,0.067109751,-0.56850455,4.2889942
0.49441493,0.02638782,0.23424225,0.96905764,0.91526507,0.074174595,-0.65112432,4.2845619
0.49404751,0.029141316,0.21352817,0.96874214,0.91315148,0.081235059,-0.73396613,4.2785652
0.49362003,0.031888601,0.19277814,0.9679418,0.91071734,0.088288632,-0.81700063,4.2709979
0.49313262,0.034628205,0.17200494,0.96665479,0.90796253,0.095332797,-0.90019827,4.261854
0.49258543,0.037358659,0.15122146,0.96487963,0.90488707,0.10236504,-0.98352924,4.2511283
0.49197864,0.040078499,0.13044064,0.96261525,0.90149109,0.10938282,-1.0669636,4.2388159
0.49131249,0.042786265,0.10967548,0.959861,0.89777483,0.11638363,-1.150471,4.2249128
0.49058725,0.045480506,0.08893902,0.95661657,0.89373865,0.12336494,-1.2340213,4.2094152
0.48980325,0.048159776,0.068244317,0.95288209,0.88938303,0.13032422,-1.3175837,4.1923202
0.48896083,0.05082264,0.047604448,0.94865808,0.88470856,0.13725894,-1.4011276,4.1736252
0.4880604,0.053467674,0.027032486,0.94394544,0.87971596,0.14416658,-1.484622,4.1533284
0.48710239,0.056093464,0.0065414859,0.93874551,0.87440605,0.15104462,-1.568036,4.1314284
0.48608727,0.058698613,-0.013855524,0.93305998,0.86877978,0.15789054,-1.6513382,4.1079247
0.48501556,0.061281734,-0.034145562,0.92689099,0.86283822,0.16470181,-1.7344976,4.082817
0.48388782,0.063841458,-0.054315703,0.92024104,0.85658254,0.17147594,-1.8174825,4.0561058
0.48270462,0.066376434,-0.074353092,0.91311305,0.85001405,0.17821042,-1.9002615,4.0277923
0.48146661,0.068885327,-0.094244962,0.90551033,0.84313417,0.18490276,-1.9828029,3.997878
0.48017445,0.071366822,-0.11397865,0.89743657,0.83594442,0.19155046,-2.0650752,3.9663654
0.47882883,0.073819627,-0.13354159,0.88889585,0.82844645,0.19815105,-2.1470465,3.9332572
0.47743049,0.076242469,-0.15292136,0.87989267,0.82064204,0.20470206,-2.228685,3.8985571
0.4759802,0.078634098,-0.17210567,0.87043185,0.81253306,0.21120103,-2.3099588,3.8622691
0.47447876,0.080993288,-0.19108239,0.86051863,0.80412151,0.21764551,-2.3908361,3.8243979
0.47292702,0.08331884,-0.20983955,0.85015861,0.79540951,0.22403308,-2.4712849,3.7849489
0.47132583,0.085609578,-0.22836536,0.83935774,0.78639928,0.23036132,-2.5512733,3.743928
0.4696761,0.087864355,-0.24664823,0.82812235,0.77709317,0.23662781,-2.6307694,3.7013419
0.46797875,0.090082051,-0.26467677,0.81645909,0.76749363,0.24283017,-2.7097414,3.6571977
0.46623474,0.092261574,-0.28243979,0.80437498,0.75760323,0.24896604,-2.7881572,3.6115032
0.46444506,0.094401863,-0.29992636,0.79187735,0.74742465,0.25503305,-2.8659852,3.5642669
0.46261071,0.096501888,-0.31712578,0.77897388,0.73696069,0.26102887,-2.9431934,3.5154979
0.46073274,0.098560646,-0.33402757,0.76567255,0.72621425,0.26695118,-3.0197503,3.4652056
0.45881221,0.10057717,-0.35062156,0.75198165,0.71518834,0.27279769,-3.0956241,3.4134006
0.45685019,0.10255053,-0.36689783,0.73790978,0.7038861,0.27856612,-3.1707833,3.3600936
0.4548478,0.10447981,-0.38284672,0.72346581,0.69231075,0.28425422,-3.2451965,3.3052962
0.45280617,0.10636416,-0.39845891,0.7086589,0.68046563,0.28985976,-3.3188324,3.2490205
0.45072645,0.10820273,-0.41372534,0.69349846,0.6683542,0.29538053,-3.3916597,3.1912793
0.44860979,0.10999472,-0.42863728,0.67799418,0.65598,0.30081435,-3.4636474,3.1320859
0.44645739,0.11173938,-0.44318631,0.66215597,0.64334669,0.30615907,-3.5347646,3.0714542
0.44427045,0.11343597,-0.45736433,0.64599399,0.63045804,0.31141255,-3.6049805,3.0093989
0.44205018,0.1150838,-0.47116359,0.6295186,0.6173179,0.3165727,-3.6742645,2.9459352
0.43979781,0.11668222,-0.48457667,0.61274037,0.60393025,0.32163744,-3.7425864,2.8810787
0.43751458,0.1182306,-0.49759649,0.59567009,0.59029915,0.32660473,-3.8099159,2.814846
0.43520175,0.11972837,-0.51021633,0.57831871,0.57642876,0.33147255,-3.8762231,2.7472539
0.43286057,0.12117497,-0.52242982,0.56069733,0.56232335,0.33623892,-3.9414782,2.67832
0.43049233,0.12256989,-0.53423096,0.54281724,0.54798727,0.34090189,-4.0056518,2.6080626
0.42809829,0.12391268,-0.54561409,0.52468986,0.53342498,0.34545954,-4.0687146,2.5365004
0.42567975,0.12520288,-0.55657396,0.50632674,0.51864103,0.34990997,-4.1306377,2.4636526
0.42323799,0.12644011,-0.56710565,0.48773952,0.50364005,0.35425134,-4.1913923,2.3895392
0.42077431,0.127624,-0.57720465,0.46893999,0.48842677,0.35848183,-4.2509501,2.3141807
0.41829,0.12875424,-0.5868668,0.44993998,0.47300601,0.36259966,-4.309283,2.2375981
0.41578636,0.12983052,-0.59608832,0.43075142,0.45738269,0.36660308,-4.3663632,2.159813
0.41326469,0.13085261,-0.60486582,0.4113863,0.44156178,0.37049037,-4.4221632,2.0808477
0.41072628,0.13182029,-0.61319628,0.39185666,0.42554836,0.37425988,-4.476656,2.0007247
0.40817243,0.13273339,-0.62107707,0.37217454,0.4093476,0.37790996,-4.5298147,1.9194675
0.40560443,0.13359175,-0.6285059,0.35235205,0.39296474,0.38143902,-4.5816129,1.8370997
0.40302357,0.13439527,-0.63548091,0.33240126,0.37640508,0.38484551,-4.6320247,1.7536458
0.40043112,0.13514388,-0.64200058,0.31233428,0.35967404,0.38812792,-4.6810244,1.6691306
0.39782836,0.13583755,-0.64806376,0.29216317,0.34277707,0.39128476,-4.7285867,1.5835795
0.39521656,0.13647626,-0.65366967,0.27189995,0.32571973,0.39431461,-4.7746868,1.4970184
0.39259697,0.13706005,-0.65881792,0.25155663,0.30850763,0.39721608,-4.8193003,1.4094737
0.38997083,0.13758898,-0.66350845,0.23114513,0.29114646,0.39998783,-4.8624033,1.3209723
0.3873394,0.13806315,-0.66774157,0.21067732,0.27364198,0.40262854,-4.9039721,1.2315417
0.38470388,0.13848268,-0.67151795,0.19016497,0.256,0.40513698,-4.9439837,1.1412097
0.3820655,0.13884772,-0.67483859,0.16961978,0.23822641,0.40751191,-4.9824155,1.0500046
0.37942545,0.13915847,-0.67770485,0.14905333,0.22032715,0.40975218,-5.0192454,0.95795532
0.37678491,0.13941514,-0.6801184,0.12847709,0.20230825,0.41185666,-5.0544517,0.86509113
0.37414507,0.13961798,-0.68208127,0.1079024,0.18417575,0.41382427,-5.0880132,0.77144177
0.37150705,0.13976726,-0.68359579,0.087340461,0.16593578,0.415654,-5.1199093,0.6770374
0.36887202,0.13986328,-0.68466462,0.066802331,0.14759451,0.41734485,-5.15012,0.58190864
0.36624108,0.13990637,-0.68529071,0.04629891,0.12915817,0.4188959,-5.1786255,0.48608652
0.36361533,0.13989688,-0.68547733,0.025840933,0.11063304,0.42030626,-5.2054069,0.38960248
0.36099586,0.13983518,-0.68522802,0.0054389576,0.092025426,0.42157509,-5.2304456,0.29248837
0.35838373,0.13972169,-0.68454662,-0.014896641,0.073341708,0.42270161,-5.2537238,0.19477643
0.35577999,0.13955683,-0.68343725,-0.035155681,0.054588291,0.42368507,-5.2752239,0.096499282
0.35318565,0.13934103,-0.68190427,-0.055328181,0.035771625,0.42452481,-5.2949294,-0.0023100795
0.35060173,0.13907478,-0.67995232,-0.075404366,0.016898196,0.42522016,-5.3128238,-0.1016183
0.3480292,0.13875855,-0.67758629,-0.095374676,-0.0020254715,0.42577056,-5.3288917,-0.20139167
0.34546901,0.13839285,-0.67481128,-0.11522977,-0.020992822,0.42617547,-5.3431179,-0.30159614
0.34292212,0.13797822,-0.67163264,-0.13496054,-0.039997269,0.42643439,-5.3554882,-0.40219734
0.34038943,0.1375152,-0.66805595,-0.15455811,-0.059032195,0.42654691,-5.3659887,-0.50316058
0.33787183,0.13700434,-0.66408698,-0.17401384,-0.078090959,0.42651264,-5.3746064,-0.60445086
0.3353702,0.13644623,-0.65973169,-0.19331932,-0.097166895,0.42633125,-5.3813286,-0.70603289
0.33288538,0.13584145,-0.65499624,-0.21246642,-0.11625332,0.42600247,-5.3861437,-0.80787109
0.3304182,0.13519061,-0.64988699,-0.23144723,-0.13534351,0.42552607,-5.3890402,-0.90992961
0.32796944,0.13449433,-0.64441043,-0.25025412,-0.15443077,0.42490189,-5.3900078,-1.0121724
0.32553991,0.13375324,-0.63857323,-0.2688797,-0.17350834,0.42412981,-5.3890366,-1.114563
0.32313033,0.13296798,-0.6323822,-0.28731685,-0.19256949,0.42320977,-5.3861173,-1.2170649
0.32074144,0.1321392,-0.6258443,-0.30555872,-0.21160744,0.42214176,-5.3812415,-1.3196414
0.31837396,0.13126757,-0.61896659,-0.32359871,-0.23061545,0.42092581,-5.3744013,-1.4222553
0.31602855,0.13035375,-0.61175627,-0.34143051,-0.24958674,0.41956203,-5.3655896,-1.5248695
0.31370588,0.12939842,-0.60422064,-0.35904806,-0.26851453,0.41805057,-5.3548,-1.6274467
0.31140658,0.12840227,-0.59636709,-0.37644556,-0.28739207,0.41639164,-5.3420268,-1.7299492
0.30913126,0.12736599,-0.58820311,-0.39361752,-0.30621259,0.41458548,-5.3272649,-1.8323393
0.30688052,0.12629028,-0.57973625,-0.41055868,-0.32496932,0.41263242,-5.3105101,-1.9345792
0.30465491,0.12517583,-0.57097414,-0.42726407,-0.34365552,0.41053282,-5.2917589,-2.036631
0.30245497,0.12402334,-0.56192444,-0.44372899,-0.36226444,0.40828709,-5.2710083,-2.1384565
0.30028124,0.12283354,-0.5525949,-0.45994899,-0.38078936,0.40589572,-5.2482563,-2.2400175
0.2981342,0.12160711,-0.54299327,-0.4759199,-0.39922356,0.40335923,-5.2235015,-2.3412758
0.29601433,0.12034478,-0.53312734,-0.49163781,-0.41756036,0.4006782,-5.1967434,-2.4421931
0.29392209,0.11904725,-0.52300492,-0.50709909,-0.43579308,0.39785327,-5.1679819,-2.5427308
0.2918579,0.11771524,-0.51263383,-0.52230034,-0.45391508,0.39488512,-5.137218,-2.6428506
0.28982217,0.11634946,-0.5020219,-0.53723844,-0.47191973,0.39177449,-5.1044534,-2.742514
0.28781531,0.1149506,-0.49117692,-0.55191051,-0.48980044,0.38852217,-5.0696903,-2.8416825
0.28583767,0.11351939,-0.48010671,-0.56631395,-0.50755064,0.38512902,-5.032932,-2.9403175
0.28388961,0.11205652,-0.46881902,-0.58044636,-0.52516381,0.38159594,-4.9941822,-3.0383807
0.28197145,0.11056269,-0.4573216,-0.59430563,-0.54263346,0.37792386,-4.9534457,-3.1358335
0.28008352,0.1090386,-0.44562215,-0.60788986,-0.55995313,0.37411381,-4.9107279,-3.2326376
0.2782261,0.10748494,-0.43372831,-0.62119741,-0.5771164,0.37016683,-4.8660349,-3.3287545
0.27639947,0.10590241,-0.42164768,-0.63422684,-0.59411691,0.36608403,-4.8193738,-3.4241461
0.27460388,0.10429167,-0.40938779,-0.64697697,-0.61094834,0.36186658,-4.7707521,-3.518774
0.27283959,0.1026534,-0.39695612,-0.65944682,-0.6276044,0.35751567,-4.7201785,-3.6126002
0.2711068,0.10098828,-0.38436004,-0.67163563,-0.64407888,0.35303258,-4.6676621,-3.7055868
0.26940573,0.099296972,-0.37160686,-0.68354287,-0.66036559,0.3484186,-4.6132129,-3.7976959
0.26773658,0.097580125,-0.3587038,-0.69516819,-0.67645843,0.34367511,-4.5568418,-3.8888897
0.26609951,0.095838389,-0.34565799,-0.70651144,-0.69235133,0.33880351,-4.4985603,-3.9791308
0.2644947,0.094072404,-0.33247645,-0.7175727,-0.70803831,0.33380527,-4.4383807,-4.0683818
0.26292229,0.092282803,-0.3191661,-0.7283522,-0.72351341,0.32868188,-4.3763161,-4.1566054
0.26138242,0.090470209,-0.30573376,-0.73885037,-0.73877077,0.32343491,-4.3123803,-4.2437649
0.25987522,0.088635238,-0.29218613,-0.74906781,-0.75380459,0.31806597,-4.246588,-4.3298233
0.25840078,0.086778494,-0.27852977,-0.75900531,-0.76860913,0.31257669,-4.1789545,-4.4147441
0.25695922,0.084900574,-0.26477116,-0.7686638,-0.78317874,0.30696878,-4.109496,-4.4984912
0.25555063,0.083002066,-0.25091661,-0.77804438,-0.79750781,0.30124398,-4.0382293,-4.5810286
0.25417507,0.081083547,-0.23697233,-0.78714829,-0.81159085,0.29540408,-3.965172,-4.6623204
0.25283263,0.079145585,-0.22294438,-0.79597695,-0.82542241,0.28945092,-3.8903426,-4.7423313
0.25152335,0.077188738,-0.2088387,-0.80453188,-0.83899715,0.28338638,-3.8137602,-4.8210262
0.25024729,0.075213554,-0.19466106,-0.81281474,-0.85230978,0.27721237,-3.7354446,-4.8983703
0.2490045,0.073220571,-0.18041712,-0.82082733,-0.86535514,0.27093086,-3.6554165,-4.9743292
0.247795,0.071210317,-0.16611238,-0.82857157,-0.87812811,0.26454387,-3.5736972,-5.0488686
0.24661883,0.06918331,-0.1517522,-0.83604947,-0.89062369,0.25805343,-3.4903088,-5.121955
0.245476,0.067140058,-0.13734177,-0.84326317,-0.90283695,0.25146165,-3.405274,-5.1935549
0.24436654,0.065081057,-0.12288617,-0.8502149,-0.91476308,0.24477065,-3.3186163,-5.2636355
0.24329044,0.063006795,-0.10839028,-0.85690698,-0.92639734,0.23798261,-3.2303601,-5.3321641
0.24224773,0.060917749,-0.093858876,-0.86334182,-0.9377351,0.23109973,-3.1405302,-5.3991087
0.24123839,0.058814387,-0.079296542,-0.86952192,-0.94877181,0.22412426,-3.0491522,-5.4644375
0.24026242,0.056697167,-0.064707727,-0.87544983,-0.95950305,0.21705849,-2.9562525,-5.5281194
0.23931983,0.054566534,-0.050096722,-0.88112818,-0.96992447,0.20990475,-2.8618581,-5.5901236
0.2384106,0.052422928,-0.035467662,-0.88655968,-0.98003186,0.20266539,-2.7659967,-5.6504198
0.23753471,0.050266777,-0.020824528,-0.89174706,-0.98982109,0.1953428,-2.6686966,-5.7089782
0.23669216,0.048098499,-0.0061711466,-0.89669313,-0.99928814,0.18793941,-2.5699868,-5.7657696
0.23588293,0.045918505,0.0084888088,-0.90140071,-1.0084291,0.18045769,-2.4698971,-5.8207651
0.23510701,0.043727195,0.023151819,-0.90587269,-1.0172402,0.17290013,-2.3684578,-5.8739366
0.23436438,0.04152496,0.037814517,-0.91011197,-1.0257177,0.16526925,-2.2656998,-5.9252563
0.23365502,0.039312186,0.052473687,-0.91412148,-1.0338581,0.15756762,-2.1616548,-5.9746972
0.23297893,0.037089245,0.067126264,-0.91790416,-1.0416579,0.14979781,-2.0563549,-6.0222327
0.23233608,0.034856507,0.08176933,-0.92146298,-1.0491138,0.14196245,-1.949833,-6.0678369
0.23172646,0.032614329,0.096400116,-0.92480091,-1.0562226,0.13406417,-1.8421226,-6.1114842
0.23115006,0.030363063,0.111016,-0.92792092,-1.0629811,0.12610566,-1.7332576,-6.1531501
0.23060688,0.028103055,0.12561449,-0.93082597,-1.0693864,0.1180896,-1.6232727,-6.1928104
0.2300969,0.025834641,0.14019326,-0.93351903,-1.0754356,0.11001872,-1.512203,-6.2304415
0.22962012,0.023558153,0.1547501,-0.93600305,-1.081126,0.10189576,-1.4000844,-6.2660206
0.22917655,0.021273916,0.16928295,-0.93828094,-1.0864551,0.093723504,-1.2869531,-6.2995255
0.22876617,0.018982249,0.18378988,-0.94035562,-1.0914202,0.085504735,-1.1728458,-6.3309346
0.22838901,0.016683465,0.19826909,-0.94222997,-1.0960191,0.077242269,-1.0578001,-6.3602271
0.22804506,0.014377874,0.21271891,-0.94390683,-1.1002496,0.068938941,-0.94185374,-6.3873828
0.22773434,0.012065777,0.2271378,-0.945389,-1.1041094,0.060597604,-0.82504511,-6.4123823
0.22745688,0.0097474755,0.24152432,-0.94667926,-1.1075968,0.052221132,-0.7074131,-6.4352067
0.22721269,0.0074232641,0.25587719,-0.94778033,-1.1107098,0.043812412,-0.58899704,-6.4558381
0.2270018,0.0050934347,0.27019521,-0.94869487,-1.1134468,0.035374352,-0.46983675,-6.474259
0.22682426,0.002758276,0.28447731,-0.94942552,-1.1158061,0.026909872,-0.3499725,-6.4904531
0.22668008,0.0004180739,0.29872252,-0.94997482,-1.1177864,0.018421907,-0.22944498,-6.5044043
0.22656933,-0.0019268878,0.31292999,-0.95034529,-1.1193864,0.0099134056,-0.10829533,-6.5160976
0.22649205,-0.0042763271,0.32709896,-0.95053936,-1.1206048,0.0013873277,0.013434912,-6.5255189
0.22644829,-0.0066299637,0.34122877,-0.95055941,-1.1214406,-0.0071533554,0.1357038,-6.5326544
0.22643812,-0.0089875178,0.35531885,-0.95040773,-1.1218931,-0.015705663,0.25846902,-6.5374915
0.22646161,-0.01134871,0.36936873,-0.95008656,-1.1219613,-0.024266604,0.38168787,-6.5400183
0.22651883,-0.013713263,0.38337803,-0.94959804,-1.1216447,-0.032833183,0.5053173,-6.5402236
0.22660985,-0.016080894,0.39734643,-0.94894426,-1.1209429,-0.041402394,0.62931392,-6.538097
0.22673478,-0.018451326,0.41127371,-0.94812719,-1.1198554,-0.049971228,0.75363402,-6.5336291
0.22689369,-0.020824275,0.42515972,-0.94714876,-1.1183821,-0.058536671,0.87823358,-6.5268111
0.2270867,-0.023199457,0.43900437,-0.94601079,-1.1165228,-0.067095707,1.0030683,-6.5176352
0.2273139,-0.025576588,0.45280764,-0.94471501,-1.1142778,-0.075645315,1.1280935,-6.5060943
0.2275754,-0.027955377,0.46656959,-0.94326307,-1.1116471,-0.084182475,1.2532644,-6.4921823
0.22787133,-0.030335532,0.4802903,-0.94165652,-1.1086312,-0.092704167,1.3785358,-6.4758938
0.22820181,-0.032716758,0.49396994,-0.93989683,-1.1052306,-0.10120737,1.5038625,-6.4572243
0.22856696,-0.035098754,0.5076087,-0.93798536,-1.1014458,-0.10968907,1.6291988,-6.4361702
0.22896693,-0.037481215,0.52120683,-0.93592339,-1.0972776,-0.11814626,1.754499,-6.4127287
0.22940185,-0.039863831,0.53476462,-0.93371209,-1.092727,-0.12657591,1.8797171,-6.3868979
0.22987188,-0.042246285,0.54828238,-0.93135254,-1.0877951,-0.13497504,2.0048071,-6.3586769
0.23037716,-0.044628255,0.56176046,-0.92884571,-1.0824829,-0.14334064,2.1297227,-6.3280654
0.23091786,-0.047009413,0.57519924,-0.9261925,-1.0767918,-0.15166972,2.2544174,-6.2950642
0.23149413,-0.049389422,0.58859911,-0.92339367,-1.0707234,-0.15995931,2.3788448,-6.259675
0.23210616,-0.051767938,0.6019605,-0.9204499,-1.0642792,-0.16820644,2.5029583,-6.2219001
0.2327541,-0.054144609,0.61528382,-0.91736178,-1.0574609,-0.17640815,2.6267112,-6.1817432
0.23343814,-0.056519076,0.62856952,-0.91412979,-1.0502704,-0.18456148,2.7500566,-6.1392083
0.23415846,-0.058890968,0.64181802,-0.91075429,-1.0427098,-0.19266352,2.8729479,-6.0943008
0.23491525,-0.061259907,0.65502977,-0.90723558,-1.0347811,-0.20071134,2.9953382,-6.0470266
0.2357087,-0.063625504,0.6682052,-0.90357381,-1.0264868,-0.20870204,3.1171806,-5.9973929
0.23653899,-0.065987359,0.68134472,-0.89976909,-1.0178292,-0.21663273,3.2384283,-5.9454074
0.23740632,-0.068345063,0.69444876,-0.89582137,-1.0088108,-0.22450055,3.3590345,-5.891079
0.2383109,-0.070698195,0.70751768,-0.89173054,-0.99943445,-0.23230264,3.4789523,-5.8344174
0.23925291,-0.073046321,0.72055187,-0.88749639,-0.98970286,-0.24003619,3.5981352,-5.7754331
0.24023257,-0.075388997,0.73355166,-0.88311861,-0.97961901,-0.24769838,3.7165364,-5.7141376
0.24125008,-0.077725767,0.74651736,-0.87859677,-0.969186,-0.25528642,3.8341094,-5.6505434
0.24230563,-0.080056159,0.75944923,-0.87393039,-0.95840703,-0.26279755,3.9508077,-5.5846636
0.24339944,-0.082379691,0.77234751,-0.86911887,-0.94728547,-0.27022905,4.0665852,-5.5165126
0.2445317,-0.084695867,0.78521239,-0.86416153,-0.93582477,-0.27757818,4.1813955,-5.4461054
0.24570262,-0.087004176,0.79804401,-0.85905758,-0.92402855,-0.28484227,4.2951927,-5.3734579
0.24691241,-0.089304094,0.81084245,-0.85380617,-0.91190052,-0.29201866,4.407931,-5.298587
0.24816125,-0.091595082,0.82360774,-0.84840636,-0.89944454,-0.29910471,4.5195648,-5.2215106
0.24944935,-0.093876587,0.83633985,-0.84285711,-0.88666458,-0.30609783,4.6300487,-5.1422473
0.25077691,-0.096148038,0.84903869,-0.83715732,-0.87356473,-0.31299544,4.7393376,-5.0608165
0.25214411,-0.098408854,0.8617041,-0.8313058,-0.86014921,-0.319795,4.8473866,-4.9772387
0.25355113,-0.10065843,0.87433584,-0.82530129,-0.84642236,-0.32649401,4.954151,-4.8915353
0.25499817,-0.10289616,0.88693361,-0.81914244,-0.83238862,-0.33308999,5.0595866,-4.8037283
0.2564854,-0.10512141,0.89949702,-0.81282785,-0.81805256,-0.33958051,5.1636493,-4.7138408
0.25801298,-0.10733353,0.9120256,-0.80635606,-0.80341887,-0.34596315,5.2662955,-4.6218967
0.25958109,-0.10953186,0.9245188,-0.79972551,-0.78849233,-0.35223555,5.3674818,-4.5279207
0.26118987,-0.11171572,0.93697596,-0.79293461,-0.77327785,-0.35839538,5.4671652,-4.4319384
0.26283947,-0.1138844,0.94939636,-0.7859817,-0.75778045,-0.36444034,5.5653031,-4.3339764
0.26453003,-0.11603721,0.96177917,-0.77886506,-0.74200525,-0.37036818,5.6618534,-4.2340618
0.26626168,-0.11817341,0.97412345,-0.77158294,-0.72595748,-0.37617668,5.7567743,-4.1322227
0.26803454,-0.12029226,0.98642817,-0.76413352,-0.70964246,-0.38186367,5.8500244,-4.0284882
0.26984871,-0.12239299,0.99869221,-0.75651495,-0.69306564,-0.38742702,5.9415628,-3.922888
0.27170428,-0.12447482,1.0109143,-0.74872532,-0.67623255,-0.39286463,6.0313491,-3.8154525
0.27360134,-0.12653696,1.0230931,-0.74076271,-0.65914882,-0.39817446,6.1193434,-3.7062133
0.27553995,-0.1285786,1.0352272,-0.73262515,-0.64182018,-0.4033545,6.2055063,-3.5952024
0.27752017,-0.1305989,1.0473149,-0.72431065,-0.62425245,-0.40840279,6.2897987,-3.4824528
0.27954203,-0.13259703,1.0593546,-0.7158172,-0.60645155,-0.41331742,6.3721824,-3.3679982
0.28160556,-0.13457213,1.0713445,-0.70714275,-0.5884235,-0.41809652,6.4526194,-3.2518731
0.28371075,-0.13652331,1.0832826,-0.69828525,-0.57017437,-0.42273827,6.5310727,-3.1341127
0.2858576,-0.13844969,1.0951669,-0.68924266,-0.55171036,-0.4272409,6.6075053,-3.014753
0.28804606,-0.14035037,1.1069952,-0.68001288,-0.53303772,-0.43160268,6.6818814,-2.8938306
0.2902761,-0.14222441,1.1187652,-0.67059387,-0.51416281,-0.43582194,6.7541654,-2.7713832
0.29254762,-0.14407088,1.1304744,-0.66098355,-0.49509204,-0.43989704,6.8243226,-2.6474487
0.29486055,-0.14588884,1.1421203,-0.65117986,-0.47583192,-0.44382642,6.8923186,-2.522066
0.29721476,-0.14767732,1.1537003,-0.64118076,-0.45638904,-0.44760855,6.9581201,-2.3952747
0.29961012,-0.14943534,1.1652114,-0.63098423,-0.43677002,-0.45124195,7.0216942,-2.267115
0.30204645,-0.15116192,1.1766507,-0.62058826,-0.4169816,-0.4547252,7.0830088,-2.1376277
0.30452358,-0.15285605,1.1880151,-0.60999088,-0.39703057,-0.45805694,7.1420324,-2.0068544
0.30704128,-0.15451671,1.1993015,-0.59919014,-0.37692377,-0.46123585,7.1987344,-1.8748373
0.30959933,-0.15614289,1.2105064,-0.58818415,-0.35666811,-0.46426067,7.2530847,-1.7416192
0.31219744,-0.15773355,1.2216264,-0.57697104,-0.33627058,-0.46713019,7.3050542,-1.6072434
0.31483534,-0.15928765,1.2326579,-0.565549,-0.3157382,-0.46984325,7.3546144,-1.471754
0.31751269,-0.16080413,1.2435971,-0.55391629,-0.29507806,-0.47239878,7.4017377,-1.3351955
0.32022914,-0.16228193,1.25444,-0.54207121,-0.27429729,-0.47479571,7.4463972,-1.1976132
0.32298431,-0.16371999,1.2651828,-0.53001212,-0.2534031,-0.47703306,7.4885668,-1.0590527
0.32577779,-0.16511723,1.2758213,-0.51773747,-0.23240271,-0.47910992,7.5282212,-0.91956033
0.32860912,-0.16647256,1.2863511,-0.50524578,-0.21130341,-0.4810254,7.5653362,-0.77918281
0.33147784,-0.16778491,1.2967678,-0.49253564,-0.19011252,-0.4827787,7.599888,-0.63796745
0.33438343,-0.16905318,1.307067,-0.47960574,-0.1688374,-0.48436905,7.631854,-0.49596203
0.33732535,-0.17027629,1.317244,-0.46645487,-0.14748545,-0.48579576,7.6612124,-0.35321483
0.34030302,-0.17145315,1.3272939,-0.4530819,-0.1260641,-0.48705819,7.6879422,-0.20977457
0.34331584,-0.17258265,1.3372119,-0.4394858,-0.10458082,-0.48815576,7.7120233,-0.065690409
0.34636314,-0.17366371,1.3469929,-0.42566568,-0.083043098,-0.48908795,7.7334365,0.078988043
0.34944425,-0.17469523,1.3566318,-0.41162073,-0.061458454,-0.48985429,7.7521637,0.22421078
0.35255845,-0.17567613,1.3661233,-0.39735028,-0.039834429,-0.49045437,7.7681874,0.36992739
0.35570499,-0.17660533,1.375462,-0.38285377,-0.018178584,-0.49088787,7.7814914,0.51608711
0.35888307,-0.17748175,1.3846424,-0.3681308,0.0035015017,-0.49115448,7.79206,0.66263877
0.36209186,-0.1783043,1.393659,-0.35318106,0.025198235,-0.49125399,7.7998789,0.8095309
0.3653305,-0.17907195,1.402506,-0.33800442,0.046904011,-0.49118624,7.8049345,0.95671168
0.36859808,-0.17978361,1.4111776,-0.32260088,0.068611215,-0.49095111,7.8072142,1.104129
0.37189366,-0.18043826,1.4196679,-0.3069706,0.090312226,-0.49054857,7.8067065,1.2517305
0.37521625,-0.18103486,1.4279709,-0.29111387,0.11199942,-0.48997863,7.8034007,1.3994634
0.37856485,-0.1815724,1.4360805,-0.27503118,0.13366517,-0.48924136,7.7972872,1.5472749
0.38193839,-0.18204986,1.4439906,-0.25872315,0.15530186,-0.48833691,7.7883575,1.6951117
0.38533577,-0.18246627,1.4516949,-0.24219059,0.17690187,-0.48726548,7.7766039,1.8429206
0.38875587,-0.18282064,1.459187,-0.22543448,0.19845759,-0.48602731,7.7620199,1.9906479
0.3921975,-0.18311204,1.4664607,-0.20845598,0.21996142,-0.48462273,7.7445999,2.1382399
0.39565947,-0.18333953,1.4735093,-0.19125643,0.24140577,-0.48305211,7.7243393,2.2856428
0.39914053,-0.18350221,1.4803263,-0.17383736,0.26278308,-0.4813159,7.7012348,2.4328025
0.40263939,-0.18359919,1.4869053,-0.15620049,0.2840858,-0.47941459,7.6752838,2.5796647
0.40615472,-0.1836296,1.4932395,-0.13834774,0.30530639,-0.47734874,7.6464849,2.7261755
0.40968518,-0.18359263,1.4993222,-0.12028123,0.32643736,-0.47511896,7.6148378,2.8722803
0.41322937,-0.18348746,1.5051468,-0.10200327,0.34747122,-0.47272594,7.5803432,3.0179248
0.41678585,-0.18331333,1.5107065,-0.083516397,0.36840054,-0.47017041,7.5430027,3.1630546
0.42035316,-0.18306948,1.5159945,-0.064823337,0.38921789,-0.46745316,7.5028192,3.3076153
0.42392981,-0.1827552,1.521004,-0.045927042,0.40991591,-0.46457505,7.4597966,3.4515524
0.42751426,-0.18236983,1.5257282,-0.026830675,0.43048724,-0.46153699,7.4139398,3.5948117
0.43110495,-0.18191272,1.5301603,-0.0075376163,0.45092461,-0.45833996,7.3652548,3.7373386
0.43470027,-0.18138326,1.5342935,0.011948531,0.47122074,-0.45498497,7.3137487,3.879079
0.43829861,-0.18078089,1.5381209,0.031623943,0.49136844,-0.45147311,7.2594296,4.0199785
0.44189829,-0.18010508,1.5416358,0.051484569,0.51136055,-0.44780554,7.2023066,4.1599833
0.44549764,-0.17935536,1.5448313,0.071526133,0.53118996,-0.44398344,7.1423902,4.2990391
0.44909493,-0.17853127,1.5477008,0.09174413,0.55084962,-0.44000808,7.0796915,4.4370923
0.45268843,-0.17763243,1.5502375,0.11213383,0.57033254,-0.43588076,7.0142231,4.5740892
0.45627636,-0.17665847,1.5524347,0.13269025,0.58963178,-0.43160286,6.9459984,4.7099763
0.45985694,-0.17560909,1.5542859,0.15340822,0.60874048,-0.42717579,6.875032,4.8447004
0.46342834,-0.17448404,1.5557844,0.1742823,0.62765182,-0.42260103,6.8013395,4.9782084
0.46698873,-0.17328311,1.5569238,0.19530682,0.64635907,-0.41788011,6.7249376,5.1104476
0.47053626,-0.17200613,1.5576977,0.21647589,0.66485556,-0.41301462,6.6458441,5.2413655
0.47406905,-0.170653,1.5580997,0.23778338,0.68313469,-0.40800619,6.5640776,5.3709098
0.4775852,-0.16922366,1.5581235,0.25922294,0.70118995,-0.40285652,6.4796582,5.4990287
0.4810828,-0.16771811,1.5577631,0.28078798,0.71901489,-0.39756734,6.3926068,5.6256706
0.48455994,-0.16613641,1.5570124,0.30247166,0.73660314,-0.39214044,6.3029452,5.7507843
0.48801469,-0.16447866,1.5558655,0.32426695,0.75394843,-0.38657767,6.2106966,5.8743189
0.49144508,-0.16274501,1.5543165,0.34616656,0.77104456,-0.38088091,6.1158849,5.996224
0.49484919,-0.16093571,1.5523598,0.36816298,0.78788543,-0.37505212,6.0185353,6.1164495
0.49822504,-0.159051,1.5499899,0.39024849,0.804465,-0.36909328,5.9186738,6.234946
0.50157067,-0.15709125,1.5472013,0.41241513,0.82077736,-0.36300642,5.8163277,6.3516642
0.50488411,-0.15505682,1.5439889,0.43465475,0.83681666,-0.35679363,5.711525,6.4665554
0.50816341,-0.15294819,1.5403476,0.45695894,0.85257718,-0.35045704,5.6042949,6.5795716
0.51140658,-0.15076586,1.5362724,0.47931911,0.86805326,-0.34399883,5.4946677,6.6906649
0.51461168,-0.14851039,1.5317587,0.50172645,0.88323938,-0.33742122,5.3826743,6.7997884
0.51777673,-0.14618243,1.5268019,0.52417194,0.89813008,-0.33072646,5.2683471,6.9068954
0.5208998,-0.14378266,1.5213978,0.54664638,0.91272005,-0.32391688,5.151719,7.01194
0.52397894,-0.14131184,1.5155421,0.56914035,0.92700405,-0.3169948,5.0328243,7.1148766
0.52701222,-0.13877078,1.5092309,0.59164423,0.94097696,-0.30996264,4.9116979,7.2156606
0.52999773,-0.13616034,1.5024606,0.61414824,0.95463378,-0.30282281,4.7883758,7.3142478
0.53293356,-0.13348146,1.4952277,0.6366424,0.9679696,-0.2955778,4.662895,7.4105945
0.53581784,-0.13073514,1.4875289,0.65911656,0.98097965,-0.2882301,4.5352933,7.5046581
0.53864871,-0.12792243,1.4793611,0.6815604,0.99365927,-0.28078226,4.4056096,7.5963963
0.54142432,-0.12504443,1.4707218,0.70396341,1.0060039,-0.27323687,4.2738834,7.6857676
0.54414286,-0.12210231,1.4616082,0.72631496,1.0180091,-0.26559656,4.1401555,7.7727313
0.54680254,-0.11909731,1.4520183,0.74860425,1.0296706,-0.25786396,4.0044671,7.8572474
0.5494016,-0.11603071,1.44195,0.77082032,1.0409841,-0.25004178,3.8668608,7.9392766
0.55193832,-0.11290385,1.4314016,0.7929521,1.0519457,-0.24213272,3.7273797,8.0187805
0.554411,-0.10971813,1.4203716,0.81498836,1.0625514,-0.23413956,3.5860677,8.0957214
0.55681796,-0.10647499,1.4088591,0.83691778,1.0727974,-0.22606506,3.4429698,8.1700623
0.5591576,-0.10317596,1.396863,0.85872888,1.0826799,-0.21791205,3.2981317,8.2417673
0.56142832,-0.099822581,1.3843828,0.88041013,1.0921956,-0.20968337,3.1515998,8.3108011
0.56362859,-0.096416473,1.3714184,0.90194984,1.1013408,-0.20138189,3.0034214,8.3771294
0.56575688,-0.092959297,1.3579696,0.92333627,1.1101124,-0.19301051,2.8536445,8.4407186
0.56781176,-0.089452764,1.344037,0.94455759,1.1185072,-0.18457214,2.702318,8.5015361
0.5697918,-0.085898634,1.3296212,0.9656019,1.1265221,-0.17606975,2.5494914,8.5595504
0.57169565,-0.082298712,1.3147231,0.98645721,1.1341544,-0.1675063,2.3952149,8.6147305
0.57352198,-0.07865485,1.2993442,1.0071115,1.1414012,-0.15888478,2.2395395,8.6670466
0.57526955,-0.074968943,1.283486,1.0275527,1.1482599,-0.15020822,2.082517,8.7164698
0.57693713,-0.071242924,1.2671506,1.0477688,1.1547282,-0.14147965,1.9241995,8.7629723
0.57852357,-0.067478772,1.2503402,1.0677475,1.1608035,-0.13270212,1.7646402,8.8065269
0.58002778,-0.063678499,1.2330575,1.0874767,1.1664839,-0.1238787,1.6038926,8.8471077
0.58144872,-0.059844155,1.2153055,1.1069443,1.1717671,-0.1150125,1.4420111,8.8846898
0.5827854,-0.055977826,1.1970876,1.1261382,1.1766514,-0.10610661,1.2790505,8.9192492
0.5840369,-0.052081628,1.1784074,1.1450462,1.181135,-0.097164151,1.1150663,8.9507629
0.58520237,-0.048157709,1.1592689,1.1636562,1.1852162,-0.088188263,0.95011436,8.979209
0.586281,-0.044208243,1.1396765,1.1819561,1.1888936,-0.07918209,0.7842514,9.0045666
0.58727207,-0.040235433,1.1196349,1.199934,1.1921658,-0.070148791,0.61753447,9.026816
0.58817489,-0.036241505,1.0991491,1.2175778,1.1950317,-0.061091533,0.45002118,9.0459385
0.58898888,-0.032228705,1.0782246,1.2348756,1.1974903,-0.052013492,0.28176962,9.0619163
0.58971349,-0.028199301,1.0568672,1.2518157,1.1995407,-0.042917853,0.11283835,9.074733
0.59034825,-0.024155577,1.0350828,1.2683863,1.201182,-0.033807808,-0.056713616,9.0843731
0.59089276,-0.020099832,1.0128779,1.2845758,1.2024139,-0.024686551,-0.22682684,9.0908222
0.59134668,-0.016034378,0.99025934,1.3003727,1.2032357,-0.015557283,-0.39744147,9.0940672
0.59170976,-0.011961538,0.96723419,1.3157656,1.2036472,-0.006423207,-0.56849728,9.0940958
0.59198178,-0.007883641,0.94380993,1.3307432,1.2036483,0.0027124715,-0.73993367,9.0908973
0.59216262,-0.0038030231,0.91999433,1.3452945,1.2032389,0.011846547,-0.9116897,9.0844618
0.59225223,0.000277977,0.89579552,1.3594084,1.2024192,0.020975815,-1.0837041,9.0747806
0.59225061,0.0043570195,0.87122194,1.3730742,1.2011895,0.030097072,-1.2559153,9.0618462
0.59215784,0.0084317663,0.84628238,1.3862812,1.1995503,0.039207118,-1.4282615,9.0456523
0.59197408,0.012499883,0.82098594,1.3990191,1.1975021,0.048302757,-1.6006806,9.0261937
0.59169954,0.016559043,0.79534202,1.4112777,1.1950456,0.057380797,-1.7731102,9.0034666
0.5913345,0.020606926,0.76936035,1.4230468,1.1921818,0.066438055,-1.9454878,8.977468
0.59087933,0.024641225,0.74305097,1.4343167,1.1889117,0.075471354,-2.1177507,8.9481963
0.59033444,0.028659644,0.71642421,1.4450778,1.1852365,0.084477527,-2.289836,8.9156513
0.58970033,0.032659906,0.68949069,1.4553208,1.1811574,0.093453415,-2.4616807,8.8798335
0.58897755,0.036639749,0.66226134,1.4650365,1.176676,0.10239587,-2.6332215,8.8407451
0.58816672,0.040596932,0.63474735,1.4742162,1.1717939,0.11130176,-2.8043953,8.7983893
0.58726854,0.044529238,0.60696019,1.4828514,1.1665128,0.12016797,-2.9751386,8.7527703
0.58628376,0.048434473,0.57891162,1.4909336,1.1608346,0.12899138,-3.1453883,8.7038938
0.58521318,0.052310469,0.55061364,1.4984548,1.1547613,0.13776891,-3.3150808,8.6517667
0.58405769,0.05615509,0.52207849,1.5054075,1.1482952,0.14649749,-3.4841527,8.596397
0.58281822,0.059966229,0.49331868,1.5117841,1.1414386,0.15517405,-3.6525407,8.5377939
0.58149578,0.06374181,0.46434695,1.5175776,1.134194,0.16379556,-3.8201814,8.4759678
0.58009141,0.067479795,0.43517627,1.5227811,1.1265639,0.17235902,-3.9870117,8.4109305
0.57860623,0.071178182,0.4058198,1.5273883,1.118551,0.18086141,-4.1529682,8.3426948
0.57704141,0.074835006,0.37629095,1.5313929,1.1101584,0.18929977,-4.3179879,8.2712747
0.57539817,0.078448344,0.34660329,1.5347892,1.1013889,0.19767116,-4.482008,8.1966858
0.57367779,0.082016315,0.31677062,1.5375717,1.0922458,0.20597264,-4.6449657,8.1189443
0.57188159,0.08553708,0.28680689,1.5397354,1.0827324,0.21420132,-4.8067985,8.0380681
0.57001094,0.089008847,0.25672622,1.5412754,1.0728519,0.22235433,-4.9674439,7.9540761
0.56806727,0.092429869,0.2265429,1.5421875,1.0626081,0.23042882,-5.1268398,7.8669884
0.56605205,0.09579845,0.19627138,1.5424676,1.0520046,0.23842199,-5.2849245,7.7768264
0.56396678,0.099112939,0.1659262,1.5421121,1.0410451,0.24633104,-5.4416364,7.6836125
0.56181301,0.10237174,0.13552209,1.5411176,1.0297337,0.25415322,-5.5969142,7.5873705
0.55959235,0.10557331,0.10507384,1.5394815,1.0180743,0.26188582,-5.750697,7.4881252
0.55730642,0.10871615,0.074596371,1.5372011,1.0060713,0.26952614,-5.9029242,7.3859028
0.55495689,0.11179882,0.044104697,1.5342743,0.99372879,0.27707153,-6.0535356,7.2807304
0.55254545,0.11481994,0.013613904,1.5306995,0.98105132,0.28451936,-6.2024715,7.1726366
0.55007385,0.11777819,-0.01686085,1.5264753,0.9680434,0.29186706,-6.3496724,7.0616507
0.54754384,0.12067228,-0.047304347,1.5216008,0.95470972,0.29911208,-6.4950796,6.9478037
0.54495722,0.12350101,-0.077701326,1.5160756,0.94105504,0.3062519,-6.6386345,6.8311272
0.54231579,0.12626322,-0.10803649,1.5098994,0.92708427,0.31328407,-6.7802793,6.7116545
0.5396214,0.1289578,-0.13829452,1.5030725,0.91280241,0.32020614,-6.9199565,6.5894194
0.53687591,0.13158373,-0.16846009,1.4955957,0.89821458,0.32701573,-7.0576092,6.4644574
0.53408119,0.13414002,-0.19851788,1.4874701,0.88332602,0.33371048,-7.1931812,6.3368047
0.53123915,0.13662575,-0.22845256,1.4786971,0.86814204,0.3402881,-7.3266168,6.2064988
0.5283517,0.13904006,-0.25824885,1.4692785,0.85266809,0.34674631,-7.4578607,6.0735783
0.52542076,0.14138214,-0.2878915,1.4592168,0.83690972,0.3530829,-7.5868587,5.9380827
0.52244826,0.14365126,-0.31736531,1.4485146,0.82087255,0.35929568,-7.7135568,5.8000528
0.51943616,0.14584674,-0.34665513,1.437175,0.80456233,0.36538254,-7.8379019,5.6595302
0.5163864,0.14796794,-0.37574589,1.4252014,0.7879849,0.37134139,-7.9598416,5.5165578
0.51330093,0.1500143,-0.40462261,1.4125978,0.77114618,0.37717018,-8.0793243,5.3711793
0.51018173,0.15198533,-0.4332704,1.3993684,0.75405219,0.38286693,-8.1962988,5.2234396
0.50703074,0.15388058,-0.46167446,1.3855178,0.73670903,0.3884297,-8.3107151,5.0733844
0.50384992,0.15569965,-0.48982013,1.3710512,0.71912292,0.3938566,-8.4225237,4.9210607
0.50064123,0.15744222,-0.51769287,1.3559739,0.70130012,0.39914578,-8.5316761,4.7665161
0.49740662,0.15910801,-0.54527828,1.3402917,0.683247,0.40429546,-8.6381244,4.6097995
0.49414803,0.16069681,-0.5725621,1.3240108,0.66497001,0.40930389,-8.7418217,4.4509605
0.4908674,0.16220845,-0.59953025,1.3071377,0.64647566,0.41416938,-8.8427219,4.2900497
0.48756664,0.16364284,-0.62616879,1.2896794,0.62777055,0.41889029,-8.9407799,4.1271186
0.48424766,0.16499991,-0.652464,1.271643,0.60886134,0.42346505,-9.0359515,3.9622197
0.48091237,0.16627968,-0.67840232,1.2530361,0.58975479,0.42789212,-9.1281932,3.7954063
0.47756265,0.16748218,-0.70397039,1.2338667,0.57045769,0.43217003,-9.2174627,3.6267326
0.47420036,0.16860753,-0.72915508,1.2141432,0.55097691,0.43629734,-9.3037185,3.4562534
0.47082733,0.16965588,-0.75394346,1.193874,0.53131938,0.44027271,-9.3869202,3.2840248
0.46744541,0.17062743,-0.77832284,1.1730681,0.51149211,0.4440948,-9.4670284,3.1101033
0.46405639,0.17152244,-0.80228075,1.1517348,0.49150214,0.44776238,-9.5440046,2.9345464
0.46066206,0.17234121,-0.82580498,1.1298836,0.47135658,0.45127423,-9.6178115,2.7574122
0.45726416,0.17308407,-0.84888357,1.1075244,0.45106259,0.45462922,-9.6884127,2.5787597
0.45386443,0.17375141,-0.87150481,1.0846673,0.43062736,0.45782626,-9.7557728,2.3986487
0.45046458,0.17434367,-0.89365727,1.0613229,0.41005816,0.46086432,-9.8198578,2.2171395
0.44706627,0.17486132,-0.91532978,1.0375017,0.38936229,0.46374242,-9.8806346,2.0342931
0.44367117,0.17530487,-0.93651147,1.0132148,0.36854707,0.46645967,-9.9380711,1.8501715
0.44028088,0.17567486,-0.95719175,0.98847337,0.3476199,0.4690152,-9.9921366,1.664837
0.43689699,0.1759719,-0.97736032,0.96328901,0.32658817,0.47140823,-10.042801,1.4783526
0.43352106,0.1761966,-0.99700719,0.93767339,0.30545934,0.473638,-10.090037,1.290782
0.43015461,0.17634962,-1.0161227,0.91163851,0.28424089,0.47570385,-10.133816,1.1021894
0.42679913,0.17643165,-1.0346974,0.88519655,0.26294032,0.47760516,-10.174112,0.91263962
0.42345608,0.17644342,-1.0527223,0.85835993,0.24156515,0.47934138,-10.2109,0.72219805
0.42012687,0.17638568,-1.0701886,0.83114125,0.22012293,0.48091199,-10.244157,0.53093052
0.41681291,0.17625922,-1.087088,0.80355334,0.19862124,0.48231657,-10.27386,0.33890339
0.41351552,0.17606483,-1.1034123,0.77560919,0.17706766,0.48355474,-10.299988,0.14618349
0.41023604,0.17580336,-1.1191539,0.74732197,0.15546979,0.48462618,-10.32252,-0.047161893
0.40697574,0.17547567,-1.1343052,0.71870503,0.13383524,0.48553063,-10.341438,-0.24106505
0.40373586,0.17508264,-1.1488593,0.68977186,0.11217163,0.48626789,-10.356725,-0.43545788
0.40051761,0.17462516,-1.1628094,0.66053611,0.090486573,0.48683783,-10.368364,-0.63027188
0.39732215,0.17410417,-1.1761492,0.63101156,0.068787701,0.48724037,-10.37634,-0.82543822
0.39415063,0.17352061,-1.1888726,0.60121213,0.047082636,0.4874755,-10.38064,-1.0208877
0.39100413,0.17287542,-1.2009739,0.57115185,0.025378999,0.48754326,-10.381251,-1.2165509
0.3878837,0.17216959,-1.2124479,0.54084484,0.0036844052,0.48744375,-10.378163,-1.412358
0.38479038,0.1714041,-1.2232896,0.51030535,-0.017993541,0.48717713,-10.371365,-1.6082391
0.38172514,0.17057996,-1.2334943,0.4795477,-0.039647247,0.48674364,-10.36085,-1.8041238
0.37868893,0.16969817,-1.2430579,0.44858628,-0.061269133,0.48614355,-10.34661,-1.9999418
0.37568266,0.16875975,-1.2519764,0.41743559,-0.082851637,0.48537721,-10.32864,-2.1956223
0.3727072,0.16776574,-1.2602462,0.38611013,-0.10438722,0.48444503,-10.306936,-2.3910947
0.36976339,0.16671716,-1.2678643,0.3546245,-0.12586836,0.48334746,-10.281494,-2.5862881
0.36685202,0.16561508,-1.2748277,0.32299331,-0.14728757,0.48208503,-10.252313,-2.7811314
0.36397387,0.16446052,-1.2811341,0.29123121,-0.16863738,0.48065832,-10.219393,-2.9755535
0.36112966,0.16325455,-1.2867813,0.25935288,-0.18991036,0.47906796,-10.182735,-3.1694833
0.35832008,0.16199821,-1.2917675,0.22737299,-0.21109912,0.47731467,-10.142342,-3.3628497
0.35554581,0.16069257,-1.2960913,0.19530625,-0.23219628,0.47539918,-10.098217,-3.5555816
0.35280745,0.15933868,-1.2997518,0.16316732,-0.25319453,0.47332233,-10.050366,-3.7476077
0.35010562,0.15793759,-1.3027481,0.13097087,-0.27408658,0.47108497,-9.9987955,-3.938857
0.34744086,0.15649035,-1.3050799,0.098731549,-0.2948652,0.46868804,-9.9435135,-4.1292586
0.34481371,0.15499802,-1.3067473,0.066463957,-0.3155232,0.46613252,-9.8845296,-4.3187416
0.34222467,0.15346164,-1.3077506,0.034182663,-0.33605345,0.46341945,-9.8218546,-4.5072352
0.33967419,0.15188226,-1.3080903,0.0019021853,-0.35644884,0.46054993,-9.7555007,-4.6946688
0.33716273,0.1502609,-1.3077676,-0.030363019,-0.37670236,0.45752511,-9.6854815,-4.8809722
0.33469068,0.1485986,-1.3067838,-0.062598556,-0.39680702,0.45434621,-9.611812,-5.066075
0.33225843,0.14689638,-1.3051406,-0.094790109,-0.41675592,0.45101447,-9.5345087,-5.2499073
0.32986632,0.14515525,-1.3028399,-0.12692344,-0.4365422,0.44753121,-9.4535893,-5.4323996
0.32751468,0.14337621,-1.2998841,-0.15898441,-0.45615907,0.44389781,-9.3690729,-5.6134824
0.3252038,0.14156027,-1.2962758,-0.19095896,-0.47559982,0.44011568,-9.28098,-5.7930867
0.32293397,0.13970841,-1.292018,-0.22283316,-0.49485779,0.43618631,-9.1893325,-5.9711438
0.32070542,0.1378216,-1.2871139,-0.25459317,-0.51392642,0.4321112,-9.0941537,-6.1475853
0.31851838,0.1359008,-1.2815672,-0.28622528,-0.5327992,0.42789195,-8.995468,-6.3223434
0.31637304,0.13394696,-1.2753817,-0.31771591,-0.55146969,0.42353017,-8.8933016,-6.4953504
0.31426959,0.13196103,-1.2685616,-0.3490516,-0.56993157,0.41902754,-8.7876817,-6.6665395
0.31220819,0.12994393,-1.2611114,-0.38021905,-0.58817856,0.41438579,-8.6786368,-6.8358439
0.31018896,0.12789657,-1.2530357,-0.41120508,-0.60620447,0.40960668,-8.5661971,-7.0031977
0.30821203,0.12581984,-1.2443398,-0.44199667,-0.62400323,0.40469205,-8.4503938,-7.1685353
0.30627749,0.12371464,-1.2350287,-0.47258099,-0.64156882,0.39964376,-8.3312596,-7.3317917
0.30438541,0.12158183,-1.2251083,-0.50294532,-0.65889532,0.39446372,-8.2088283,-7.4929025
0.30253588,0.11942227,-1.2145843,-0.53307714,-0.67597691,0.38915389,-8.0831351,-7.651804
0.30072891,0.1172368,-1.2034628,-0.56296411,-0.69280787,0.38371628,-7.9542167,-7.8084329
0.29896456,0.11502624,-1.1917502,-0.59259406,-0.70938255,0.37815294,-7.8221108,-7.9627268
0.29724283,0.1127914,-1.1794531,-0.62195501,-0.72569542,0.37246595,-7.6868566,-8.1146238
0.29556372,0.11053308,-1.1665784,-0.65103515,-0.74174106,0.36665744,-7.5484942,-8.2640629
0.29392723,0.10825205,-1.1531331,-0.6798229,-0.75751412,0.3607296,-7.4070653,-8.4109836
0.29233332,0.10594909,-1.1391248,-0.70830685,-0.77300938,0.35468464,-7.2626128,-8.5553263
0.29078197,0.10362493,-1.1245607,-0.7364758,-0.78822172,0.34852482,-7.1151807,-8.6970322
0.28927313,0.10128031,-1.1094489,-0.76431877,-0.80314612,0.34225242,-6.9648141,-8.8360432
0.28780673,0.098915939,-1.0937972,-0.79182499,-0.81777767,0.33586977,-6.8115596,-8.972302
0.28638273,0.096532525,-1.0776138,-0.81898388,-0.83211159,0.32937926,-6.6554648,-9.1057524
0.28500104,0.094130749,-1.0609072,-0.84578511,-0.84614319,0.32278328,-6.4965785,-9.2363388
0.28366158,0.09171128,-1.043686,-0.87221855,-0.8598679,0.31608427,-6.3349506,-9.3640067
0.28236427,0.089274772,-1.0259589,-0.89827432,-0.87328128,0.3092847,-6.1706323,-9.4887022
0.281109,0.086821863,-1.0077349,-0.92394275,-0.88637899,0.30238709,-6.0036756,-9.6103728
0.2798957,0.084353176,-0.98902311,-0.9492144,-0.89915681,0.29539397,-5.834134,-9.7289666
0.27872424,0.08186932,-0.96983292,-0.97408007,-0.91161065,0.28830792,-5.6620619,-9.8444327
0.27759452,0.079370888,-0.95017378,-0.99853081,-0.92373654,0.28113153,-5.4875146,-9.9567215
0.27650643,0.07685846,-0.93005532,-1.0225579,-0.93553063,0.27386744,-5.3105487,-10.065784
0.27545986,0.074332599,-0.90948733,-1.0461528,-0.94698919,0.26651831,-5.1312218,-10.171573
0.27445469,0.071793858,-0.88847972,-1.0693073,-0.95810861,0.25908682,-4.9495924,-10.274041
0.2734908,0.069242773,-0.86704258,-1.0920135,-0.96888544,0.25157568,-4.7657201,-10.373143
0.27256808,0.066679869,-0.84518611,-1.1142635,-0.97931631,0.24398764,-4.5796654,-10.468835
0.2716864,0.064105657,-0.82292061,-1.1360499,-0.98939802,0.23632545,-4.3914899,-10.561073
0.27084564,0.061520634,-0.80025655,-1.1573654,-0.99912747,0.22859191,-4.2012559,-10.649814
0.2700457,0.058925289,-0.77720448,-1.178203,-1.0085017,0.22078981,-4.0090269,-10.735019
0.26928644,0.056320094,-0.75377506,-1.1985559,-1.0175179,0.21292199,-3.814867,-10.816647
0.26856776,0.053705512,-0.72997905,-1.2184178,-1.0261734,0.2049913,-3.6188414,-10.894659
0.26788954,0.051081996,-0.70582731,-1.2377822,-1.0344656,0.1970006,-3.4210159,-10.969018
0.26725167,0.048449987,-0.68133079,-1.2566433,-1.0423921,0.18895278,-3.2214576,-11.039688
0.26665404,0.045809915,-0.65650051,-1.2749953,-1.0499506,0.18085075,-3.0202338,-11.106634
0.26609655,0.043162202,-0.63134758,-1.2928327,-1.0571389,0.17269741,-2.8174131,-11.169822
0.2655791,0.04050726,-0.60588316,-1.3101502,-1.0639551,0.16449571,-2.6130645,-11.22922
0.2651016,0.037845491,-0.5801185,-1.326943,-1.0703972,0.15624858,-2.4072579,-11.284797
0.26466394,0.035177291,-0.55406487,-1.3432063,-1.0764635,0.14795899,-2.2000639,-11.336522
0.26426604,0.032503047,-0.52773364,-1.3589355,-1.0821524,0.1396299,-1.9915538,-11.384368
0.26390782,0.029823138,-0.50113619,-1.3741266,-1.0874624,0.1312643,-1.7817995,-11.428308
0.26358921,0.027137937,-0.47428395,-1.3887755,-1.0923923,0.12286518,-1.5708736,-11.468315
0.26331013,0.02444781,-0.44718839,-1.4028786,-1.0969407,0.11443552,-1.3588493,-11.504365
0.26307051,0.021753117,-0.419861,-1.4164323,-1.1011067,0.10597834,-1.1458003,-11.536435
0.2628703,0.019054215,-0.3923133,-1.4294334,-1.1048894,0.097496636,-0.93180094,-11.564504
0.26270944,0.016351453,-0.36455682,-1.4418791,-1.1082879,0.088993432,-0.71692616,-11.588551
0.26258789,0.013645178,-0.33660312,-1.4537666,-1.1113017,0.08047174,-0.50125129,-11.608558
0.26250561,0.010935732,-0.30846374,-1.4650933,-1.1139302,0.071934579,-0.28485218,-11.624507
0.26246255,0.0082234545,-0.28015025,-1.4758572,-1.1161731,0.063384971,-0.067805132,-11.636382
0.2624587,0.0055086821,-0.2516742,-1.4860562,-1.1180302,0.054825936,0.14981311,-11.644169
0.26249404,0.0027917495,-0.22304712,-1.4956885,-1.1195014,0.046260492,0.36792542,-11.647854
0.26256854,7.2989685e-05,-0.19428057,-1.5047528,-1.1205867,0.037691658,0.5864543,-11.647427
0.26268221,-0.0026472654,-0.16538603,-1.5132477,-1.1212864,0.029122447,0.80532188,-11.642876
0.26283505,-0.0053686841,-0.13637502,-1.5211722,-1.1216009,0.020555869,1.02445,-11.634193
0.26302705,-0.008090935,-0.10725898,-1.5285255,-1.1215305,0.011994927,1.2437603,-11.621372
0.26325824,-0.010813686,-0.078049355,-1.535307,-1.1210759,0.0034426198,1.4631739,-11.604406
0.26352864,-0.013536603,-0.048757525,-1.5415165,-1.1202379,-0.0050980632,1.6826119,-11.583291
0.26383827,-0.016259352,-0.019394843,-1.5471539,-1.1190173,-0.013624141,1.9019953,-11.558024
0.26418717,-0.018981595,0.010027388,-1.5522192,-1.1174153,-0.022132643,2.1212447,-11.528605
0.26457538,-0.021702993,0.039497915,-1.5567128,-1.1154328,-0.030620608,2.3402806,-11.495033
0.26500295,-0.024423202,0.069005539,-1.5606353,-1.1130714,-0.039085088,2.5590234,-11.45731
0.26546993,-0.027141875,0.098539123,-1.5639874,-1.1103323,-0.047523148,2.7773935,-11.415441
0.26597637,-0.029858661,0.12808759,-1.5667703,-1.1072171,-0.055931867,2.9953112,-11.369428
0.26652235,-0.032573204,0.15763993,-1.5689851,-1.1037276,-0.06430834,3.2126967,-11.31928
0.26710794,-0.035285143,0.18718521,-1.5706331,-1.0998656,-0.072649676,3.4294703,-11.265004
0.26773321,-0.03799411,0.21671255,-1.5717162,-1.095633,-0.080953005,3.6455523,-11.206609
0.26839824,-0.040699732,0.24621119,-1.572236,-1.0910319,-0.089215471,3.860863,-11.144106
0.26910313,-0.043401629,0.2756704,-1.5721946,-1.0860647,-0.09743424,4.0753228,-11.077508
0.26984795,-0.046099414,0.30507959,-1.5715943,-1.0807335,-0.1056065,4.2888524,-11.006829
0.27063282,-0.048792691,0.3344282,-1.5704375,-1.0750409,-0.11372945,4.5013724,-10.932083
0.27145782,-0.051481058,0.36370581,-1.5687269,-1.0689895,-0.12180033,4.7128038,-10.853289
0.27232305,-0.054164103,0.39290208,-1.5664651,-1.0625821,-0.12981639,4.9230676,-10.770465
0.27322864,-0.056841405,0.42200675,-1.5636553,-1.0558215,-0.13777491,5.1320852,-10.68363
0.27417467,-0.059512534,0.45100969,-1.5603006,-1.0487106,-0.14567318,5.3397781,-10.592806
0.27516128,-0.062177051,0.47990086,-1.5564044,-1.0412525,-0.15350855,5.5460684,-10.498017
0.27618856,-0.064834506,0.50867032,-1.5519702,-1.0334506,-0.16127835,5.7508782,-10.399287
0.27725663,-0.067484437,0.53730824,-1.5470017,-1.0253081,-0.16897999,5.9541302,-10.296641
0.27836561,-0.070126375,0.56580492,-1.5415028,-1.0168284,-0.17661087,6.1557473,-10.190108
0.27951561,-0.072759835,0.59415077,-1.5354775,-1.0080152,-0.18416843,6.3556529,-10.079716
0.28070676,-0.075384325,0.62233629,-1.5289301,-0.99887206,-0.19165015,6.5537709,-9.965496
0.28193916,-0.077999338,0.65035214,-1.521865,-0.98940287,-0.19905353,6.7500256,-9.8474797
0.28321294,-0.080604357,0.67818906,-1.5142865,-0.97961151,-0.20637612,6.9443419,-9.7257005
0.2845282,-0.083198849,0.70583796,-1.5061995,-0.96950198,-0.21361548,7.1366451,-9.6001933
0.28588505,-0.085782274,0.73328983,-1.4976087,-0.95907841,-0.22076923,7.326861,-9.4709943
0.28728361,-0.088354074,0.76053581,-1.4885192,-0.94834503,-0.22783499,7.5149164,-9.3381412
0.28872398,-0.09091368,0.78756718,-1.478936,-0.93730618,-0.23481046,7.7007382,-9.201673
0.29020627,-0.09346051,0.81437532,-1.4688643,-0.92596629,-0.24169334,7.8842543,-9.0616304
0.29173056,-0.095993968,0.84095178,-1.4583097,-0.91432989,-0.24848139,8.0653932,-8.9180552
0.29329694,-0.098513444,0.86728822,-1.4472775,-0.90240162,-0.25517239,8.2440839,-8.7709906
0.29490552,-0.10101832,0.89337644,-1.4357735,-0.89018622,-0.26176417,8.4202564,-8.6204814
0.29655636,-0.10350794,0.91920838,-1.4238035,-0.8776885,-0.2682546,8.5938414,-8.4665736
0.29824953,-0.10598168,0.94477612,-1.4113732,-0.86491339,-0.2746416,8.7647703,-8.3093144
0.29998511,-0.10843886,0.97007188,-1.3984888,-0.8518659,-0.2809231,8.9329754,-8.1487525
0.30176315,-0.1108788,0.99508802,-1.3851564,-0.83855112,-0.28709711,9.0983897,-7.984938
0.30358369,-0.11330081,1.019817,-1.3713822,-0.82497424,-0.29316166,9.2609472,-7.817922
0.30544677,-0.11570419,1.0442516,-1.3571726,-0.81114054,-0.29911482,9.4205829,-7.6477572
0.30735242,-0.11808821,1.0683844,-1.342534,-0.79705537,-0.30495471,9.5772324,-7.4744974
0.30930065,-0.12045213,1.0922085,-1.327473,-0.78272415,-0.31067951,9.7308325,-7.2981977
0.31129147,-0.12279522,1.115717,-1.3119963,-0.76815241,-0.31628742,9.881321,-7.1189142
0.31332487,-0.1251167,1.138903,-1.2961106,-0.75334573,-0.3217767,10.028636,-6.9367046
0.31540082,-0.1274158,1.1617599,-1.2798228,-0.73830977,-0.32714565,10.172719,-6.7516275
0.31751929,-0.12969174,1.1842813,-1.2631398,-0.72305027,-0.33239262,10.313508,-6.5637429
0.31968022,-0.13194371,1.2064608,-1.2460686,-0.70757303,-0.337516,10.450947,-6.3731116
0.32188354,-0.13417089,1.2282923,-1.2286163,-0.69188391,-0.34251425,10.584978,-6.179796
0.32412918,-0.13637247,1.2497697,-1.2107901,-0.67598887,-0.34738585,10.715546,-5.9838592
0.32641703,-0.13854759,1.2708871,-1.1925974,-0.65989389,-0.35212934,10.842595,-5.7853656
0.32874697,-0.14069542,1.2916388,-1.1740453,-0.64360504,-0.35674331,10.966072,-5.5843807
0.33111887,-0.14281508,1.3120193,-1.1551414,-0.62712843,-0.36122641,11.085924,-5.3809709
0.33353256,-0.14490571,1.332023,-1.1358931,-0.61047022,-0.36557731,11.2021,-5.1752038
0.33598787,-0.14696643,1.3516447,-1.1163079,-0.59363666,-0.36979477,11.314551,-4.9671478
0.3384846,-0.14899632,1.3708793,-1.0963934,-0.57663401,-0.37387757,11.423227,-4.7568725
0.34102254,-0.1509945,1.3897218,-1.0761573,-0.55946859,-0.37782455,11.52808,-4.5444484
0.34360143,-0.15296005,1.4081674,-1.0556074,-0.54214679,-0.3816346,11.629065,-4.3299468
0.34622103,-0.15489206,1.4262114,-1.0347513,-0.524675,-0.38530667,11.726137,-4.1134401
0.34888103,-0.15678958,1.4438492,-1.0135969,-0.50705969,-0.38883976,11.819252,-3.8950014
0.35158113,-0.15865168,1.4610765,-0.992152,-0.48930735,-0.39223291,11.908368,-3.6747047
0.354321,-0.16047743,1.477889,-0.9704246,-0.4714245,-0.39548522,11.993444,-3.4526251
0.35710026,-0.16226587,1.4942826,-0.94842261,-0.45341771,-0.39859585,12.07444,-3.2288381
0.35991854,-0.16401605,1.5102535,-0.92615402,-0.43529357,-0.401564,12.151319,-3.0034202
0.36277542,-0.16572701,1.5257978,-0.90362686,-0.41705871,-0.40438894,12.224044,-2.7764488
0.36567046,-0.16739779,1.5409119,-0.88084918,-0.39871978,-0.40706997,12.29258,-2.5480017
0.3686032,-0.16902742,1.5555923,-0.85782908,-0.38028343,-0.40960646,12.356892,-2.3181576
0.37157313,-0.17061493,1.5698356,-0.83457467,-0.36175637,-0.41199783,12.416949,-2.0869959
0.37457973,-0.17215937,1.5836387,-0.81109412,-0.34314531,-0.41424355,12.47272,-1.8545966
0.37762245,-0.17365976,1.5969984,-0.78739558,-0.32445698,-0.41634315,12.524175,-1.6210403
0.38070071,-0.17511513,1.609912,-0.76348726,-0.30569811,-0.41829622,12.571287,-1.3864083
0.3838139,-0.17652451,1.6223766,-0.73937736,-0.28687545,-0.42010237,12.61403,-1.1507821
0.38696136,-0.17788695,1.6343895,-0.71507412,-0.26799577,-0.42176131,12.652378,-0.91424432
0.39014244,-0.17920149,1.6459484,-0.69058579,-0.24906584,-0.42327277,12.686309,-0.6768776
0.39335642,-0.18046717,1.6570509,-0.66592062,-0.23009241,-0.42463655,12.715801,-0.43876527
0.39660257,-0.18168303,1.6676947,-0.64108689,-0.21108226,-0.42585249,12.740834,-0.19999107
0.39988014,-0.18284815,1.6778779,-0.61609288,-0.19204217,-0.42692051,12.761389,0.039360854
0.40318831,-0.18396158,1.6875985,-0.59094687,-0.17297888,-0.42784055,12.77745,0.27920596
0.40652626,-0.1850224,1.6968548,-0.56565715,-0.15389917,-0.42861263,12.789001,0.51945936
0.40989314,-0.18602969,1.705645,-0.54023202,-0.13480978,-0.42923681,12.796029,0.76003582
0.41328805,-0.18698255,1.7139678,-0.51467977,-0.11571744,-0.4297132,12.798521,1.0008498
0.41671007,-0.18788008,1.7218217,-0.4890087,-0.096628881,-0.43004198,12.796468,1.2418156
0.42015825,-0.18872141,1.7292055,-0.4632271,-0.077550806,-0.43022337,12.789861,1.4828472
0.42363159,-0.18950568,1.7361182,-0.43734325,-0.058489902,-0.43025764,12.778691,1.7238582
0.42712909,-0.19023204,1.7425587,-0.41136544,-0.039452837,-0.43014513,12.762955,1.9647625
0.43064969,-0.19089965,1.7485263,-0.38530193,-0.020446251,-0.4298862,12.742648,2.2054733
0.43419232,-0.1915077,1.7540202,-0.359161,-0.0014767613,-0.4294813,12.717768,2.4459042
0.43775585,-0.1920554,1.75904,-0.33295088,0.017449046,-0.4289309,12.688314,2.6859683
0.44133916,-0.19254198,1.7635851,-0.30667981,0.036324614,-0.42823554,12.654288,2.925579
0.44494107,-0.19296669,1.7676553,-0.28035603,0.055143419,-0.42739581,12.615692,3.1646494
0.44856039,-0.19332879,1.7712504,-0.25398773,0.073898975,-0.42641234,12.572532,3.4030928
0.45219587,-0.19362759,1.7743704,-0.2275831,0.092584832,-0.42528582,12.524813,3.6408226
0.45584626,-0.1938624,1.7770154,-0.20115031,0.11119458,-0.42401699,12.472542,3.877752
0.45951028,-0.19403258,1.7791855,-0.17469751,0.12972185,-0.42260664,12.415731,4.1137946
0.46318661,-0.19413751,1.7808811,-0.14823283,0.14816033,-0.42105559,12.354389,4.348864
0.4668739,-0.19417657,1.7821028,-0.12176436,0.16650374,-0.41936474,12.28853,4.5828741
0.47057079,-0.19414922,1.7828509,-0.095300185,0.18474585,-0.41753501,12.218168,4.8157388
0.47427588,-0.19405492,1.7831264,-0.068848351,0.20288049,-0.41556739,12.14332,5.0473725
0.47798776,-0.19389316,1.78293,-0.042416882,0.22090154,-0.41346291,12.064003,5.2776897
0.48170497,-0.19366347,1.7822626,-0.016013769,0.23880293,-0.41122265,11.980237,5.5066052
0.48542606,-0.19336543,1.7811254,0.010353024,0.25657866,-0.40884771,11.892044,5.7340343
0.48914954,-0.19299864,1.7795195,0.036675568,0.27422278,-0.40633928,11.799445,5.9598925
0.49287389,-0.19256273,1.7774462,0.062945965,0.2917294,-0.40369856,11.702466,6.1840957
0.49659758,-0.19205737,1.7749071,0.089156352,0.30909271,-0.40092682,11.601133,6.4065605
0.50031907,-0.19148229,1.7719035,0.1152989,0.32630695,-0.39802534,11.495473,6.6272035
0.50403678,-0.19083723,1.7684373,0.14136582,0.34336643,-0.39499549,11.385516,6.8459423
0.50774913,-0.19012199,1.7645102,0.16734936,0.36026553,-0.39183865,11.271294,7.0626946
0.51145452,-0.1893364,1.760124,0.19324181,0.37699872,-0.38855625,11.152838,7.2773789
0.51515133,-0.18848034,1.7552808,0.21903549,0.39356051,-0.38514976,11.030183,7.4899143
0.51883793,-0.18755372,1.7499828,0.24472277,0.40994551,-0.3816207,10.903365,7.7002204
0.52251269,-0.18655651,1.7442321,0.27029606,0.42614841,-0.37797061,10.772421,7.9082175
0.52617394,-0.18548872,1.7380311,0.29574782,0.44216397,-0.37420111,10.637391,8.1138266
0.52982004,-0.18435039,1.7313822,0.32107054,0.45798702,-0.37031381,10.498315,8.3169693
0.5334493,-0.18314162,1.7242881,0.34625677,0.47361248,-0.36631039,10.355235,8.5175682
0.53706005,-0.18186256,1.7167514,0.3712991,0.48903538,-0.36219257,10.208194,8.7155465
0.54065061,-0.18051338,1.7087749,0.39619018,0.5042508,-0.35796208,10.057239,8.910828
0.54421929,-0.17909433,1.7003615,0.42092269,0.51925392,-0.35362071,9.9024161,9.1033378
0.54776441,-0.17760568,1.6915142,0.44548938,0.53404001,-0.34917027,9.7437729,9.2930015
0.55128427,-0.17604777,1.6822361,0.46988303,0.54860444,-0.34461263,9.5813595,9.4797456
0.5547772,-0.17442097,1.6725305,0.49409649,0.56294265,-0.33994966,9.415227,9.6634978
0.55824149,-0.1727257,1.6624006,0.51812266,0.5770502,-0.33518329,9.2454281,9.8441864
0.56167548,-0.17096245,1.6518499,0.54195449,0.59092273,-0.33031547,9.0720169,10.021741
0.56507749,-0.16913172,1.6408819,0.56558499,0.60455597,-0.32534818,8.8950488,10.196092
0.56844584,-0.16723409,1.6295003,0.58900722,0.61794576,-0.32028344,8.7145808,10.36717
0.57177888,-0.16527018,1.6177088,0.61221432,0.63108804,-0.31512329,8.530671,10.534909
0.57507495,-0.16324065,1.6055113,0.63519946,0.64397883,-0.3098698,8.3433792,10.699242
0.57833242,-0.16114622,1.5929116,0.65795589,0.65661428,-0.30452508,8.1527663,10.860103
0.58154967,-0.15898764,1.5799139,0.68047691,0.66899062,-0.29909126,7.9588946,11.017429
0.58472508,-0.15676573,1.5665222,0.70275589,0.68110419,-0.29357049,7.7618277,11.171156
0.58785707,-0.15448134,1.5527409,0.72478626,0.69295145,-0.28796495,7.5616305,11.321222
0.59094405,-0.15213538,1.5385743,0.74656153,0.70452894,-0.28227685,7.3583691,11.467568
0.59398447,-0.14972879,1.5240268,0.76807524,0.71583332,-0.27650842,7.1521108,11.610134
0.5969768,-0.14726257,1.509103,0.78932104,0.72686136,-0.27066191,6.9429244,11.74886
0.59991954,-0.14473776,1.4938074,0.81029262,0.73760994,-0.2647396,6.7308796,11.883692
0.60281119,-0.14215545,1.478145,0.83098375,0.74807604,-0.25874378,6.5160473,12.014573
0.60565029,-0.13951677,1.4621204,0.85138827,0.75825676,-0.25267677,6.2984996,12.141448
0.60843542,-0.13682289,1.4457386,0.87150009,0.7681493,-0.24654091,6.0783098,12.264266
0.61116517,-0.13407502,1.4290046,0.89131319,0.77775098,-0.24033854,5.8555521,12.382975
0.61383817,-0.13127443,1.4119236,0.91082164,0.78705923,-0.23407205,5.630302,12.497524
0.61645308,-0.12842242,1.3945008,0.93001958,0.7960716,-0.22774382,5.4026358,12.607865
0.61900859,-0.12552031,1.3767414,0.9489012,0.80478574,-0.22135625,5.1726311,12.71395
0.62150344,-0.1225695,1.3586509,0.96746081,0.81319943,-0.21491176,4.9403662,12.815735
0.62393639,-0.11957139,1.3402348,0.98569277,0.82131055,-0.20841279,4.7059205,12.913174
0.62630623,-0.11652743,1.3214986,1.0035915,0.8291171,-0.20186178,4.4693745,13.006225
0.62861181,-0.11343912,1.302448,1.0211517,0.8366172,-0.1952612,4.2308093,13.094846
0.63085201,-0.11030798,1.2830887,1.0383677,0.84380909,-0.18861349,3.990307,13.178999
0.63302576,-0.10713556,1.2634267,1.0552345,0.85069112,-0.18192116,3.7479507,13.258644
0.63513201,-0.10392345,1.2434678,1.0717467,0.85726175,-0.17518668,3.5038242,13.333744
0.63716977,-0.10067326,1.2232181,1.0878992,0.86351956,-0.16841255,3.258012,13.404266
0.63913809,-0.097386644,1.2026837,1.103687,0.86946326,-0.16160127,3.0105994,13.470174
0.64103607,-0.094065277,1.1818708,1.1191052,0.87509167,-0.15475536,2.7616727,13.531439
0.64286286,-0.090710856,1.1607856,1.1341488,0.88040372,-0.14787732,2.5113185,13.588028
0.64461763,-0.087325108,1.1394345,1.1488133,0.88539846,-0.14096968,2.2596243,13.639914
0.64629964,-0.083909781,1.117824,1.1630938,0.89007507,-0.13403496,2.0066783,13.68707
0.64790815,-0.080466644,1.0959606,1.1769858,0.89443283,-0.12707568,1.7525692,13.72947
0.64944252,-0.076997489,1.0738509,1.1904849,0.89847115,-0.12009437,1.4973862,13.76709
0.65090212,-0.073504123,1.0515016,1.2035867,0.90218955,-0.11309356,1.2412192,13.79991
0.65228639,-0.069988373,1.0289194,1.2162869,0.90558767,-0.10607577,0.98415858,13.827908
0.65359481,-0.06645208,1.0061113,1.2285814,0.90866526,-0.099043533,0.72629515,13.851066
0.65482693,-0.062897097,0.98308401,1.240466,0.91142221,-0.091999367,0.46772019,13.869367
0.65598233,-0.059325291,0.95984469,1.2519369,0.91385849,-0.084945795,0.20852542,13.882797
0.65706066,-0.055738539,0.93640035,1.2629902,0.91597422,-0.077885331,-0.051197081,13.891341
0.65806161,-0.052138726,0.91275815,1.2736222,0.91776962,-0.070820487,-0.31135486,13.894989
0.65898492,-0.048527743,0.8889253,1.2838292,0.91924502,-0.063753768,-0.57185518,13.89373
0.6598304,-0.044907489,0.86490909,1.2936077,0.92040087,-0.056687672,-0.83260498,13.887556
0.66059789,-0.041279863,0.84071687,1.3029543,0.92123774,-0.04962469,-1.093511,13.876462
0.66128732,-0.037646767,0.81635608,1.3118658,0.9217563,-0.042567304,-1.3544797,13.860442
0.66189862,-0.034010104,0.79183419,1.3203389,0.92195736,-0.035517986,-1.6154174,13.839493
0.66243183,-0.030371775,0.76715878,1.3283706,0.92184181,-0.028479199,-1.8762303,13.813615
0.66288699,-0.026733675,0.74233745,1.3359579,0.92141066,-0.021453393,-2.1368244,13.782809
0.66326422,-0.023097699,0.71737789,1.3430981,0.92066506,-0.014443007,-2.3971057,13.747077
0.66356371,-0.01946573,0.69228785,1.3497885,0.91960623,-0.0074504662,-2.6569801,13.706423
0.66378565,-0.015839645,0.66707513,1.3560264,0.91823552,-0.00047818312,-2.9163535,13.660854
0.66393033,-0.012221312,0.64174758,1.3618095,0.91655438,0.0064714456,-3.1751319,13.610378
0.66399808,-0.0086125861,0.61631312,1.3671355,0.91456439,0.013396039,-3.4332213,13.555003
0.66398925,-0.0050153085,0.59077973,1.3720021,0.91226721,0.020293231,-3.6905277,13.494742
0.66390428,-0.0014313068,0.56515542,1.3764072,0.90966462,0.027160674,-3.9469575,13.429609
0.66374364,0.0021376083,0.53944826,1.3803491,0.9067585,0.033996039,-4.2024169,13.359617
0.66350785,0.0056896437,0.51366639,1.3838258,0.90355083,0.040797015,-4.4568125,13.284785
0.66319747,0.009223026,0.48781795,1.3868358,0.90004371,0.047561311,-4.7100512,13.20513
0.66281313,0.012736002,0.46191117,1.3893774,0.89623932,0.054286655,-4.96204,13.120673
0.66235548,0.016226842,0.4359543,1.3914494,0.89213995,0.060970799,-5.2126863,13.031437
0.66182523,0.019693838,0.40995564,1.3930504,0.887748,0.067611514,-5.4618979,12.937444
0.66122313,0.023135309,0.38392351,1.3941794,0.88306595,0.074206597,-5.7095827,12.838722
0.66054998,0.026549598,0.35786628,1.3948354,0.87809639,0.080753865,-5.9556493,12.735297
0.65980661,0.029935078,0.33179237,1.3950176,0.87284201,0.087251162,-6.2000067,12.627198
0.6589939,0.033290148,0.3057102,1.3947253,0.86730557,0.093696356,-6.4425642,12.514457
0.65811277,0.036613239,0.27962824,1.393958,0.86148995,0.10008734,-6.6832317,12.397107
0.65716419,0.039902813,0.25355498,1.3927153,0.8553981,0.10642203,-6.9219197,12.275181
0.65614913,0.043157363,0.22749893,1.3909969,0.84903309,0.11269838,-7.1585392,12.148715
0.65506864,0.046375415,0.20146864,1.3888028,0.84239805,0.11891437,-7.3930018,12.017748
0.65392378,0.04955553,0.17547266,1.386133,0.8354962,0.12506799,-7.6252197,11.88232
0.65271566,0.052696304,0.14951956,1.3829878,0.82833087,0.13115727,-7.8551061,11.74247
0.65144541,0.055796369,0.12361794,1.3793674,0.82090546,0.13718029,-8.0825744,11.598243
0.65011419,0.058854392,0.097776398,1.3752725,0.81322344,0.14313513,-8.3075391,11.449682
0.6487232,0.061869081,0.07200354,1.3707037,0.80528838,0.14901991,-8.5299153,11.296833
0.64727368,0.064839179,0.046307984,1.3656617,0.79710392,0.15483279,-8.749619,11.139745
0.64576686,0.06776347,0.020698351,1.3601477,0.78867379,0.16057196,-8.9665671,10.978467
0.64420404,0.070640777,-0.0048167372,1.3541627,0.78000178,0.16623563,-9.1806771,10.81305
0.64258651,0.073469962,-0.030228663,1.3477081,0.77109177,0.17182206,-9.3918677,10.643546
0.6409156,0.076249929,-0.05552881,1.3407852,0.7619477,0.17732953,-9.6000584,10.470009
0.63919267,0.078979623,-0.080708574,1.3333957,0.7525736,0.18275638,-9.8051696,10.292495
0.63741908,0.081658031,-0.10575936,1.3255414,0.74297355,0.18810094,-10.007123,10.111062
0.63559623,0.08428418,-0.13067258,1.3172241,0.73315171,0.19336161,-10.205841,9.925767
0.63372552,0.086857142,-0.15543968,1.308446,0.7231123,0.19853682,-10.401246,9.7366711
0.63180837,0.089376029,-0.1800521,1.2992094,0.71285961,0.20362503,-10.593265,9.5438359
0.62984622,0.091839996,-0.20450133,1.2895166,0.70239799,0.20862474,-10.781822,9.3473243
0.62784053,0.094248243,-0.22877887,1.2793702,0.69173186,0.21353449,-10.966844,9.1472008
0.62579275,0.09660001,-0.25287626,1.2687729,0.68086568,0.21835285,-11.148259,8.9435314
0.62370437,0.098894582,-0.27678505,1.2577277,0.66980398,0.22307844,-11.325997,8.7363833
0.62157687,0.10113129,-0.30049686,1.2462375,0.65855135,0.22770989,-11.499988,8.5258252
0.61941174,0.10330949,-0.32400331,1.2343056,0.64711243,0.23224591,-11.670164,8.311927
0.61721048,0.10542861,-0.3472961,1.2219354,0.63549189,0.23668522,-11.836458,8.0947601
0.61497459,0.1074881,-0.37036695,1.2091304,0.62369449,0.24102659,-11.998804,7.8743969
0.61270558,0.10948746,-0.39320764,1.1958943,0.611725,0.24526882,-12.157137,7.6509115
0.61040496,0.11142622,-0.41580999,1.182231,0.59958826,0.24941077,-12.311396,7.4243788
0.60807423,0.11330398,-0.4381659,1.1681444,0.58728914,0.25345131,-12.461517,7.1948753
0.60571493,0.11512035,-0.46026729,1.1536388,0.57483257,0.25738939,-12.607441,6.9624783
0.60332854,0.116875,-0.48210619,1.1387185,0.5622235,0.26122396,-12.74911,6.7272665
0.60091658,0.11856763,-0.50367466,1.123388,0.54946692,0.26495404,-12.886465,6.4893197
0.59848056,0.12019799,-0.52496483,1.1076519,0.53656788,0.26857868,-13.019451,6.2487189
0.59602197,0.12176586,-0.54596892,1.0915151,0.52353142,0.27209698,-13.148015,6.0055459
0.5935423,0.12327108,-0.56667922,1.0749825,0.51036266,0.27550806,-13.272101,5.759884
0.59104305,0.1247135,-0.58708809,1.0580592,0.49706673,0.2788111,-13.391661,5.511817
0.58852568,0.12609302,-0.60718798,1.0407505,0.48364876,0.28200533,-13.506643,5.26143
0.58599167,0.12740959,-0.62697142,1.0230618,0.47011396,0.28509,-13.617,5.0088092
0.58344247,0.12866319,-0.64643104,1.0049988,0.45646752,0.28806442,-13.722686,4.7540413
0.58087954,0.12985382,-0.66555955,0.98656712,0.44271468,0.29092793,-13.823655,4.4972143
0.5783043,0.13098153,-0.68434976,0.96777264,0.42886067,0.29367992,-13.919864,4.2384169
0.57571817,0.13204641,-0.70279458,0.94862142,0.41491077,0.29631982,-14.011271,3.9777386
0.57312257,0.13304858,-0.72088703,0.92911961,0.40087026,0.29884711,-14.097838,3.7152699
0.57051889,0.13398818,-0.73862021,0.90927354,0.38674443,0.3012613,-14.179524,3.4511019
0.5679085,0.13486539,-0.75598736,0.88908967,0.3725386,0.30356196,-14.256295,3.1853265
0.56529276,0.13568044,-0.77298181,0.8685746,0.35825807,0.30574867,-14.328115,2.9180363
0.56267302,0.13643357,-0.78959703,0.84773507,0.34390818,0.30782109,-14.394952,2.6493247
0.5600506,0.13712505,-0.80582657,0.82657796,0.32949425,0.3097789,-14.456773,2.3792855
0.55742681,0.13775519,-0.82166413,0.80511028,0.31502162,0.31162184,-14.51355,2.1080133
0.55480293,0.13832432,-0.83710354,0.78333918,0.30049562,0.31334968,-14.565255,1.8356034
0.55218024,0.1388328,-0.85213874,0.76127194,0.2859216,0.31496223,-14.611861,1.5621513
0.54955998,0.13928102,-0.86676379,0.73891597,0.27130489,0.31645934,-14.653346,1.2877533
0.54694337,0.1396694,-0.88097293,0.71627879,0.25665081,0.31784093,-14.689686,1.0125061
0.54433163,0.13999836,-0.89476049,0.69336807,0.24196469,0.31910693,-14.720861,0.73650675
0.54172594,0.14026837,-0.90812096,0.67019159,0.22725186,0.32025733,-14.746853,0.45985287
0.53912745,0.14047991,-0.92104897,0.64675725,0.2125176,0.32129214,-14.767645,0.18264235
0.53653731,0.14063349,-0.9335393,0.62307306,0.19776723,0.32221145,-14.783222,-0.095026558
0.53395664,0.14072964,-0.94558687,0.59914715,0.18300601,0.32301536,-14.793571,-0.37305529
0.53138652,0.1407689,-0.95718676,0.57498776,0.16823922,0.32370403,-14.798681,-0.65134502
0.52882803,0.14075184,-0.96833419,0.55060325,0.1534721,0.32427764,-14.798543,-0.92979668
0.52628221,0.14067904,-0.97902456,0.52600206,0.13870988,0.32473642,-14.793149,-1.208311
0.52375009,0.14055111,-0.9892534,0.50119275,0.12395776,0.32508066,-14.782494,-1.4867886
0.52123267,0.14036866,-0.99901641,0.47618399,0.10922094,0.32531067,-14.766574,-1.7651299
0.51873091,0.14013234,-1.0083095,0.45098451,0.094504553,0.3254268,-14.745388,-2.0432353
0.51624577,0.13984277,-1.0171286,0.42560316,0.079813747,0.32542946,-14.718936,-2.3210051
0.51377818,0.13950064,-1.0254701,0.40004888,0.06515362,0.32531906,-14.68722,-2.5983396
0.51132904,0.13910662,-1.0333302,0.37433069,0.050529243,0.32509609,-14.650244,-2.875139
0.50889923,0.13866139,-1.0407055,0.3484577,0.035945657,0.32476107,-14.608015,-3.1513038
0.50648959,0.13816565,-1.0475927,0.32243908,0.021407867,0.32431453,-14.560539,-3.4267345
0.50410097,0.13762012,-1.0539888,0.29628409,0.0069208425,0.32375708,-14.507828,-3.7013316
0.50173416,0.13702551,-1.0598907,0.27000207,-0.0075104846,0.32308934,-14.449892,-3.9749958
0.49938994,0.13638255,-1.0652959,0.24360241,-0.021881221,0.32231198,-14.386745,-4.2476282
0.49706909,0.13569198,-1.0702016,0.21709459,-0.036186514,0.3214257,-14.318403,-4.51913
0.49477231,0.13495454,-1.0746056,0.19048812,-0.050421555,0.32043125,-14.244883,-4.7894025
0.49250034,0.13417099,-1.0785056,0.1637926,-0.064581578,0.31932939,-14.166205,-5.0583476
0.49025386,0.13334207,-1.0818996,0.13701766,-0.078661862,0.31812094,-14.08239,-5.3258674
0.48803352,0.13246856,-1.0847859,0.110173,-0.092657735,0.31680674,-13.99346,-5.5918644
0.48583998,0.13155122,-1.0871628,0.083268334,-0.10656457,0.31538769,-13.899441,-5.8562416
0.48367385,0.13059082,-1.0890288,0.056313455,-0.12037781,0.3138647,-13.800361,-6.1189023
0.48153572,0.12958813,-1.0903828,0.029318176,-0.13409291,0.31223872,-13.696246,-6.3797504
0.47942618,0.12854393,-1.0912236,0.0022923461,-0.14770541,0.31051073,-13.587129,-6.6386902
0.47734577,0.127459,-1.0915505,-0.024754154,-0.1612109,0.30868176,-13.473042,-6.8956269
0.47529503,0.12633412,-1.0913628,-0.051811419,-0.17460503,0.30675286,-13.354018,-7.1504658
0.47327446,0.12517006,-1.09066,-0.078869518,-0.18788349,0.30472511,-13.230094,-7.4031132
0.47128456,0.12396762,-1.0894419,-0.10591851,-0.20104204,0.30259962,-13.101309,-7.653476
0.46932579,0.12272756,-1.0877084,-0.13294842,-0.2140765,0.30037754,-12.967701,-7.9014617
0.46739862,0.12145068,-1.0854596,-0.15994929,-0.22698276,0.29806005,-12.829312,-8.1469786
0.46550345,0.12013774,-1.0826958,-0.18691114,-0.23975676,0.29564835,-12.686186,-8.3899357
0.46364071,0.11878953,-1.0794177,-0.213824,-0.2523945,0.29314368,-12.538368,-8.630243
0.46181079,0.11740682,-1.0756259,-0.24067788,-0.26489207,0.29054731,-12.385905,-8.8678111
0.46001407,0.11599038,-1.0713213,-0.26746282,-0.2772456,0.28786053,-12.228845,-9.1025517
0.45825089,0.11454099,-1.0665052,-0.29416887,-0.2894513,0.28508465,-12.067239,-9.3343771
0.4565216,0.1130594,-1.0611788,-0.32078608,-0.30150545,0.28222103,-11.901138,-9.5632009
0.45482651,0.11154639,-1.0553436,-0.34730452,-0.3134044,0.27927105,-11.730597,-9.7889373
0.45316594,0.11000271,-1.0490014,-0.37371431,-0.32514457,0.27623609,-11.555671,-10.011502
0.45154017,0.10842911,-1.0421542,-0.40000557,-0.33672244,0.27311759,-11.376416,-10.230811
0.44994947,0.10682635,-1.034804,-0.42616846,-0.34813459,0.269917,-11.192893,-10.446782
0.44839411,0.10519517,-1.0269531,-0.45219318,-0.35937766,0.26663579,-11.00516,-10.659334
0.44687431,0.10353631,-1.0186041,-0.47806998,-0.37044835,0.26327545,-10.813281,-10.868386
0.44539032,0.10185051,-1.0097598,-0.50378913,-0.38134345,0.25983752,-10.617317,-11.07386
0.44394235,0.10013849,-1.000423,-0.52934097,-0.39205984,0.25632351,-10.417336,-11.275676
0.44253059,0.098400979,-0.9905968,-0.55471589,-0.40259446,0.25273502,-10.213403,-11.47376
0.44115524,0.096638696,-0.98028456,-0.57990433,-0.41294433,0.2490736,-10.005586,-11.668034
0.43981647,0.094852351,-0.96948976,-0.60489679,-0.42310655,0.24534087,-9.7939546,-11.858426
0.43851443,0.09304265,-0.95821609,-0.62968386,-0.43307832,0.24153846,-9.5785806,-12.044862
0.43724929,0.091210292,-0.94646742,-0.65425616,-0.44285689,0.237668,-9.3595361,-12.22727
0.43602118,0.08935597,-0.93424784,-0.67860441,-0.4524396,0.23373115,-9.1368951,-12.405581
0.43483023,0.087480372,-0.92156159,-0.70271941,-0.4618239,0.22972958,-8.910733,-12.579725
0.43367656,0.085584176,-0.90841312,-0.72659203,-0.47100728,0.225665,-8.6811264,-12.749636
0.43256027,0.083668058,-0.89480705,-0.75021322,-0.47998734,0.22153911,-8.4481533,-12.915247
0.43148145,0.081732683,-0.8807482,-0.77357405,-0.48876176,0.21735364,-8.2118932,-13.076494
0.43044021,0.079778712,-0.86624156,-0.79666564,-0.49732831,0.21311032,-7.9724266,-13.233314
0.42943662,0.077806799,-0.85129229,-0.81947925,-0.50568483,0.2088109,-7.7298355,-13.385646
0.42847074,0.075817591,-0.83590574,-0.84200621,-0.51382925,0.20445715,-7.484203,-13.533429
0.42754265,0.073811728,-0.82008743,-0.86423797,-0.5217596,0.20005086,-7.2356134,-13.676606
0.42665238,0.071789846,-0.80384307,-0.88616609,-0.52947398,0.19559379,-6.9841522,-13.815119
0.4258,0.069752571,-0.78717851,-0.90778222,-0.53697058,0.19108777,-6.729906,-13.948914
0.42498554,0.067700524,-0.77009978,-0.92907816,-0.54424768,0.18653459,-6.4729627,-14.077936
0.42420903,0.065634322,-0.7526131,-0.9500458,-0.55130365,0.18193608,-6.213411,-14.202135
0.42347049,0.063554571,-0.73472481,-0.97067718,-0.55813694,0.17729407,-5.9513409,-14.32146
0.42276995,0.061461875,-0.71644145,-0.99096443,-0.56474609,0.17261038,-5.6868431,-14.435862
0.42210742,0.059356829,-0.69776969,-1.0108999,-0.57112973,0.16788687,-5.4200096,-14.545295
0.4214829,0.057240025,-0.67871637,-1.0304758,-0.57728658,0.16312539,-5.1509333,-14.649713
0.4208964,0.055112047,-0.65928848,-1.049685,-0.58321545,0.15832779,-4.8797078,-14.749074
0.42034792,0.052973473,-0.63949317,-1.0685199,-0.58891522,0.15349593,-4.6064279,-14.843336
0.41983744,0.050824878,-0.61933771,-1.0869735,-0.59438488,0.14863167,-4.331189,-14.93246
0.41936495,0.048666828,-0.59882953,-1.1050387,-0.59962349,0.14373689,-4.0540875,-15.016407
0.41893043,0.046499887,-0.57797621,-1.1227087,-0.60463023,0.13881347,-3.7752204,-15.095141
0.41853387,0.044324612,-0.55678546,-1.1399767,-0.60940432,0.13386326,-3.4946856,-15.168628
0.41817523,0.042141556,-0.53526512,-1.1568361,-0.61394511,0.12888816,-3.2125817,-15.236836
0.41785448,0.039951266,-0.51342316,-1.1732807,-0.61825201,0.12389003,-2.9290079,-15.299734
0.4175716,0.037754287,-0.49126768,-1.189304,-0.62232454,0.11887075,-2.6440641,-15.357293
0.41732653,0.035551155,-0.46880692,-1.2049,-0.62616229,0.11383221,-2.3578508,-15.409487
0.41711925,0.033342407,-0.44604922,-1.2200628,-0.62976495,0.10877626,-2.0704691,-15.456291
0.41694971,0.031128573,-0.42300304,-1.2347867,-0.63313228,0.1037048,-1.7820206,-15.497682
0.41681786,0.028910179,-0.39967697,-1.249066,-0.63626414,0.098619689,-1.4926075,-15.533639
0.41672364,0.026687748,-0.37607969,-1.2628953,-0.63916049,0.093522792,-1.2023323,-15.564143
0.41666701,0.0244618,-0.35222,-1.2762695,-0.64182134,0.088415975,-0.91129798,-15.589176
0.41664791,0.022232851,-0.32810681,-1.2891833,-0.64424681,0.083301098,-0.61960801,-15.608724
0.41666628,0.020001415,-0.30374911,-1.3016321,-0.64643711,0.078180012,-0.32736613,-15.622773
0.41672206,0.017768001,-0.279156,-1.3136109,-0.64839252,0.073054566,-0.034676392,-15.631312
0.41681518,0.015533116,-0.25433667,-1.3251154,-0.65011341,0.067926601,0.25835684,-15.634332
0.41694558,0.013297267,-0.22930039,-1.3361412,-0.65160023,0.062797949,0.55162899,-15.631825
0.41711318,0.011060955,-0.20405653,-1.3466842,-0.65285352,0.057670437,0.84503526,-15.623786
0.41731792,0.0088246816,-0.17861452,-1.3567403,-0.65387389,0.05254588,1.1384707,-15.610212
0.41755971,0.0065889446,-0.15298388,-1.3663058,-0.65466206,0.047426087,1.4318302,-15.591101
0.41783849,0.0043542412,-0.1271742,-1.3753772,-0.6552188,0.042312856,1.7250086,-15.566454
0.41815417,0.0021210665,-0.10119515,-1.383951,-0.65554498,0.037207973,2.0179007,-15.536273
0.41850666,-0.00011008549,-0.075056443,-1.392024,-0.65564153,0.032113214,2.3104013,-15.500564
0.41889589,-0.0023387222,-0.048767862,-1.3995933,-0.65550949,0.027030344,2.6024052,-15.459332
0.41932177,-0.0045643521,-0.02233925,-1.406656,-0.65514995,0.021961115,2.8938071,-15.412587
0.4197842,-0.0067864843,0.0042195004,-1.4132095,-0.6545641,0.016907264,3.1845021,-15.360339
0.4202831,-0.009004629,0.030898449,-1.4192515,-0.65375319,0.011870519,3.4743853,-15.3026
0.42081836,-0.011218297,0.057687611,-1.4247796,-0.65271855,0.0068525902,3.7633519,-15.239385
0.42138988,-0.013426998,0.08457696,-1.429792,-0.65146159,0.0018551737,4.0512975,-15.170711
0.42199757,-0.015630245,0.11155644,-1.4342867,-0.6499838,-0.0031200489,4.3381178,-15.096596
0.42264133,-0.017827549,0.13861595,-1.4382622,-0.64828672,-0.0080714121,4.6237089,-15.017061
0.42332103,-0.02001842,0.16574537,-1.441717,-0.646372,-0.012997267,4.9079671,-14.932129
0.42403657,-0.02220237,0.19293456,-1.44465,-0.64424133,-0.017895981,5.1907893,-14.841823
0.42478784,-0.024378911,0.22017336,-1.4470602,-0.64189648,-0.02276594,5.4720725,-14.74617
0.42557471,-0.026547552,0.24745158,-1.4489466,-0.63933929,-0.027605548,5.7517144,-14.645199
0.42639706,-0.028707803,0.27475904,-1.4503089,-0.63657168,-0.032413225,6.0296131,-14.538939
0.42725477,-0.030859175,0.30208555,-1.4511464,-0.63359563,-0.037187412,6.3056672,-14.427424
0.42814771,-0.033001175,0.32942089,-1.4514591,-0.63041317,-0.041926571,6.5797759,-14.310687
0.42907574,-0.035133313,0.35675488,-1.4512469,-0.62702642,-0.04662918,6.8518389,-14.188765
0.43003872,-0.037255095,0.38407731,-1.4505101,-0.62343756,-0.051293741,7.1217567,-14.061695
0.43103652,-0.039366028,0.41137802,-1.4492491,-0.61964882,-0.055918776,7.3894304,-13.929518
0.43206897,-0.041465617,0.43864682,-1.4474644,-0.61566251,-0.060502827,7.6547617,-13.792274
0.43313593,-0.043553366,0.46587357,-1.4451569,-0.61148098,-0.065044459,7.9176532,-13.650009
0.43423724,-0.04562878,0.49304814,-1.4423276,-0.60710666,-0.069542258,8.1780082,-13.502767
0.43537274,-0.04769136,0.52016042,-1.4389776,-0.60254204,-0.073994836,8.4357308,-13.350595
0.43654225,-0.049740607,0.54720034,-1.4351085,-0.59778964,-0.078400824,8.690726,-13.193543
0.43774561,-0.051776023,0.57415785,-1.4307218,-0.59285207,-0.082758879,8.9428996,-13.031662
0.43898263,-0.053797107,0.60102297,-1.4258194,-0.58773198,-0.087067681,9.1921585,-12.865005
0.44025313,-0.055803356,0.62778573,-1.4204031,-0.58243207,-0.091325933,9.4384105,-12.693625
0.44155691,-0.057794269,0.65443621,-1.4144753,-0.5769551,-0.095532367,9.6815642,-12.51758
0.44289377,-0.05976934,0.68096455,-1.4080382,-0.57130387,-0.099685734,9.9215294,-12.336927
0.44426352,-0.061728066,0.70736093,-1.4010946,-0.56548125,-0.10378481,10.158217,-12.151727
0.44566592,-0.063669942,0.73361561,-1.3936471,-0.55949014,-0.10782841,10.391539,-11.96204
0.44710078,-0.06559446,0.75971889,-1.3856988,-0.55333351,-0.11181536,10.621408,-11.767929
0.44856785,-0.067501114,0.78566115,-1.3772527,-0.54701434,-0.11574452,10.847739,-11.56946
0.45006691,-0.069389396,0.81143282,-1.3683123,-0.54053569,-0.11961476,11.070446,-11.366699
0.45159771,-0.071258798,0.83702443,-1.358881,-0.53390065,-0.12342501,11.289447,-11.159714
0.45316,-0.073108813,0.86242655,-1.3489625,-0.52711234,-0.1271742,11.50466,-10.948574
0.45475353,-0.07493893,0.88762986,-1.3385608,-0.52017394,-0.13086129,11.716003,-10.73335
0.45637802,-0.076748641,0.91262511,-1.3276799,-0.51308867,-0.13448528,11.923397,-10.514116
0.4580332,-0.078537438,0.93740314,-1.3163241,-0.50585976,-0.13804519,12.126765,-10.290946
0.45971879,-0.080304811,0.96195488,-1.3044978,-0.49849052,-0.14154007,12.326028,-10.063914
0.46143449,-0.082050252,0.98627135,-1.2922056,-0.49098425,-0.14496899,12.521112,-9.8330994
0.46318001,-0.083773254,1.0103437,-1.2794522,-0.48334432,-0.14833107,12.711943,-9.5985793
0.46495502,-0.08547331,1.0341631,-1.2662427,-0.47557412,-0.15162543,12.898448,-9.3604342
0.46675922,-0.087149913,1.0577209,-1.2525821,-0.46767705,-0.15485125,13.080556,-9.1187455
0.46859226,-0.088802558,1.0810085,-1.2384757,-0.45965657,-0.15800771,13.258198,-8.8735959
0.47045381,-0.090430742,1.1040174,-1.2239289,-0.45151616,-0.16109403,13.431306,-8.6250695
0.47234352,-0.092033963,1.1267394,-1.2089473,-0.44325931,-0.16410948,13.599813,-8.3732517
0.47426102,-0.09361172,1.1491662,-1.1935368,-0.43488957,-0.16705332,13.763655,-8.118229
0.47620596,-0.095163516,1.1712897,-1.1777032,-0.42641046,-0.16992488,13.922769,-7.8600894
0.47817793,-0.096688854,1.1931018,-1.1614526,-0.41782558,-0.17272349,14.077093,-7.598922
0.48017657,-0.098187242,1.2145948,-1.1447911,-0.40913852,-0.17544852,14.226567,-7.334817
0.48220145,-0.09965819,1.2357609,-1.1277253,-0.40035288,-0.17809938,14.371133,-7.0678657
0.48425217,-0.10110121,1.2565924,-1.1102615,-0.39147231,-0.18067549,14.510735,-6.7981607
0.4863283,-0.10251582,1.277082,-1.0924065,-0.38250044,-0.18317632,14.645317,-6.5257956
0.48842941,-0.10390154,1.2972222,-1.074167,-0.37344095,-0.18560136,14.774828,-6.2508649
0.49055506,-0.10525789,1.3170059,-1.0555499,-0.36429751,-0.18795012,14.899216,-5.9734644
0.49270477,-0.10658441,1.336426,-1.0365625,-0.35507381,-0.19022217,15.018431,-5.6936906
0.4948781,-0.10788062,1.3554756,-1.0172117,-0.34577356,-0.19241709,15.132426,-5.4116411
0.49707454,-0.10914606,1.3741479,-0.99750498,-0.33640045,-0.19453448,15.241156,-5.1274143
0.49929362,-0.11038029,1.3924363,-0.97744977,-0.32695821,-0.19657399,15.344576,-4.8411096
0.50153484,-0.11158284,1.4103344,-0.95705364,-0.31745056,-0.1985353,15.442644,-4.5528272
0.50379767,-0.11275328,1.4278358,-0.93632427,-0.30788123,-0.2004181,15.535321,-4.2626681
0.50608159,-0.11389117,1.4449343,-0.91526947,-0.29825395,-0.20222213,15.622569,-3.9707339
0.50838606,-0.11499607,1.461624,-0.89389716,-0.28857245,-0.20394715,15.70435,-3.6771273
0.51071055,-0.11606757,1.477899,-0.87221536,-0.27884048,-0.20559297,15.780631,-3.3819512
0.51305447,-0.11710525,1.4937536,-0.85023221,-0.26906176,-0.20715939,15.85138,-3.0853097
0.51541728,-0.1181087,1.5091822,-0.82795594,-0.25924003,-0.20864628,15.916566,-2.7873071
0.51779838,-0.11907752,1.5241796,-0.80539488,-0.24937902,-0.21005352,15.97616,-2.4880485
0.52019717,-0.12001132,1.5387406,-0.78255747,-0.23948245,-0.21138102,16.030137,-2.1876395
0.52261307,-0.12090972,1.55286,-0.75945222,-0.22955404,-0.21262873,16.078471,-1.8861862
0.52504544,-0.12177234,1.566533,-0.73608775,-0.2195975,-0.21379661,16.121141,-1.583795
0.52749367,-0.12259883,1.579755,-0.71247276,-0.20961653,-0.21488467,16.158126,-1.2805731
0.52995712,-0.12338883,1.5925214,-0.68861601,-0.19961482,-0.21589295,16.189408,-0.97662788
0.53243513,-0.12414201,1.6048279,-0.66452638,-0.18959605,-0.21682149,16.21497,-0.67206699
0.53492706,-0.12485802,1.6166704,-0.64021279,-0.1795639,-0.2176704,16.234798,-0.36699854
0.53743224,-0.12553656,1.6280447,-0.61568426,-0.169522,-0.21843978,16.248881,-0.061530865
0.53994998,-0.12617731,1.6389471,-0.59094984,-0.15947401,-0.21912978,16.257207,0.24422744
0.54247959,-0.12677998,1.649374,-0.56601868,-0.14942353,-0.21974058,16.259768,0.55016761
0.54502039,-0.12734429,1.6593219,-0.54089997,-0.13937418,-0.22027238,16.25656,0.85618069
0.54757166,-0.12786997,1.6687875,-0.51560298,-0.12932953,-0.22072541,16.247577,1.1621576
0.55013269,-0.12835676,1.6777677,-0.49013702,-0.11929315,-0.22109993,16.232819,1.4679892
0.55270275,-0.12880441,1.6862596,-0.46451144,-0.10926858,-0.22139622,16.212284,1.7735664
0.55528111,-0.12921271,1.6942605,-0.43873565,-0.099259334,-0.22161459,16.185976,2.0787798
0.55786702,-0.12958143,1.7017678,-0.41281911,-0.08926891,-0.22175539,16.153899,2.3835205
0.56045974,-0.12991037,1.7087791,-0.3867713,-0.079300775,-0.22181898,16.116059,2.6876792
0.56305851,-0.13019936,1.7152922,-0.36060175,-0.06935837,-0.22180575,16.072465,2.991147
0.56566256,-0.13044821,1.7213051,-0.33432003,-0.059445111,-0.22171612,16.023128,3.2938151
0.56827112,-0.13065678,1.7268161,-0.30793572,-0.049564381,-0.22155054,15.96806,3.595575
0.57088341,-0.13082493,1.7318234,-0.28145843,-0.039719538,-0.22130947,15.907276,3.8963181
0.57349865,-0.13095253,1.7363257,-0.25489781,-0.029913904,-0.22099341,15.840793,4.1959364
0.57611604,-0.13103948,1.7403216,-0.22826351,-0.020150773,-0.22060287,15.76863,4.4943222
0.5787348,-0.1310857,1.7438101,-0.20156519,-0.010433404,-0.2201384,15.690808,4.7913679
0.58135411,-0.1310911,1.7467903,-0.17481255,-0.00076502068,-0.21960058,15.60735,5.0869665
0.58397317,-0.13105563,1.7492614,-0.14801526,0.008851186,-0.21898998,15.51828,5.3810114
0.58659116,-0.13097926,1.7512229,-0.12118302,0.018412063,-0.21830723,15.423627,5.6733964
0.58920729,-0.13086197,1.7526746,-0.094325521,0.027914494,-0.21755297,15.323419,5.9640159
0.59182072,-0.13070376,1.7536162,-0.067452461,0.037355401,-0.21672785,15.217688,6.2527648
0.59443063,-0.13050463,1.7540477,-0.040573522,0.046731745,-0.21583256,15.106466,6.5395386
0.59703621,-0.13026464,1.7539695,-0.013698378,0.056040528,-0.2148678,14.989789,6.8242333
0.59963662,-0.12998382,1.7533818,0.013163309,0.065278792,-0.2138343,14.867695,7.1067458
0.60223104,-0.12966226,1.7522852,0.040001894,0.074443621,-0.21273282,14.740222,7.3869736
0.60481865,-0.12930004,1.7506805,0.066807752,0.083532142,-0.21156411,14.607411,7.6648147
0.6073986,-0.12889728,1.7485687,0.093571282,0.092541525,-0.21032897,14.469306,7.9401683
0.60997008,-0.12845409,1.7459508,0.12028291,0.10146899,-0.20902821,14.325952,8.212934
0.61253226,-0.12797064,1.7428281,0.14693309,0.11031178,-0.20766266,14.177396,8.4830126
0.6150843,-0.12744709,1.7392022,0.1735123,0.11906723,-0.20623317,14.023686,8.7503056
0.61762539,-0.12688361,1.7350747,0.20001109,0.12773267,-0.2047406,13.864874,9.0147153
0.6201547,-0.12628043,1.7304474,0.22642001,0.1363055,-0.20318583,13.701011,9.2761453
0.62267141,-0.12563777,1.7253223,0.25272967,0.14478319,-0.20156978,13.532154,9.5344999
0.6251747,-0.12495586,1.7197017,0.27893073,0.15316321,-0.19989337,13.358357,9.7896845
0.62766376,-0.12423497,1.7135877,0.30501389,0.16144313,-0.19815753,13.179679,10.041606
0.63013777,-0.12347539,1.7069831,0.33096991,0.16962054,-0.19636321,12.996181,10.290171
0.63259594,-0.12267742,1.6998905,0.35678961,0.17769308,-0.19451139,12.807924,10.535289
0.63503746,-0.12184138,1.6923128,0.38246387,0.18565846,-0.19260305,12.614971,10.77687
0.63746154,-0.1209676,1.684253,0.40798361,0.19351444,-0.1906392,12.417388,11.014824
0.6398674,-0.12005646,1.6757143,0.43333984,0.2012588,-0.18862086,12.215242,11.249065
0.64225425,-0.11910833,1.6667001,0.45852362,0.20888942,-0.18654905,12.008601,11.479505
0.64462131,-0.1181236,1.6572139,0.48352611,0.2164042,-0.18442481,11.797536,11.70606
0.64696783,-0.1171027,1.6472594,0.50833852,0.22380111,-0.18224921,11.582119,11.928645
0.64929305,-0.11604605,1.6368406,0.53295214,0.23107817,-0.18002332,11.362424,12.147179
0.65159622,-0.11495411,1.6259614,0.55735834,0.23823345,-0.17774822,11.138525,12.36158
0.6538766,-0.11382735,1.6146259,0.58154858,0.24526509,-0.17542501,10.9105,12.571769
0.65613346,-0.11266626,1.6028387,0.6055144,0.25217127,-0.17305479,10.678427,12.777667
0.6583661,-0.11147135,1.590604,0.62924743,0.25895024,-0.17063869,10.442385,12.979198
0.66057379,-0.11024313,1.5779266,0.6527394,0.26560029,-0.16817782,10.202457,13.176287
0.66275586,-0.10898216,1.5648113,0.67598212,0.27211979,-0.16567333,9.9587248,13.368859
0.66491161,-0.10768899,1.5512629,0.69896749,0.27850714,-0.16312637,9.7112727,13.556844
0.66704038,-0.10636418,1.5372867,0.72168754,0.28476081,-0.16053809,9.4601864,13.74017
0.6691415,-0.10500834,1.5228878,0.74413438,0.29087934,-0.15790967,9.2055529,13.918768
0.67121435,-0.10362207,1.5080716,0.76630022,0.29686131,-0.15524227,8.9474606,14.092572
0.67325828,-0.102206,1.4928436,0.78817738,0.30270537,-0.15253707,8.6859992,14.261515
0.67527269,-0.10076075,1.4772095,0.8097583,0.30841022,-0.14979527,8.4212595,14.425534
0.67725697,-0.099286975,1.4611751,0.83103553,0.31397463,-0.14701805,8.1533339,14.584568
0.67921054,-0.097785351,1.4447462,0.85200172,0.3193974,-0.14420663,7.8823157,14.738554
0.68113284,-0.096256554,1.427929,0.87264965,0.32467743,-0.14136221,7.6082995,14.887435
0.6830233,-0.094701276,1.4107297,0.89297221,0.32981365,-0.13848599,7.331381,15.031154
0.6848814,-0.093120226,1.3931544,0.91296242,0.33480506,-0.13557921,7.051657,15.169656
0.68670661,-0.091514121,1.3752098,0.93261341,0.33965072,-0.13264307,6.7692256,15.302888
0.68849844,-0.089883695,1.3569023,0.95191844,0.34434973,-0.12967881,6.4841856,15.430798
0.69025639,-0.08822969,1.3382387,0.9708709,0.34890127,-0.12668764,6.1966371,15.553337
0.69198,-0.086552861,1.3192257,0.98946431,0.35330459,-0.12367082,5.9066809,15.670457
0.69366883,-0.084853974,1.2998702,1.0076923,0.35755896,-0.12062955,5.6144191,15.782113
0.69532244,-0.083133804,1.2801792,1.0255487,0.36166374,-0.11756509,5.3199543,15.88826
0.69694043,-0.081393137,1.26016,1.0430274,0.36561834,-0.11447867,5.0233902,15.988858
0.69852239,-0.079632767,1.2398197,1.0601225,0.36942222,-0.11137152,4.7248314,16.083866
0.70006796,-0.077853499,1.2191657,1.076828,0.37307492,-0.10824489,4.4243831,16.173246
0.70157679,-0.076056143,1.1982054,1.0931385,0.37657602,-0.10510001,4.1221513,16.256963
0.70304853,-0.074241518,1.1769465,1.1090483,0.37992516,-0.10193811,3.8182428,16.334983
0.70448289,-0.072410453,1.1553964,1.1245521,0.38312204,-0.09876044,3.512765,16.407273
0.70587955,-0.070563778,1.133563,1.1396446,0.38616642,-0.095568228,3.205826,16.473805
0.70723826,-0.068702334,1.1114542,1.1543207,0.38905812,-0.092362707,2.8975343,16.53455
0.70855875,-0.066826964,1.0890777,1.1685756,0.39179701,-0.089145108,2.5879994,16.589482
0.7098408,-0.064938518,1.0664417,1.1824043,0.39438302,-0.085916659,2.2773308,16.638578
0.71108418,-0.06303785,1.0435542,1.1958024,0.39681614,-0.082678584,1.9656388,16.681817
0.71228872,-0.061125816,1.0204234,1.2087652,0.39909641,-0.079432103,1.6530342,16.719178
0.71345424,-0.059203278,0.99705746,1.2212884,0.40122393,-0.076178434,1.3396279,16.750645
0.71458059,-0.057271098,0.97346481,1.2333679,0.40319885,-0.072918787,1.0255314,16.776203
0.71566764,-0.055330142,0.94965381,1.2449996,0.40502139,-0.069654371,0.71085648,16.795837
0.71671528,-0.053381276,0.92563292,1.2561797,0.40669181,-0.066386386,0.39571517,16.809538
0.71772343,-0.051425367,0.90141065,1.2669045,0.40821043,-0.063116028,0.080219758,16.817295
0.71869201,-0.049463285,0.87699562,1.2771704,0.40957762,-0.059844487,-0.23551726,16.819103
0.71962099,-0.047495895,0.85239645,1.286974,0.4107938,-0.056572945,-0.55138324,16.814956
0.72051034,-0.045524064,0.82762187,1.296312,0.41185947,-0.053302579,-0.86726541,16.804853
0.72136005,-0.04354866,0.80268063,1.3051816,0.41277515,-0.050034556,-1.1830509,16.788792
0.72217015,-0.041570543,0.77758155,1.3135796,0.41354141,-0.046770036,-1.4986269,16.766776
0.72294066,-0.039590577,0.75233348,1.3215035,0.41415891,-0.043510172,-1.8138803,16.738807
0.72367164,-0.037609618,0.72694534,1.3289506,0.41462833,-0.040256107,-2.1286985,16.704893
0.72436318,-0.035628521,0.70142608,1.3359184,0.41495039,-0.037008976,-2.4429687,16.665042
0.72501536,-0.033648136,0.67578468,1.3424049,0.4151259,-0.033769903,-2.7565781,16.619263
0.72562831,-0.03166931,0.65003016,1.3484079,0.41515568,-0.030540004,-3.0694144,16.567569
0.72620217,-0.029692883,0.6241716,1.3539254,0.41504062,-0.027320383,-3.3813651,16.509975
0.72673708,-0.027719689,0.59821807,1.3589558,0.41478165,-0.024112136,-3.6923184,16.446497
0.72723323,-0.025750557,0.57217869,1.3634975,0.41437975,-0.020916346,-4.0021625,16.377154
0.72769081,-0.02378631,0.54606261,1.367549,0.41383594,-0.017734085,-4.310786,16.301967
0.72811003,-0.021827762,0.51987898,1.3711092,0.41315131,-0.014566416,-4.6180777,16.220959
0.72849113,-0.019875721,0.49363698,1.3741769,0.41232696,-0.011414386,-4.9239272,16.134155
0.72883435,-0.017930987,0.46734581,1.3767513,0.41136407,-0.0082790337,-5.2282241,16.041582
0.72913997,-0.015994349,0.44101468,1.3788317,0.41026382,-0.0051613828,-5.5308589,15.94327
0.72940826,-0.014066589,0.41465281,1.3804174,0.40902748,-0.0020624453,-5.8317223,15.839249
0.72963954,-0.012148481,0.3882694,1.3815081,0.40765634,0.00101678,-6.1307056,15.729554
0.72983413,-0.010240786,0.3618737,1.3821037,0.40615173,0.004075308,-6.4277011,15.614219
0.72999235,-0.0083442567,0.33547493,1.3822039,0.40451502,0.007112167,-6.7226012,15.493283
0.73011457,-0.0064596346,0.3090823,1.381809,0.40274762,0.010126399,-7.0152993,15.366785
0.73020115,-0.0045876504,0.28270504,1.3809192,0.400851,0.013117062,-7.3056895,15.234766
0.73025248,-0.0027290232,0.25635236,1.379535,0.39882665,0.016083225,-7.5936666,15.09727
0.73026896,-0.00088446042,0.23003344,1.3776571,0.39667609,0.019023976,-7.8791263,14.954343
0.730251,0.00094534258,0.20375747,1.3752862,0.39440089,0.021938414,-8.1619649,14.806031
0.73019903,0.002759703,0.17753361,1.3724232,0.39200266,0.024825657,-8.44208,14.652386
0.73011351,0.0045579507,0.15137101,1.3690694,0.38948304,0.027684836,-8.7193696,14.493457
0.72999487,0.0063394286,0.12527877,1.3652259,0.38684369,0.030515098,-8.9937332,14.329299
0.72984361,0.0081034931,0.099265999,1.3608944,0.38408633,0.033315607,-9.2650707,14.159966
0.72966019,0.0098495141,0.073341743,1.3560764,0.3812127,0.036085543,-9.5332836,13.985517
0.72944512,0.011576875,0.047515033,1.3507736,0.37822457,0.038824101,-9.7982741,13.806009
0.7291989,0.013284975,0.02179486,1.3449882,0.37512373,0.041530494,-10.059946,13.621504
0.72892205,0.014973226,-0.003809823,1.3387221,0.37191204,0.044203952,-10.318203,13.432064
0.72861511,0.016641054,-0.029290107,1.3319778,0.36859134,0.046843722,-10.572951,13.237755
0.72827862,0.018287901,-0.054637127,1.3247576,0.36516353,0.049449066,-10.824097,13.038641
0.72791312,0.019913225,-0.079842065,1.3170641,0.36163053,0.052019265,-11.07155,12.834793
0.72751918,0.021516497,-0.10489615,1.3089003,0.35799428,0.054553619,-11.315219,12.626278
0.72709737,0.023097205,-0.12979068,1.3002689,0.35425676,0.057051442,-11.555013,12.413169
0.72664827,0.02465485,-0.15451699,1.291173,0.35041996,0.05951207,-11.790847,12.195538
0.72617246,0.026188952,-0.17906647,1.281616,0.3464859,0.061934853,-12.022632,11.973462
0.72567055,0.027699045,-0.20343061,1.2716013,0.34245663,0.064319162,-12.250285,11.747016
0.72514314,0.029184678,-0.22760091,1.2611324,0.33833421,0.066664385,-12.47372,11.516278
0.72459084,0.030645418,-0.25156899,1.250213,0.33412072,0.068969928,-12.692856,11.281328
0.72401427,0.032080846,-0.27532651,1.238847,0.32981828,0.071235216,-12.907612,11.042247
0.72341405,0.03349056,-0.2988652,1.2270385,0.32542901,0.073459692,-13.117909,10.799118
0.7227908,0.034874175,-0.32217689,1.2147916,0.32095506,0.075642818,-13.323669,10.552026
0.72214518,0.03623132,-0.34525346,1.2021107,0.31639859,0.077784075,-13.524817,10.301056
0.72147781,0.037561641,-0.3680869,1.1890002,0.31176177,0.079882963,-13.721277,10.046294
0.72078933,0.038864802,-0.39066925,1.1754648,0.30704681,0.081938999,-13.912976,9.7878311
0.72008041,0.040140482,-0.41299267,1.1615092,0.3022559,0.083951721,-14.099845,9.5257555
0.71935168,0.041388374,-0.4350494,1.1471384,0.29739128,0.085920684,-14.281812,9.260159
0.71860381,0.042608191,-0.45683175,1.1323574,0.29245519,0.087845465,-14.458811,8.9911342
0.71783746,0.043799658,-0.47833215,1.1171713,0.28744986,0.089725657,-14.630775,8.718775
0.71705327,0.044962521,-0.49954312,1.1015856,0.28237756,0.091560874,-14.79764,8.4431765
0.71625192,0.046096537,-0.52045727,1.0856058,0.27724056,0.093350748,-14.959345,8.1644351
0.71543407,0.047201482,-0.54106733,1.0692373,0.27204113,0.095094931,-15.115827,7.8826484
0.71460038,0.048277147,-0.56136611,1.052486,0.26678157,0.096793093,-15.267028,7.5979149
0.71375152,0.049323338,-0.58134654,1.0353577,0.26146417,0.098444924,-15.412892,7.3103346
0.71288815,0.050339879,-0.60100167,1.0178585,0.25609122,0.10005013,-15.553363,7.0200082
0.71201094,0.051326606,-0.62032464,0.99999438,0.25066504,0.10160845,-15.688389,6.7270377
0.71112055,0.052283374,-0.63930872,0.9817717,0.24518793,0.10311962,-15.817917,6.431526
0.71021765,0.05321005,-0.65794728,0.96319682,0.23966222,0.10458341,-15.9419,6.133577
0.7093029,0.054106518,-0.67623383,0.94427623,0.23409021,0.1059996,-16.060289,5.8332954
0.70837696,0.054972678,-0.69416198,0.92501656,0.22847423,0.107368,-16.173039,5.530787
0.7074405,0.055808441,-0.71172548,0.90542453,0.22281659,0.10868844,-16.280107,5.2261583
0.70649416,0.056613737,-0.72891818,0.88550701,0.21711962,0.10996075,-16.381452,4.9195167
0.70553861,0.057388508,-0.74573409,0.86527094,0.21138564,0.11118479,-16.477034,4.6109703
0.70457449,0.058132711,-0.76216731,0.84472342,0.20561696,0.11236045,-16.566816,4.300628
0.70360245,0.058846317,-0.77821212,0.82387162,0.1998159,0.11348762,-16.650763,3.9885994
0.70262315,0.05952931,-0.79386288,0.80272283,0.19398478,0.11456623,-16.728842,3.6749947
0.70163721,0.060181689,-0.80911412,0.78128444,0.1881259,0.1155962,-16.801023,3.3599248
0.70064529,0.060803466,-0.8239605,0.75956394,0.18224156,0.11657749,-16.867275,3.0435012
0.699648,0.061394667,-0.83839681,0.73756893,0.17633407,0.11751007,-16.927573,2.7258358
0.69864599,0.061955329,-0.85241799,0.71530709,0.17040571,0.11839393,-16.981891,2.4070412
0.69763986,0.062485504,-0.86601912,0.6927862,0.16445876,0.11922909,-17.030208,2.0872302
0.69663025,0.062985256,-0.87919542,0.67001414,0.15849551,0.12001556,-17.072502,1.7665164
0.69561776,0.063454661,-0.89194225,0.64699886,0.15251821,0.12075339,-17.108756,1.4450134
0.69460301,0.063893807,-0.90425514,0.62374841,0.14652913,0.12144265,-17.138953,1.1228354
0.69358659,0.064302795,-0.91612974,0.60027092,0.1405305,0.12208341,-17.163081,0.80009668
0.69256909,0.064681736,-0.92756188,0.5765746,0.13452457,0.12267577,-17.181126,0.47691202
0.69155112,0.065030753,-0.93854751,0.55266772,0.12851355,0.12321985,-17.193079,0.15339626
0.69053324,0.065349982,-0.94908276,0.52855866,0.12249965,0.12371577,-17.198934,-0.17033555
0.68951605,0.065639567,-0.95916391,0.50425585,0.11648506,0.12416368,-17.198684,-0.4941682
0.6885001,0.065899665,-0.96878738,0.47976778,0.11047198,0.12456376,-17.192327,-0.81798642
0.68748595,0.066130443,-0.97794976,0.45510303,0.10446255,0.12491617,-17.179862,-1.1416749
0.68647418,0.066332076,-0.98664781,0.43027022,0.098458932,0.12522112,-17.161291,-1.4651182
0.68546532,0.066504751,-0.99487842,0.40527806,0.092463256,0.12547883,-17.136616,-1.788201
0.68445991,0.066648666,-1.0026387,0.38013528,0.086477637,0.12568952,-17.105844,-2.1108082
0.68345848,0.066764025,-1.0099258,0.3548507,0.080504172,0.12585343,-17.068983,-2.4328246
0.68246157,0.066851043,-1.0167372,0.32943317,0.074544939,0.12597084,-17.026043,-2.7541351
0.68146969,0.066909944,-1.0230704,0.30389159,0.068601997,0.12604202,-16.977036,-3.0746251
0.68048334,0.066940961,-1.0289232,0.27823491,0.062677383,0.12606725,-16.921977,-3.3941799
0.67950304,0.066944333,-1.0342933,0.25247214,0.056773117,0.12604686,-16.860882,-3.7126853
0.67852927,0.066920311,-1.039179,0.2266123,0.050891195,0.12598115,-16.793771,-4.0300274
0.67756252,0.06686915,-1.0435784,0.20066446,0.045033592,0.12587048,-16.720663,-4.3460926
0.67660326,0.066791116,-1.04749,0.17463772,0.03920226,0.12571518,-16.641584,-4.6607677
0.67565197,0.066686479,-1.0509122,0.14854122,0.033399128,0.12551562,-16.556557,-4.9739399
0.6747091,0.06655552,-1.0538438,0.12238412,0.027626103,0.12527219,-16.46561,-5.285497
0.67377511,0.066398522,-1.0562837,0.096175605,0.021885065,0.12498528,-16.368773,-5.5953273
0.67285044,0.06621578,-1.058231,0.069924878,0.016177871,0.12465528,-16.266078,-5.9033196
0.67193552,0.066007592,-1.059685,0.043641165,0.010506352,0.12428263,-16.157559,-6.2093634
0.67103077,0.065774263,-1.060645,0.017333704,0.0048723145,0.12386776,-16.043251,-6.5133487
0.67013663,0.065516104,-1.0611106,-0.0089882562,-0.00072246351,0.1234111,-15.923192,-6.8151663
0.66925349,0.065233431,-1.0610817,-0.035315456,-0.0062762294,0.12291312,-15.797423,-7.1147077
0.66838175,0.064926567,-1.0605581,-0.061638633,-0.011787258,0.12237429,-15.665987,-7.4118653
0.66752181,0.064595839,-1.0595399,-0.08794852,-0.017253853,0.12179508,-15.528926,-7.7065319
0.66667405,0.064241579,-1.0580275,-0.11423586,-0.022674345,0.121176,-15.386288,-7.9986016
0.66583884,0.063864124,-1.0560212,-0.14049138,-0.028047093,0.12051754,-15.238121,-8.2879691
0.66501654,0.063463817,-1.0535218,-0.16670584,-0.033370487,0.11982023,-15.084475,-8.5745302
0.66420751,0.063041003,-1.0505299,-0.19286999,-0.038642945,0.11908458,-14.925402,-8.8581815
0.66341211,0.062596033,-1.0470466,-0.21897461,-0.043862915,0.11831114,-14.760957,-9.1388206
0.66263065,0.06212926,-1.0430731,-0.24501049,-0.049028876,0.11750045,-14.591196,-9.4163463
0.66186349,0.061641043,-1.0386106,-0.27096844,-0.054139337,0.11665307,-14.416177,-9.6906583
0.66111094,0.061131742,-1.0336606,-0.2968393,-0.059192839,0.11576957,-14.23596,-9.9616575
0.6603733,0.060601724,-1.0282248,-0.32261392,-0.064187952,0.11485052,-14.050607,-10.229246
0.65965089,0.060051356,-1.022305,-0.34828321,-0.069123281,0.11389651,-13.860183,-10.493327
0.658944,0.059481008,-1.0159033,-0.37383807,-0.073997461,0.11290813,-13.664751,-10.753804
0.65825291,0.058891054,-1.0090217,-0.39926949,-0.078809158,0.11188599,-13.464381,-11.010584
0.65757791,0.058281872,-1.0016626,-0.42456845,-0.083557075,0.1108307,-13.259142,-11.263573
0.65691927,0.057653839,-0.99382862,-0.44972601,-0.088239942,0.10974287,-13.049104,-11.51268
0.65627723,0.057007336,-0.98552233,-0.47473326,-0.092856527,0.10862314,-12.83434,-11.757813
0.65565207,0.056342746,-0.9767466,-0.49958133,-0.097405629,0.10747214,-12.614925,-11.998885
0.65504402,0.055660455,-0.96750443,-0.52426142,-0.10188608,0.10629051,-12.390935,-12.235808
0.65445332,0.054960849,-0.95779902,-0.54876479,-0.10629675,0.10507889,-12.162448,-12.468494
0.6538802,0.054244317,-0.94763369,-0.57308272,-0.11063653,0.10383795,-11.929544,-12.696861
0.65332487,0.053511248,-0.93701196,-0.59720661,-0.11490437,0.10256834,-11.692304,-12.920823
0.65278756,0.052762033,-0.92593748,-0.62112787,-0.11909923,0.10127074,-11.45081,-13.140301
0.65226846,0.051997064,-0.91441409,-0.64483802,-0.12322011,0.099945806,-11.205146,-13.355213
0.65176777,0.051216736,-0.90244578,-0.66832862,-0.12726606,0.098594227,-10.9554,-13.565481
0.65128567,0.050421441,-0.89003667,-0.69159133,-0.13123614,0.097216684,-10.701658,-13.771029
0.65082235,0.049611575,-0.87719109,-0.71461786,-0.13512946,0.095813864,-10.444008,-13.971781
0.65037799,0.048787533,-0.86391349,-0.73740002,-0.13894517,0.09438646,-10.182542,-14.167664
0.64995274,0.047949711,-0.85020848,-0.75992971,-0.14268244,0.092935168,-9.9173503,-14.358605
0.64954676,0.047098505,-0.83608083,-0.78219889,-0.14634049,0.09146069,-9.6485266,-14.544535
0.6491602,0.046234313,-0.82153546,-0.80419962,-0.14991856,0.089963728,-9.3761651,-14.725386
0.64879321,0.04535753,-0.80657742,-0.82592407,-0.15341594,0.08844499,-9.1003616,-14.901091
0.64844592,0.044468553,-0.79121195,-0.84736447,-0.15683194,0.086905187,-8.8212129,-15.071585
0.64811845,0.04356778,-0.77544439,-0.86851318,-0.16016592,0.085345032,-8.5388172,-15.236806
0.64781093,0.042655606,-0.75928025,-0.88936264,-0.16341727,0.083765239,-8.2532741,-15.396692
0.64752347,0.041732427,-0.74272519,-0.9099054,-0.1665854,0.082166527,-7.9646839,-15.551184
0.64725617,0.04079864,-0.72578498,-0.93013411,-0.16966978,0.080549615,-7.6731484,-15.700225
0.64700914,0.039854639,-0.70846557,-0.95004155,-0.1726699,0.078915224,-7.3787704,-15.843761
0.64678247,0.038900819,-0.690773,-0.96962057,-0.1755853,0.077264077,-7.0816538,-15.981736
0.64657623,0.037937573,-0.67271349,-0.98886418,-0.17841552,0.075596896,-6.7819034,-16.114101
0.64639052,0.036965297,-0.65429337,-1.0077655,-0.18116017,0.073914405,-6.479625,-16.240806
0.6462254,0.03598438,-0.63551909,-1.0263177,-0.18381889,0.072217329,-6.1749256,-16.361803
0.64608093,0.034995215,-0.61639724,-1.0445141,-0.18639135,0.070506392,-5.8679127,-16.477047
0.64595717,0.033998193,-0.59693455,-1.0623483,-0.18887723,0.068782319,-5.558695,-16.586494
0.64585418,0.032993702,-0.57713785,-1.0798138,-0.19127629,0.067045834,-5.2473819,-16.690104
0.645772,0.03198213,-0.55701411,-1.0969043,-0.19358829,0.065297659,-4.9340835,-16.787838
0.64571067,0.030963865,-0.5365704,-1.1136138,-0.19581304,0.063538518,-4.618911,-16.879657
0.64567021,0.029939291,-0.51581392,-1.1299361,-0.19795037,0.061769132,-4.3019758,-16.965527
0.64565067,0.028908794,-0.49475199,-1.1458654,-0.20000017,0.059990219,-3.9833904,-17.045416
0.64565205,0.027872755,-0.47339202,-1.1613959,-0.20196232,0.058202498,-3.6632678,-17.119292
0.64567437,0.026831556,-0.45174155,-1.1765222,-0.20383678,0.056406685,-3.3417215,-17.187127
0.64571763,0.025785576,-0.42980821,-1.1912386,-0.20562352,0.054603494,-3.0188657,-17.248894
0.64578185,0.024735193,-0.40759974,-1.2055399,-0.20732254,0.052793635,-2.6948149,-17.30457
0.64586701,0.023680784,-0.38512399,-1.2194209,-0.20893388,0.050977818,-2.3696844,-17.354131
0.6459731,0.022622723,-0.3623889,-1.2328766,-0.21045761,0.049156746,-2.0435897,-17.397558
0.64610011,0.021561382,-0.3394025,-1.2459022,-0.21189383,0.047331123,-1.7166466,-17.434833
0.64624802,0.020497132,-0.31617291,-1.2584929,-0.21324268,0.045501647,-1.3889714,-17.465941
0.6464168,0.019430342,-0.29270837,-1.270644,-0.21450433,0.043669012,-1.0606808,-17.490867
0.64660641,0.018361379,-0.26901716,-1.2823514,-0.21567896,0.04183391,-0.73189155,-17.509602
0.64681681,0.017290607,-0.24510769,-1.2936106,-0.21676681,0.039997026,-0.40272074,-17.522135
0.64704797,0.01621839,-0.22098841,-1.3044175,-0.21776814,0.038159044,-0.073285617,-17.528461
0.64729983,0.015145087,-0.19666787,-1.3147684,-0.21868323,0.036320641,0.25629645,-17.528574
0.64757233,0.014071056,-0.1721547,-1.3246593,-0.21951241,0.034482489,0.58590798,-17.522473
0.64786542,0.012996655,-0.14745759,-1.3340866,-0.22025603,0.032645256,0.91543145,-17.510157
0.64817902,0.011922235,-0.1225853,-1.3430469,-0.22091445,0.030809603,1.2447493,-17.491627
0.64851308,0.01084815,-0.097546659,-1.351537,-0.22148809,0.028976187,1.5737441,-17.46689
0.6488675,0.009774747,-0.072350556,-1.3595537,-0.22197739,0.02714566,1.9022983,-17.435951
0.64924222,0.0087023732,-0.047005942,-1.3670941,-0.2223828,0.025318665,2.2302947,-17.398818
0.64963713,0.0076313724,-0.021521821,-1.3741553,-0.22270482,0.023495842,2.557616,-17.355504
0.65005216,0.0065620861,0.0040927492,-1.3807349,-0.22294397,0.021677823,2.8841454,-17.30602
0.6504872,0.0054948531,0.02982866,-1.3868303,-0.22310079,0.019865233,3.2097661,-17.250383
0.65094214,0.0044300094,0.055676758,-1.3924392,-0.22317585,0.018058692,3.5343617,-17.18861
0.6514169,0.0033678885,0.081627845,-1.3975597,-0.22316976,0.016258811,3.8578161,-17.120721
0.65191134,0.0023088212,0.10767268,-1.4021898,-0.22308314,0.014466196,4.1800135,-17.046738
0.65242536,0.0012531352,0.133802,-1.4063277,-0.22291663,0.012681443,4.5008386,-16.966685
0.65295883,0.0002011558,0.1600065,-1.4099718,-0.22267092,0.010905144,4.8201766,-16.880588
0.65351163,-0.00084679499,0.18627683,-1.4131209,-0.2223467,0.0091378811,5.1379131,-16.788476
0.65408363,-0.0018903979,0.21260363,-1.4157737,-0.22194468,0.0073802283,5.4539342,-16.690381
0.65467468,-0.0029293366,0.23897752,-1.4179291,-0.22146563,0.0056327529,5.7681266,-16.586333
0.65528466,-0.003963298,0.2653891,-1.4195863,-0.22091031,0.0038960133,6.0803778,-16.476369
0.65591341,-0.004991972,0.29182894,-1.4207446,-0.2202795,0.0021705601,6.3905756,-16.360526
0.65656079,-0.0060150514,0.3182876,-1.4214035,-0.21957404,0.00045693518,6.6986089,-16.238843
0.65722664,-0.0070322325,0.34475565,-1.4215628,-0.21879474,-0.001244328,7.004367,-16.111361
0.6579108,-0.0080432147,0.37122363,-1.4212222,-0.21794247,-0.0029327048,7.3077401,-15.978123
0.65861312,-0.0090477007,0.3976821,-1.4203818,-0.2170181,-0.0046076794,7.6086194,-15.839175
0.65933342,-0.010045397,0.4241216,-1.4190418,-0.21602254,-0.0062687447,7.9068966,-15.694565
0.66007153,-0.011036012,0.45053268,-1.4172026,-0.2149567,-0.0079154029,8.2024647,-15.544343
0.66082728,-0.012019259,0.4769059,-1.4148648,-0.21382151,-0.0095471655,8.4952172,-15.388559
0.66160049,-0.012994854,0.50323184,-1.4120292,-0.21261794,-0.011163553,8.7850489,-15.227267
0.66239097,-0.013962518,0.52950108,-1.4086967,-0.21134695,-0.012764096,9.0718555,-15.060523
0.66319854,-0.014921974,0.55570423,-1.4048683,-0.21000953,-0.014348334,9.3555337,-14.888385
0.664023,-0.015872948,0.58183191,-1.4005455,-0.20860671,-0.015915816,9.6359814,-14.710912
0.66486415,-0.016815171,0.60787478,-1.3957296,-0.20713949,-0.017466101,9.9130976,-14.528165
0.66572181,-0.017748379,0.6338235,-1.3904223,-0.20560892,-0.018998758,10.186782,-14.340208
0.66659576,-0.018672309,0.6596688,-1.3846255,-0.20401606,-0.020513367,10.456937,-14.147106
0.66748579,-0.019586704,0.68540141,-1.3783411,-0.20236198,-0.022009515,10.723464,-13.948926
0.6683917,-0.020491309,0.71101212,-1.3715713,-0.20064777,-0.023486803,10.986267,-13.745736
0.66931326,-0.021385875,0.73649176,-1.3643185,-0.19887452,-0.024944838,11.245252,-13.537609
0.67025026,-0.022270155,0.76183119,-1.3565852,-0.19704335,-0.026383241,11.500325,-13.324615
0.67120248,-0.023143909,0.78702135,-1.3483741,-0.19515539,-0.027801641,11.751393,-13.10683
0.67216969,-0.024006897,0.81205318,-1.339688,-0.19321178,-0.029199678,11.998366,-12.88433
0.67315165,-0.024858886,0.83691773,-1.33053,-0.19121366,-0.030577003,12.241155,-12.657191
0.67414815,-0.025699648,0.86160607,-1.3209034,-0.1891622,-0.031933276,12.479671,-12.425494
0.67515893,-0.026528956,0.88610936,-1.3108115,-0.18705857,-0.03326817,12.713829,-12.189319
0.67618376,-0.02734659,0.91041879,-1.3002578,-0.18490396,-0.034581365,12.943543,-11.94875
0.67722239,-0.028152335,0.93452566,-1.2892461,-0.18269956,-0.035872555,13.168731,-11.70387
0.67827458,-0.028945977,0.9584213,-1.2777802,-0.18044657,-0.037141444,13.38931,-11.454766
0.67934007,-0.029727309,0.98209715,-1.2658642,-0.1781462,-0.038387744,13.605201,-11.201524
0.68041862,-0.030496129,1.0055447,-1.2535024,-0.17579968,-0.039611182,13.816324,-10.944233
0.68150997,-0.031252239,1.0287555,-1.240699,-0.17340823,-0.040811491,14.022605,-10.682984
0.68261385,-0.031995444,1.0517213,-1.2274587,-0.17097308,-0.04198842,14.223966,-10.417869
0.68373001,-0.032725556,1.0744338,-1.213786,-0.16849548,-0.043141723,14.420336,-10.148981
0.68485818,-0.033442391,1.0968849,-1.1996859,-0.16597667,-0.044271169,14.611643,-9.876414
0.68599809,-0.034145769,1.1190664,-1.1851633,-0.16341791,-0.045376537,14.797817,-9.6002643
0.68714948,-0.034835517,1.1409705,-1.1702235,-0.16082045,-0.046457616,14.978789,-9.3206291
0.68831206,-0.035511464,1.1625891,-1.1548716,-0.15818555,-0.047514206,15.154495,-9.0376068
0.68948556,-0.036173446,1.1839147,-1.1391132,-0.15551449,-0.048546117,15.324869,-8.7512972
0.6906697,-0.036821304,1.2049395,-1.1229539,-0.15280853,-0.049553171,15.489851,-8.4618013
0.69186421,-0.037454884,1.2256559,-1.1063993,-0.15006893,-0.0505352,15.649378,-8.169221
0.69306879,-0.038074035,1.2460566,-1.0894555,-0.14729699,-0.051492047,15.803393,-7.8736596
0.69428317,-0.038678614,1.2661341,-1.0721283,-0.14449397,-0.052423567,15.951839,-7.5752215
0.69550706,-0.039268483,1.2858812,-1.0544241,-0.14166115,-0.053329622,16.094662,-7.274012
0.69674016,-0.039843506,1.3052909,-1.036349,-0.13879982,-0.054210089,16.231809,-6.9701375
0.69798218,-0.040403557,1.3243562,-1.0179096,-0.13591124,-0.055064852,16.363229,-6.6637054
0.69923283,-0.040948512,1.3430702,-0.99911237,-0.13299671,-0.055893808,16.488875,-6.354824
0.70049182,-0.041478254,1.3614262,-0.97996404,-0.1300575,-0.056696863,16.608699,-6.0436026
0.70175885,-0.04199267,1.3794176,-0.96047144,-0.12709488,-0.057473934,16.722658,-5.7301512
0.70303361,-0.042491653,1.3970379,-0.94064153,-0.12411014,-0.058224949,16.830709,-5.4145808
0.70431582,-0.042975103,1.4142807,-0.92048137,-0.12110455,-0.058949845,16.932812,-5.0970031
0.70560515,-0.043442925,1.4311399,-0.89999816,-0.11807938,-0.059648571,17.028928,-4.7775305
0.70690133,-0.043895027,1.4476094,-0.87919921,-0.1150359,-0.060321085,17.119023,-4.4562762
0.70820402,-0.044331325,1.4636833,-0.85809195,-0.11197538,-0.060967355,17.203062,-4.133354
0.70951295,-0.044751741,1.4793557,-0.83668392,-0.10889907,-0.061587359,17.281013,-3.8088784
0.71082778,-0.045156202,1.4946211,-0.81498276,-0.10580824,-0.062181088,17.352847,-3.4829644
0.71214823,-0.04554464,1.509474,-0.79299622,-0.10270414,-0.062748538,17.418537,-3.1557277
0.71347397,-0.045916994,1.5239089,-0.77073217,-0.099588007,-0.063289718,17.478058,-2.8272842
0.71480471,-0.046273207,1.5379208,-0.74819855,-0.096461096,-0.063804647,17.531386,-2.4977507
0.71614012,-0.046613229,1.5515045,-0.72540343,-0.093324638,-0.064293352,17.578501,-2.167244
0.7174799,-0.046937016,1.5646552,-0.70235494,-0.090179862,-0.064755871,17.619385,-1.8358815
0.71882375,-0.04724453,1.5773681,-0.67906134,-0.087027992,-0.065192251,17.654022,-1.5037808
0.72017134,-0.047535738,1.5896387,-0.65553095,-0.083870241,-0.065602549,17.682396,-1.1710601
0.72152236,-0.047810612,1.6014625,-0.63177219,-0.080707819,-0.065986829,17.704498,-0.83783752
0.72287651,-0.048069133,1.6128353,-0.60779355,-0.077541923,-0.066345168,17.720316,-0.50423148
0.72423347,-0.048311283,1.623753,-0.58360361,-0.074373745,-0.066677649,17.729844,-0.17036064
0.72559294,-0.048537055,1.6342117,-0.55921103,-0.071204467,-0.066984365,17.733077,0.16365627
0.72695459,-0.048746445,1.6442075,-0.53462453,-0.068035261,-0.067265419,17.730011,0.49770042
0.72831812,-0.048939455,1.6537369,-0.50985291,-0.06486729,-0.067520921,17.720647,0.83165294
0.72968322,-0.049116094,1.6627965,-0.48490504,-0.061701707,-0.06775099,17.704985,1.165395
0.73104959,-0.049276375,1.671383,-0.45978984,-0.058539654,-0.067955756,17.683031,1.4988077
0.7324169,-0.049420319,1.6794933,-0.4345163,-0.055382264,-0.068135354,17.65479,1.8317724
0.73378485,-0.049547951,1.6871244,-0.40909347,-0.052230657,-0.068289929,17.62027,2.1641704
0.73515314,-0.049659303,1.6942737,-0.38353045,-0.049085942,-0.068419634,17.579483,2.4958833
0.73652146,-0.049754413,1.7009385,-0.35783639,-0.045949216,-0.068524631,17.532441,2.826793
0.7378895,-0.049833324,1.7071165,-0.33202048,-0.042821566,-0.068605088,17.479159,3.1567814
0.73925696,-0.049896084,1.7128054,-0.30609197,-0.039704063,-0.068661182,17.419655,3.4857309
0.74062354,-0.04994275,1.7180032,-0.28006014,-0.036597769,-0.068693099,17.353948,3.8135241
0.74198893,-0.049973381,1.722708,-0.25393432,-0.03350373,-0.06870103,17.282061,4.1400442
0.74335284,-0.049988044,1.7269181,-0.22772384,-0.03042298,-0.068685174,17.204016,4.4651746
0.74471498,-0.049986811,1.730632,-0.2014381,-0.027356541,-0.068645739,17.119842,4.7887993
0.74607503,-0.049969759,1.7338483,-0.17508651,-0.024305417,-0.068582938,17.029566,5.1108027
0.74743272,-0.049936971,1.736566,-0.1486785,-0.021270601,-0.068496993,16.933218,5.4310699
0.74878775,-0.049888537,1.7387839,-0.12222353,-0.018253072,-0.068388131,16.830832,5.7494865
0.75013983,-0.049824551,1.7405013,-0.095731066,-0.015253792,-0.068256587,16.722442,6.0659387
0.75148867,-0.049745112,1.7417177,-0.069210595,-0.01227371,-0.068102602,16.608087,6.3803134
0.75283399,-0.049650325,1.7424324,-0.042671613,-0.0093137583,-0.067926424,16.487804,6.6924983
0.7541755,-0.049540302,1.7426454,-0.016123619,-0.0063748551,-0.067728306,16.361636,7.0023817
0.75551294,-0.049415158,1.7423565,0.010423881,-0.0034579023,-0.067508508,16.229625,7.3098529
0.75684601,-0.049275015,1.7415657,0.036961386,-0.00056378622,-0.067267296,16.091819,7.6148017
0.75817446,-0.049119999,1.7402735,0.063479393,0.002306623,-0.067004941,15.948263,7.9171193
0.759498,-0.048950241,1.7384802,0.089968413,0.0051524715,-0.066721723,15.799009,8.2166972
0.76081637,-0.048765878,1.7361865,0.11641896,0.0079729218,-0.066417922,15.644108,8.5134283
0.7621293,-0.048567052,1.7333932,0.14282157,0.010767153,-0.066093827,15.483613,8.8072064
0.76343654,-0.04835391,1.7301013,0.1691668,0.013534361,-0.065749732,15.317582,9.0979262
0.76473783,-0.048126602,1.7263121,0.19544521,0.016273759,-0.065385936,15.14607,9.3854835
0.76603291,-0.047885286,1.7220267,0.22164739,0.018984577,-0.065002741,14.96914,9.6697753
0.76732154,-0.047630122,1.7172469,0.24776399,0.021666062,-0.064600456,14.786851,9.9506997
0.76860346,-0.047361277,1.7119742,0.27378564,0.024317479,-0.064179394,14.599268,10.228156
0.76987843,-0.047078919,1.7062107,0.29970303,0.02693811,-0.063739871,14.406456,10.502044
0.77114622,-0.046783225,1.6999583,0.32550691,0.029527256,-0.063282209,14.208484,10.772267
0.77240659,-0.046474373,1.6932194,0.35118802,0.032084234,-0.062806733,14.00542,11.038727
0.77365931,-0.046152546,1.6859962,0.3767372,0.03460838,-0.062313773,13.797335,11.301328
0.77490415,-0.045817933,1.6782915,0.4021453,0.037099049,-0.061803663,13.584303,11.559976
0.77614089,-0.045470725,1.670108,0.42740322,0.039555611,-0.061276738,13.366398,11.814578
0.77736932,-0.045111117,1.6614485,0.45250195,0.041977457,-0.060733338,13.143697,12.065044
0.77858921,-0.044739311,1.6523164,0.47743251,0.044363995,-0.060173809,12.916278,12.311281
0.77980036,-0.044355508,1.6427147,0.50218597,0.046714653,-0.059598496,12.684221,12.553203
0.78100257,-0.043959916,1.6326469,0.5267535,0.049028876,-0.059007748,12.447607,12.790722
0.78219564,-0.043552746,1.6221168,0.5511263,0.051306127,-0.058401919,12.206521,13.023753
0.78337936,-0.043134213,1.6111279,0.57529568,0.053545889,-0.057781363,11.961046,13.252211
0.78455356,-0.042704534,1.5996844,0.59925298,0.055747663,-0.057146438,11.71127,13.476015
0.78571804,-0.042263931,1.5877902,0.62298966,0.057910968,-0.056497505,11.45728,13.695083
0.78687263,-0.041812627,1.5754497,0.64649723,0.060035343,-0.055834924,11.199166,13.909338
0.78801715,-0.04135085,1.5626672,0.66976728,0.062120344,-0.055159061,10.93702,14.118701
0.78915143,-0.04087883,1.5494474,0.69279152,0.064165547,-0.054470281,10.670932,14.323097
0.7902753,-0.0403968,1.535795,0.71556171,0.066170546,-0.053768952,10.400998,14.522452
0.7913886,-0.039904996,1.521715,0.73806972,0.068134954,-0.053055443,10.127313,14.716694
0.79249119,-0.039403657,1.5072122,0.76030753,0.070058402,-0.052330126,9.8499739,14.905754
0.79358291,-0.038893023,1.492292,0.78226718,0.071940542,-0.051593371,9.5690778,15.089562
0.79466361,-0.038373337,1.4769597,0.80394084,0.07378104,-0.050845552,9.2847246,15.268053
0.79573316,-0.037844846,1.4612208,0.82532078,0.075579586,-0.050087043,8.9970147,15.441161
0.79679143,-0.037307797,1.4450809,0.84639937,0.077335885,-0.049318219,8.70605,15.608824
0.79783828,-0.036762439,1.4285458,0.86716908,0.079049662,-0.048539455,8.4119335,15.770981
0.79887359,-0.036209025,1.4116215,0.88762251,0.080720659,-0.047751126,8.1147691,15.927574
0.79989725,-0.035647806,1.3943139,0.90775237,0.082348637,-0.046953609,7.8146622,16.078544
0.80090915,-0.035079039,1.3766294,0.92755147,0.083933378,-0.046147281,7.5117191,16.223839
0.80190917,-0.03450298,1.3585741,0.94701275,0.085474677,-0.045332517,7.206047,16.363404
0.80289722,-0.033919886,1.3401547,0.96612929,0.086972352,-0.044509693,6.8977543,16.49719
0.80387321,-0.033330016,1.3213777,0.98489426,0.088426237,-0.043679187,6.5869503,16.625146
0.80483704,-0.032733631,1.3022498,1.003301,0.089836183,-0.042841373,6.2737451,16.747227
0.80578863,-0.032130992,1.2827779,1.0213429,0.091202062,-0.041996627,5.9582499,16.863388
0.80672791,-0.031522361,1.2629689,1.0390136,0.09252376,-0.041145323,5.6405764,16.973586
0.8076548,-0.030908,1.2428299,1.0563068,0.093801183,-0.040287834,5.3208376,17.077782
0.80856922,-0.030288174,1.2223682,1.0732162,0.095034255,-0.039424534,4.9991467,17.175936
0.80947114,-0.029663146,1.201591,1.089736,0.096222916,-0.038555793,4.675618,17.268013
0.81036047,-0.02903318,1.1805058,1.1058602,0.097367124,-0.037681982,4.3503664,17.353978
0.81123719,-0.028398541,1.1591202,1.1215831,0.098466853,-0.036803471,4.0235074,17.433801
0.81210124,-0.027759493,1.1374417,1.1368991,0.099522097,-0.035920625,3.695157,17.507451
0.81295258,-0.027116302,1.1154782,1.1518028,0.10053286,-0.035033812,3.365432,17.574901
0.81379118,-0.026469232,1.0932375,1.1662888,0.10149918,-0.034143396,3.0344494,17.636126
0.81461701,-0.025818546,1.0707275,1.180352,0.10242108,-0.033249738,2.7023269,17.691103
0.81543006,-0.02516451,1.0479563,1.1939874,0.10329864,-0.032353199,2.3691826,17.73981
0.81623029,-0.024507387,1.024932,1.2071901,0.10413192,-0.031454138,2.0351349,17.782231
0.81701771,-0.023847439,1.0016629,1.2199556,0.10492101,-0.030552909,1.7003027,17.818348
0.81779231,-0.023184928,0.97815735,1.2322792,0.10566603,-0.029649867,1.3648049,17.848147
0.81855408,-0.022520117,0.95442363,1.2441566,0.10636709,-0.028745362,1.028761,17.871617
0.81930303,-0.021853264,0.93047027,1.2555836,0.10702434,-0.027839744,0.69229049,17.888747
0.82003918,-0.021184631,0.90630583,1.266556,0.10763792,-0.026933358,0.35551317,17.899532
0.82076252,-0.020514474,0.88193894,1.2770701,0.10820801,-0.026026547,0.018548878,17.903965
0.8214731,-0.01984305,0.85737831,1.2871222,0.10873478,-0.025119651,-0.31848241,17.902045
0.82217093,-0.019170615,0.8326327,1.2967085,0.10921845,-0.024213007,-0.6554607,17.89377
0.82285604,-0.018497424,0.80771096,1.3058258,0.10965921,-0.02330695,-0.99226597,17.879142
0.82352848,-0.017823727,0.78262197,1.3144709,0.1100573,-0.02240181,-1.3287783,17.858166
0.82418827,-0.017149776,0.7573747,1.3226406,0.11041296,-0.021497914,-1.6648777,17.830847
0.82483547,-0.016475819,0.73197816,1.3303322,0.11072645,-0.020595586,-2.0004445,17.797195
0.82547013,-0.015802104,0.70644141,1.3375428,0.11099803,-0.019695148,-2.3353591,17.75722
0.82609231,-0.015128874,0.68077356,1.34427,0.11122798,-0.018796916,-2.6695022,17.710936
0.82670206,-0.014456373,0.65498377,1.3505113,0.1114166,-0.017901202,-3.0027545,17.658357
0.82729944,-0.013784841,0.62908124,1.3562646,0.11156421,-0.017008318,-3.3349973,17.599501
0.82788454,-0.013114517,0.60307522,1.3615279,0.11167111,-0.016118567,-3.6661122,17.534389
0.82845743,-0.012445635,0.57697497,1.3662993,0.11173765,-0.015232252,-3.9959809,17.463041
0.82901817,-0.011778429,0.55078981,1.3705771,0.11176417,-0.014349671,-4.3244859,17.385484
0.82956687,-0.01111313,0.52452906,1.3743599,0.11175104,-0.013471116,-4.6515098,17.301742
0.8301036,-0.010449965,0.4982021,1.3776463,0.1116986,-0.012596878,-4.9769361,17.211845
0.83062845,-0.0097891601,0.4718183,1.3804352,0.11160726,-0.01172724,-5.3006486,17.115824
0.83114153,-0.0091309372,0.44538708,1.3827256,0.11147741,-0.010862484,-5.6225318,17.013711
0.83164294,-0.0084755158,0.41891785,1.3845168,0.11130944,-0.010002887,-5.9424706,16.905543
0.83213277,-0.0078231123,0.39242003,1.3858081,0.11110377,-0.0091487187,-6.2603509,16.791356
0.83261114,-0.00717394,0.36590308,1.3865992,0.11086083,-0.0083002478,-6.5760591,16.67119
0.83307816,-0.0065282092,0.33937644,1.3868897,0.11058105,-0.0074577367,-6.8894825,16.545088
0.83353394,-0.0058861269,0.31284955,1.3866796,0.11026488,-0.0066214434,-7.2005091,16.413092
0.83397861,-0.0052478967,0.28633187,1.3859689,0.10991277,-0.005791621,-7.5090278,16.275249
0.83441229,-0.0046137191,0.25983283,1.3847581,0.10952519,-0.0049685182,-7.8149282,16.131607
0.83483511,-0.003983791,0.23336187,1.3830475,0.10910261,-0.0041523785,-8.1181011,15.982216
0.83524719,-0.0033583059,0.20692842,1.3808378,0.10864551,-0.0033434409,-8.4184381,15.827128
0.83564867,-0.0027374538,0.18054189,1.3781297,0.10815438,-0.0025419391,-8.7158317,15.666398
0.83603969,-0.0021214212,0.15421166,1.3749244,0.10762974,-0.0017481021,-9.0101757,15.500081
0.83642038,-0.0015103907,0.1279471,1.371223,0.10707207,-0.00096215371,-9.3013647,15.328237
0.8367909,-0.00090454148,0.10175757,1.3670267,0.1064819,-0.00018431284,-9.5892946,15.150924
0.83715138,-0.0003040489,0.075652376,1.3623372,0.10585975,0.00058520679,-9.8738623,14.968207
0.83750198,0.00029091547,0.049640807,1.3571562,0.10520615,0.0013461966,-10.154966,14.780148
0.83784284,0.00088018386,0.023732115,1.3514854,0.10452165,0.0020984532,-10.432505,14.586814
0.83817413,0.0014635924,-0.0020644849,1.345327,0.10380678,0.0028417782,-10.70638,14.388272
0.83849599,0.002040981,-0.02773982,1.3386832,0.10306209,0.0035759787,-10.976493,14.184593
0.8388086,0.0026121936,-0.05328476,1.3315564,0.10228814,0.004300867,-11.242747,13.975848
0.8391121,0.0031770781,-0.078690225,1.3239491,0.1014855,0.0050162604,-11.505047,13.76211
0.83940667,0.0037354864,-0.10394718,1.3158641,0.10065473,0.005721982,-11.763299,13.543456
0.83969247,0.0042872743,-0.12904666,1.3073043,0.099796413,0.0064178597,-12.01741,13.319961
0.83996967,0.0048323019,-0.15397973,1.2982728,0.09891112,0.0071037272,-12.267289,13.091705
0.84023845,0.005370433,-0.17873753,1.2887727,0.097999439,0.0077794231,-12.512846,12.858768
0.84049896,0.005901536,-0.20331128,1.2788076,0.097061958,0.0084447918,-12.753994,12.621233
0.84075139,0.0064254828,-0.22769223,1.2683809,0.09609927,0.0090996828,-12.990646,12.379182
0.84099591,0.00694215,-0.25187174,1.2574964,0.095111972,0.009743951,-13.222717,12.132702
0.84123271,0.007451418,-0.2758412,1.2461581,0.094100665,0.010377457,-13.450124,11.88188
0.84146195,0.0079531714,-0.29959212,1.2343699,0.093065954,0.011000066,-13.672785,11.626804
0.84168383,0.008447299,-0.32311605,1.2221361,0.092008446,0.01161165,-13.89062,11.367564
0.84189852,0.0089336938,-0.34640464,1.2094611,0.090928752,0.012212085,-14.103551,11.104252
0.8421062,0.0094122529,-0.36944962,1.1963494,0.089827485,0.012801253,-14.311501,10.83696
0.84230706,0.0098828777,-0.39224282,1.1828057,0.08870526,0.013379041,-14.514396,10.565785
0.84250129,0.010345474,-0.41477614,1.1688347,0.087562697,0.013945343,-14.712162,10.29082
0.84268907,0.01079995,-0.4370416,1.1544417,0.086400414,0.014500056,-14.904729,10.012164
0.84287059,0.011246222,-0.45903127,1.1396315,0.085219033,0.015043083,-15.092027,9.7299154
0.84304603,0.011684206,-0.48073737,1.1244096,0.084019177,0.015574335,-15.273989,9.4441737
0.84321559,0.012113824,-0.50215219,1.1087814,0.082801471,0.016093724,-15.45055,9.1550402
0.84337945,0.012535004,-0.52326814,1.0927524,0.081566539,0.01660117,-15.621645,8.8626172
0.8435378,0.012947676,-0.54407773,1.0763284,0.080315007,0.017096599,-15.787212,8.5670084
0.84369084,0.013351773,-0.56457357,1.0595152,0.079047501,0.01757994,-15.947194,8.2683184
0.84383875,0.013747235,-0.5847484,1.0423189,0.077764648,0.018051128,-16.10153,7.966653
0.84398173,0.014134005,-0.60459507,1.0247455,0.076467072,0.018510105,-16.250167,7.6621192
0.84411996,0.014512029,-0.62410653,1.0068014,0.075155402,0.018956816,-16.39305,7.3548248
0.84425364,0.014881259,-0.64327588,0.98849283,0.07383026,0.019391211,-16.530127,7.0448789
0.84438295,0.015241648,-0.66209631,0.96982643,0.072492273,0.019813249,-16.661349,6.7323911
0.84450809,0.015593156,-0.68056116,0.95080882,0.071142062,0.020222888,-16.786668,6.4174725
0.84462925,0.015935747,-0.69866388,0.93144679,0.069780252,0.020620097,-16.90604,6.1002346
0.84474661,0.016269385,-0.71639806,0.91174722,0.068407461,0.021004846,-17.01942,5.7807901
0.84486038,0.016594044,-0.73375741,0.89171712,0.067024309,0.021377112,-17.126768,5.4592521
0.84497073,0.016909696,-0.75073579,0.87136364,0.065631413,0.021736877,-17.228044,5.1357349
0.84507785,0.017216321,-0.76732718,0.85069402,0.064229387,0.022084126,-17.323212,4.8103531
0.84518194,0.017513901,-0.78352571,0.82971561,0.062818844,0.022418851,-17.412237,4.4832224
0.84528318,0.017802421,-0.79932563,0.80843589,0.061400393,0.022741048,-17.495086,4.1544589
0.84538176,0.018081872,-0.81472136,0.78686242,0.059974642,0.023050718,-17.57173,3.8241791
0.84547787,0.018352248,-0.82970744,0.76500288,0.058542194,0.023347867,-17.64214,3.4925006
0.84557169,0.018613545,-0.84427857,0.74286505,0.05710365,0.023632506,-17.70629,3.1595409
0.84566339,0.018865764,-0.85842958,0.72045681,0.055659606,0.023904649,-17.764157,2.8254185
0.84575318,0.01910891,-0.87215548,0.69778611,0.054210657,0.024164316,-17.815719,2.490252
0.84584123,0.019342991,-0.8854514,0.67486104,0.052757393,0.024411532,-17.860957,2.1541604
0.84592772,0.019568019,-0.89831265,0.65168973,0.051300397,0.024646325,-17.899855,1.8172632
0.84601283,0.019784007,-0.91073466,0.62828044,0.049840253,0.024868728,-17.932396,1.4796802
0.84609674,0.019990975,-0.92271305,0.60464147,0.048377537,0.02507878,-17.95857,1.1415312
0.84617962,0.020188944,-0.93424358,0.58078124,0.046912821,0.025276523,-17.978366,0.8029366
0.84626166,0.02037794,-0.94532217,0.55670823,0.045446674,0.025462002,-17.991777,0.46401666
0.84634303,0.020557991,-0.95594491,0.532431,0.043979657,0.025635269,-17.998796,0.1248919
0.8464239,0.020729128,-0.96610804,0.50795816,0.042512328,0.025796377,-17.99942,-0.21431707
0.84650444,0.020891386,-0.97580796,0.48329843,0.04104524,0.025945387,-17.993649,-0.55348962
0.84658482,0.021044803,-0.98504126,0.45846056,0.039578939,0.02608236,-17.981483,-0.89250511
0.84666521,0.02118942,-0.99380467,0.43345337,0.038113966,0.026207365,-17.962927,-1.2312429
0.84674578,0.021325281,-1.0020951,0.40828576,0.036650858,0.026320471,-17.937985,-1.5695826
0.84682669,0.021452433,-1.0099096,0.38296666,0.035190143,0.026421753,-17.906667,-1.9074037
0.8469081,0.021570926,-1.0172454,0.35750508,0.033732344,0.026511289,-17.868983,-2.244586
0.84699018,0.021680812,-1.0241,0.33191004,0.03227798,0.026589163,-17.824944,-2.5810096
0.84707309,0.021782146,-1.0304709,0.30619065,0.030827561,0.02665546,-17.774567,-2.9165546
0.84715698,0.021874988,-1.0363559,0.28035604,0.02938159,0.026710269,-17.717868,-3.2511017
0.847242,0.021959399,-1.0417529,0.25441539,0.027940567,0.026753682,-17.654866,-3.5845317
0.84732832,0.022035441,-1.0466599,0.2283779,0.026504981,0.026785798,-17.585585,-3.9167259
0.84741607,0.022103181,-1.0510754,0.20225282,0.025075317,0.026806715,-17.510046,-4.247566
0.84750542,0.022162688,-1.0549976,0.17604943,0.023652052,0.026816536,-17.428277,-4.5769343
0.84759651,0.022214033,-1.0584253,0.14977704,0.022235656,0.026815367,-17.340306,-4.9047133
0.84768948,0.022257289,-1.0613573,0.12344497,0.020826592,0.026803319,-17.246164,-5.2307863
0.84778448,0.022292533,-1.0637924,0.09706257,0.019425314,0.026780504,-17.145883,-5.5550372
0.84788164,0.022319843,-1.0657299,0.070639206,0.01803227,0.026747037,-17.039498,-5.8773504
0.8479811,0.022339299,-1.0671691,0.04418426,0.016647902,0.026703036,-16.927047,-6.1976111
0.84808301,0.022350985,-1.0681095,0.017707122,0.015272641,0.026648624,-16.808568,-6.5157052
0.84818749,0.022354984,-1.0685507,-0.0087828094,0.013906913,0.026583924,-16.684104,-6.8315192
0.84829468,0.022351385,-1.0684927,-0.035276131,0.012551134,0.026509063,-16.553698,-7.1449406
0.8484047,0.022340275,-1.0679354,-0.061763438,0.011205714,0.02642417,-16.417396,-7.4558577
0.84851768,0.022321746,-1.0668791,-0.088235331,0.0098710527,0.026329379,-16.275245,-7.7641595
0.84863375,0.022295891,-1.0653241,-0.11468241,0.0085475445,0.026224822,-16.127296,-8.0697363
0.84875302,0.022262804,-1.063271,-0.1410953,0.0072355737,0.026110638,-15.973601,-8.3724789
0.84887562,0.022222582,-1.0607206,-0.16746461,0.005935517,0.025986964,-15.814213,-8.6722795
0.84900166,0.022175323,-1.0576737,-0.193781,0.0046477425,0.025853944,-15.649189,-8.9690311
0.84913125,0.022121126,-1.0541315,-0.22003512,0.0033726103,0.02571172,-15.478587,-9.2626277
0.84926452,0.022060094,-1.0500952,-0.24621765,0.0021104718,0.025560439,-15.302466,-9.5529648
0.84940156,0.021992328,-1.0455663,-0.27231931,0.00086167,0.025400247,-15.12089,-9.8399386
0.84954249,0.021917935,-1.0405463,-0.29833083,-0.00037346057,0.025231296,-14.933922,-10.123447
0.84968741,0.021837018,-1.0350371,-0.32424297,-0.001594594,0.025053736,-14.741629,-10.403388
0.84983641,0.021749687,-1.0290406,-0.35004656,-0.002801413,0.024867721,-14.544077,-10.679663
0.84998961,0.021656049,-1.022559,-0.37573242,-0.003993609,0.024673406,-14.341337,-10.952172
0.85014709,0.021556215,-1.0155946,-0.40129145,-0.0051708819,0.024470947,-14.13348,-11.220818
0.85030895,0.021450295,-1.0081498,-0.42671458,-0.0063329406,0.024260504,-13.92058,-11.485506
0.85047528,0.021338401,-1.0002273,-0.45199278,-0.0074795026,0.024042235,-13.702713,-11.74614
0.85064617,0.021220648,-0.99182992,-0.47711709,-0.0086102942,0.023816302,-13.479954,-12.002628
0.85082171,0.02109715,-0.98296065,-0.50207859,-0.0097250506,0.023582868,-13.252383,-12.254879
0.85100197,0.020968022,-0.97362263,-0.52686842,-0.010823516,0.023342095,-13.020081,-12.502801
0.85118705,0.02083338,-0.96381919,-0.5514778,-0.011905442,0.02309415,-12.783129,-12.746306
0.85137701,0.020693342,-0.95355381,-0.57589798,-0.012970591,0.022839197,-12.541612,-12.985308
0.85157194,0.020548025,-0.94283013,-0.6001203,-0.014018734,0.022577404,-12.295614,-13.219721
0.8517719,0.020397549,-0.93165197,-0.62413616,-0.015049649,0.022308939,-12.045224,-13.449461
0.85197697,0.020242034,-0.9200233,-0.64793706,-0.016063125,0.022033971,-11.790529,-13.674445
0.85218722,0.020081599,-0.90794824,-0.67151453,-0.017058958,0.021752669,-11.53162,-13.894594
0.8524027,0.019916365,-0.89543109,-0.69486022,-0.018036955,0.021465204,-11.268589,-14.109828
0.85262349,0.019746454,-0.88247629,-0.71796584,-0.01899693,0.021171746,-11.001528,-14.320072
0.85284965,0.019571988,-0.86908844,-0.7408232,-0.019938705,0.020872467,-10.730533,-14.525248
0.85308122,0.019393089,-0.8552723,-0.76342417,-0.020862115,0.020567539,-10.4557,-14.725284
0.85331827,0.01920988,-0.84103277,-0.78576075,-0.021766998,0.020257135,-10.177125,-14.920109
0.85356085,0.019022484,-0.82637491,-0.807825,-0.022653206,0.019941427,-9.8949087,-15.109652
0.853809,0.018831025,-0.81130391,-0.8296091,-0.023520596,0.019620588,-9.6091498,-15.293846
0.85406278,0.018635627,-0.79582514,-0.85110531,-0.024369035,0.019294792,-9.31995,-15.472624
0.85432223,0.018436414,-0.77994408,-0.87230601,-0.025198399,0.018964212,-9.0274119,-15.645923
0.85458739,0.018233509,-0.76366638,-0.89320368,-0.026008572,0.018629022,-8.7316394,-15.81368
0.8548583,0.018027037,-0.74699781,-0.9137909,-0.026799446,0.018289394,-8.4327374,-15.975835
0.855135,0.017817123,-0.72994428,-0.93406035,-0.027570924,0.017945503,-8.130812,-16.132331
0.85541753,0.017603891,-0.71251185,-0.95400486,-0.028322915,0.017597522,-7.8259702,-16.28311
0.8557059,0.017387465,-0.69470671,-0.97361734,-0.029055337,0.017245624,-7.5183203,-16.428119
0.85600017,0.017167971,-0.67653518,-0.99289082,-0.029768117,0.016889981,-7.2079716,-16.567305
0.85630034,0.016945531,-0.6580037,-1.0118185,-0.030461189,0.016530767,-6.8950342,-16.70062
0.85660645,0.01672027,-0.63911886,-1.0303936,-0.031134496,0.016168153,-6.5796192,-16.828013
0.85691852,0.016492313,-0.61988735,-1.0486095,-0.031787991,0.015802311,-6.2618387,-16.949441
0.85723657,0.016261782,-0.600316,-1.0664599,-0.032421631,0.015433412,-5.9418055,-17.064859
0.85756061,0.016028802,-0.58041175,-1.0839383,-0.033035385,0.015061627,-5.6196332,-17.174225
0.85789067,0.015793495,-0.56018168,-1.1010386,-0.033629228,0.014687125,-5.2954364,-17.277501
0.85822675,0.015555984,-0.53963295,-1.1177546,-0.034203144,0.014310076,-4.9693302,-17.374648
0.85856886,0.015316391,-0.51877287,-1.1340805,-0.034757123,0.013930648,-4.6414305,-17.465632
0.85891702,0.015074839,-0.49760882,-1.1500104,-0.035291165,0.013549009,-4.3118537,-17.55042
0.85927123,0.014831449,-0.47614833,-1.1655387,-0.035805275,0.013165325,-3.9807171,-17.628981
0.85963149,0.014586341,-0.45439902,-1.1806599,-0.03629947,0.012779763,-3.6481382,-17.701287
0.8599978,0.014339637,-0.43236858,-1.1953686,-0.036773769,0.012392486,-3.3142354,-17.767312
0.86037016,0.014091455,-0.41006486,-1.2096596,-0.037228203,0.01200366,-2.9791272,-17.827031
0.86074858,0.013841916,-0.38749576,-1.2235278,-0.037662807,0.011613446,-2.6429329,-17.880422
0.86113304,0.013591137,-0.36466929,-1.2369683,-0.038077626,0.011222006,-2.3057719,-17.927467
0.86152354,0.013339236,-0.34159355,-1.2499763,-0.038472711,0.010829501,-1.9677642,-17.968148
0.86192006,0.01308633,-0.31827674,-1.2625472,-0.038848119,0.010436088,-1.6290299,-18.00245
0.8623226,0.012832537,-0.29472712,-1.2746765,-0.039203916,0.010041927,-1.2896895,-18.03036
0.86273115,0.01257797,-0.27095305,-1.2863599,-0.039540174,0.0096471736,-0.94986362,-18.051868
0.86314568,0.012322745,-0.24696298,-1.2975932,-0.039856971,0.0092519825,-0.60967322,-18.066966
0.86356618,0.012066976,-0.22276541,-1.3083726,-0.040154392,0.0088565074,-0.26923927,-18.075647
0.86399262,0.011810775,-0.19836894,-1.3186941,-0.04043253,0.0084609004,0.071317124,-18.077909
0.864425,0.011554254,-0.17378222,-1.328554,-0.040691483,0.008065312,0.41187481,-18.073749
0.86486328,0.011297525,-0.14901398,-1.337949,-0.040931355,0.0076698911,0.75231263,-18.063169
0.86530743,0.011040697,-0.12407301,-1.3468755,-0.041152259,0.0072747851,1.0925094,-18.046173
0.86575744,0.010783879,-0.09896816,-1.3553305,-0.04135431,0.0068801396,1.4323442,-18.022765
0.86621327,0.010527179,-0.073708348,-1.363311,-0.041537632,0.0064860985,1.7716959,-17.992953
0.86667488,0.010270704,-0.048302535,-1.370814,-0.041702354,0.006092804,2.1104439,-17.956748
0.86714226,0.010014561,-0.022759741,-1.377837,-0.041848612,0.0057003967,2.4484676,-17.914161
0.86761535,0.0097588518,0.0029109682,-1.3843774,-0.041976546,0.005309015,2.7856466,-17.865209
0.86809413,0.0095036818,0.02870048,-1.390433,-0.042086302,0.0049187957,3.1218609,-17.809906
0.86857856,0.0092491527,0.054599639,-1.3960015,-0.042178031,0.0045298737,3.4569909,-17.748274
0.86906859,0.0089953655,0.080599251,-1.4010809,-0.042251892,0.004142382,3.7909171,-17.680332
0.86956419,0.0087424201,0.10669009,-1.4056695,-0.042308047,0.0037564515,4.1235208,-17.606106
0.87006531,0.0084904149,0.13286288,-1.4097657,-0.042346662,0.0033722112,4.4546835,-17.52562
0.87057191,0.0082394472,0.15910835,-1.4133679,-0.042367911,0.0029897882,4.7842873,-17.438902
0.87108393,0.007989613,0.18541717,-1.4164749,-0.04237197,0.0026093073,5.1122148,-17.345984
0.87160134,0.0077410068,0.21177999,-1.4190855,-0.042359022,0.0022308916,5.4383492,-17.246898
0.87212408,0.0074937218,0.23818747,-1.4211989,-0.042329254,0.0018546617,5.7625743,-17.141679
0.87265211,0.00724785,0.26463022,-1.4228142,-0.042282857,0.0014807363,6.0847747,-17.030363
0.87318536,0.0070034819,0.29109886,-1.423931,-0.042220027,0.0011092319,6.4048356,-16.91299
0.87372379,0.0067607066,0.31758398,-1.4245487,-0.042140963,0.00074026287,6.7226429,-16.789601
0.87426734,0.0065196116,0.34407618,-1.4246672,-0.042045869,0.00037394136,7.0380835,-16.660239
0.87481595,0.0062802832,0.37056606,-1.4242864,-0.041934955,1.0377274e-05,7.351045,-16.52495
0.87536957,0.0060428062,0.3970442,-1.4234065,-0.041808431,-0.00035032168,7.6614157,-16.383782
0.87592813,0.0058072638,0.42350121,-1.4220276,-0.041666514,-0.00070805005,7.9690853,-16.236785
0.87649158,0.0055737377,0.44992768,-1.4201505,-0.041509423,-0.0010627047,8.2739439,-16.08401
0.87705986,0.0053423083,0.47631424,-1.4177756,-0.041337381,-0.0014141847,8.5758829,-15.925511
0.8776329,0.0051130542,0.50265151,-1.4149038,-0.041150615,-0.0017623915,8.8747948,-15.761345
0.87821063,0.0048860526,0.52893013,-1.4115361,-0.040949354,-0.0021072289,9.170573,-15.591568
0.878793,0.0046613792,0.55514078,-1.4076738,-0.04073383,-0.0024486028,9.463112,-15.416242
0.87937993,0.004439108,0.58127414,-1.4033181,-0.040504281,-0.0027864218,9.7523075,-15.235428
0.87997136,0.0042193114,0.60732093,-1.3984707,-0.040260944,-0.0031205966,10.038057,-15.049191
0.88056722,0.0040020604,0.6332719,-1.3931332,-0.04000406,-0.0034510404,10.320257,-14.857595
0.88116745,0.0037874242,0.65911783,-1.3873075,-0.039733876,-0.0037776686,10.598809,-14.660709
0.88177196,0.0035754705,0.68484953,-1.3809957,-0.039450636,-0.0041003991,10.873612,-14.458602
0.8823807,0.0033662653,0.71045787,-1.3742,-0.03915459,-0.0044191523,11.144568,-14.251346
0.88299358,0.0031598729,0.73593374,-1.3669228,-0.038845989,-0.0047338509,11.411582,-14.039015
0.88361054,0.0029563563,0.7612681,-1.3591668,-0.038525088,-0.0050444198,11.674557,-13.821683
0.88423151,0.0027557763,0.78645195,-1.3509345,-0.03819214,-0.0053507867,11.9334,-13.599427
0.88485639,0.0025581926,0.81147633,-1.342229,-0.037847405,-0.0056528814,12.188019,-13.372327
0.88548514,0.0023636629,0.83633236,-1.3330534,-0.037491141,-0.0059506362,12.438322,-13.140462
0.88611765,0.0021722432,0.86101119,-1.3234108,-0.037123609,-0.0062439859,12.684221,-12.903915
0.88675387,0.001983988,0.88550407,-1.3133048,-0.036745072,-0.0065328675,12.925627,-12.662769
0.88739371,0.0017989501,0.90980229,-1.3027388,-0.036355793,-0.0068172207,13.162455,-12.41711
0.8880371,0.0016171804,0.93389721,-1.2917167,-0.035956038,-0.0070969874,13.394619,-12.167025
0.88868395,0.0014387285,0.95778027,-1.2802423,-0.035546073,-0.0073721119,13.622038,-11.912603
0.88933419,0.0012636418,0.98144298,-1.2683197,-0.035126166,-0.0076425411,13.844629,-11.653934
0.88998774,0.0010919665,1.0048769,-1.2559532,-0.034696584,-0.007908224,14.062314,-11.39111
0.89064451,0.00092374674,1.0280738,-1.243147,-0.034257598,-0.0081691122,14.275015,-11.124223
0.89130444,0.00075902516,1.0510253,-1.2299058,-0.033809477,-0.0084251597,14.482655,-10.853368
0.89196743,0.00059784262,1.0737233,-1.2162343,-0.033352492,-0.0086763228,14.68516,-10.578643
0.89263341,0.0004402383,1.0961598,-1.2021373,-0.032886913,-0.0089225602,14.882459,-10.300143
0.89330229,0.00028624968,1.1183267,-1.1876198,-0.032413013,-0.0091638329,15.07448,-10.017967
0.89397399,0.00013591254,1.1402162,-1.1726869,-0.031931063,-0.0094001043,15.261155,-9.7322172
0.89464844,-1.073905e-05,1.1618206,-1.157344,-0.031441335,-0.0096313402,15.442417,-9.4429931
0.89532554,-0.00015367269,1.183132,-1.1415965,-0.0309441,-0.0098575086,15.618202,-9.150398
0.89600522,-0.00029285769,1.2041429,-1.1254499,-0.030439631,-0.01007858,15.788447,-8.8545356
0.89668739,-0.00042826505,1.224846,-1.1089101,-0.0299282,-0.010294527,15.95309,-8.555511
0.89737198,-0.00055986743,1.2452337,-1.0919829,-0.029410077,-0.010505324,16.112073,-8.2534302
0.89805889,-0.00068763919,1.2652989,-1.0746742,-0.028885534,-0.010710949,16.265339,-7.9484006
0.89874804,-0.00081155637,1.2850344,-1.0569903,-0.028354841,-0.010911382,16.412833,-7.6405304
0.89943936,-0.00093159667,1.3044332,-1.0389374,-0.027818269,-0.011106603,16.554502,-7.3299289
0.90013275,-0.0010477394,1.3234884,-1.0205218,-0.027276087,-0.011296598,16.690296,-7.0167064
0.90082814,-0.0011599657,1.3421932,-1.0017503,-0.026728562,-0.011481352,16.820166,-6.7009742
0.90152545,-0.0012682581,1.360541,-0.98262932,-0.026175964,-0.011660853,16.944065,-6.3828444
0.90222458,-0.001372601,1.3785252,-0.96316577,-0.025618558,-0.011835092,17.061949,-6.0624298
0.90292545,-0.0014729803,1.3961395,-0.94336653,-0.02505661,-0.012004062,17.173776,-5.7398445
0.903628,-0.0015693835,1.4133776,-0.92323863,-0.024490385,-0.012167758,17.279505,-5.4152028
0.90433212,-0.0016617999,1.4302332,-0.90278922,-0.023920145,-0.012326176,17.3791,-5.0886202
0.90503774,-0.0017502201,1.4467006,-0.88202555,-0.023346153,-0.012479315,17.472523,-4.7602127
0.90574477,-0.0018346367,1.4627737,-0.86095501,-0.022768669,-0.012627177,17.559741,-4.4300969
0.90645315,-0.0019150434,1.4784469,-0.83958506,-0.022187951,-0.012769765,17.640723,-4.0983902
0.90716277,-0.0019914359,1.4937146,-0.81792331,-0.021604258,-0.012907083,17.71544,-3.7652103
0.90787357,-0.0020638112,1.5085713,-0.79597744,-0.021017844,-0.013039139,17.783866,-3.4306757
0.90858545,-0.0021321679,1.5230118,-0.77375525,-0.020428964,-0.013165943,17.845974,-3.0949053
0.90929835,-0.0021965062,1.5370309,-0.75126463,-0.019837869,-0.013287504,17.901743,-2.7580183
0.91001217,-0.0022568278,1.5506237,-0.72851357,-0.01924481,-0.013403836,17.951153,-2.4201346
0.91072685,-0.0023131357,1.5637852,-0.70551015,-0.018650033,-0.013514953,17.994185,-2.0813741
0.9114423,-0.0023654347,1.5765109,-0.68226254,-0.018053786,-0.013620873,18.030824,-1.7418574
0.91215844,-0.002413731,1.5887961,-0.65877899,-0.017456312,-0.013721614,18.061058,-1.401705
0.91287519,-0.002458032,1.6006366,-0.63506786,-0.016857853,-0.013817196,18.084873,-1.0610379
0.91359247,-0.0024983469,1.612028,-0.61113757,-0.016258647,-0.013907642,18.102263,-0.71997725
0.91431022,-0.0025346861,1.6229664,-0.58699661,-0.015658931,-0.013992975,18.11322,-0.37864423
0.91502835,-0.0025670615,1.6334478,-0.56265356,-0.01505894,-0.01407322,18.11774,-0.037160225
0.91574678,-0.0025954863,1.6434685,-0.53811707,-0.014458906,-0.014148406,18.115821,0.30435337
0.91646544,-0.0026199752,1.6530249,-0.51339586,-0.013859057,-0.014218561,18.107464,0.64577511
0.91718426,-0.0026405442,1.6621136,-0.48849872,-0.013259621,-0.014283715,18.09267,0.9869836
0.91790315,-0.0026572106,1.6707315,-0.46343449,-0.012660822,-0.014343901,18.071446,1.3278575
0.91862206,-0.0026699931,1.6788753,-0.43821207,-0.01206288,-0.014399153,18.043798,1.6682756
0.9193409,-0.0026789116,1.6865422,-0.41284043,-0.011466014,-0.014449506,18.009736,2.0081169
0.9200596,-0.0026839874,1.6937296,-0.38732859,-0.010870439,-0.014494997,17.969272,2.3472604
0.92077809,-0.002685243,1.7004347,-0.36168561,-0.010276369,-0.014535663,17.922419,2.6855856
0.9214963,-0.0026827021,1.7066553,-0.33592061,-0.0096840115,-0.014571546,17.869195,3.022972
0.92221416,-0.0026763897,1.712389,-0.31004274,-0.0090935744,-0.014602685,17.809617,3.3592998
0.92293161,-0.0026663319,1.7176339,-0.2840612,-0.0085052608,-0.014629124,17.743707,3.6944493
0.92364857,-0.0026525561,1.7223881,-0.25798522,-0.007919271,-0.014650907,17.671487,4.0283012
0.92436497,-0.0026350908,1.7266498,-0.23182407,-0.0073358023,-0.014668078,17.592984,4.3607368
0.92508076,-0.0026139657,1.7304177,-0.20558706,-0.0067550487,-0.014680684,17.508224,4.6916378
0.92579586,-0.0025892114,1.7336902,-0.1792835,-0.0061772007,-0.014688774,17.417238,5.0208865
0.92651021,-0.0025608599,1.7364663,-0.15292275,-0.005602446,-0.014692395,17.320057,5.3483658
0.92722375,-0.002528944,1.7387449,-0.12651417,-0.0050309685,-0.014691598,17.216717,5.6739591
0.92793641,-0.0024934977,1.7405252,-0.10006716,-0.0044629489,-0.014686435,17.107253,5.9975505
0.92864813,-0.0024545561,1.7418066,-0.073591122,-0.0038985647,-0.014676958,16.991704,6.319025
0.92935885,-0.0024121549,1.7425886,-0.04709546,-0.0033379897,-0.014663221,16.870111,6.6382681
0.93006852,-0.0023663314,1.742871,-0.020589597,-0.0027813944,-0.014645277,16.742516,6.9551662
0.93077707,-0.0023171232,1.7426536,0.0059170435,-0.0022289457,-0.014623183,16.608966,7.2696065
0.93148444,-0.0022645694,1.7419365,0.032415037,-0.001680807,-0.014596996,16.469507,7.5814771
0.93219058,-0.0022087095,1.7407199,0.058894964,-0.0011371383,-0.014566772,16.324188,7.8906671
0.93289544,-0.0021495844,1.7390043,0.085347408,-0.00059809583,-0.014532571,16.173061,8.1970663
0.93359895,-0.0020872354,1.7367902,0.11176296,-6.3832322e-05,-0.014494451,16.01618,8.5005658
0.93430107,-0.0020217049,1.7340785,0.13813224,0.00046550308,-0.014452474,15.8536,8.8010574
0.93500174,-0.001953036,1.7308701,0.16444586,0.00098976489,-0.014406699,15.685378,9.0984342
0.93570091,-0.0018812726,1.7271662,0.19069447,0.0015088113,-0.01435719,15.511575,9.3925903
0.93639853,-0.0018064595,1.722968,0.21686873,0.002022504,-0.014304008,15.332251,9.683421
0.93709455,-0.0017286419,1.718277,0.24295933,0.0025307086,-0.014247216,15.147471,9.9708228
0.93778892,-0.0016478659,1.7130949,0.268957,0.0030332942,-0.01418688,14.957299,10.254693
0.93848161,-0.0015641785,1.7074235,0.2948525,0.0035301338,-0.014123062,14.761803,10.534931
0.93917255,-0.0014776271,1.7012649,0.32063661,0.0040211038,-0.01405583,14.561053,10.811437
0.93986171,-0.0013882596,1.6946212,0.34630016,0.0045060846,-0.013985248,14.35512,11.084113
0.94054904,-0.0012961249,1.6874948,0.37183403,0.0049849601,-0.013911382,14.144076,11.35286
0.9412345,-0.0012012722,1.6798882,0.39722913,0.0054576182,-0.013834301,13.927997,11.617584
0.94191805,-0.0011037514,1.671804,0.42247644,0.0059239502,-0.013754071,13.706959,11.878191
0.94259965,-0.0010036127,1.6632453,0.44756698,0.0063838513,-0.01367076,13.481041,12.134587
0.94327926,-0.00090090704,1.6542149,0.47249182,0.0068372205,-0.013584436,13.250322,12.386681
0.94395684,-0.00079568582,1.6447162,0.49724209,0.0072839603,-0.013495168,13.014885,12.634383
0.94463235,-0.00068800081,1.6347524,0.52180899,0.0077239771,-0.013403026,12.774813,12.877605
0.94530577,-0.00057790425,1.6243272,0.5461838,0.008157181,-0.013308078,12.530191,13.116261
0.94597706,-0.00046544878,1.6134442,0.57035782,0.0085834857,-0.013210394,12.281106,13.350265
0.94664617,-0.00035068742,1.6021073,0.59432248,0.0090028086,-0.013110044,12.027647,13.579534
0.94731309,-0.00023367354,1.5903204,0.61806923,0.0094150711,-0.013007098,11.769904,13.803986
0.94797778,-0.00011446084,1.5780879,0.64158964,0.0098201977,-0.012901627,11.507967,14.023542
0.94864022,6.8966666e-06,1.565414,0.66487535,0.010218117,-0.012793701,11.241931,14.238123
0.94930036,0.00013034469,1.5523033,0.68791805,0.010608762,-0.012683391,10.971889,14.447652
0.9499582,0.0002558287,1.5387604,0.71070957,0.010992067,-0.012570767,10.697937,14.652055
0.95061369,0.0003832939,1.52479,0.73324179,0.011367972,-0.012455901,10.420173,14.851259
0.95126682,0.00051268534,1.5103973,0.7555067,0.01173642,-0.012338863,10.138695,15.045193
0.95191756,0.00064394783,1.4955872,0.77749637,0.012097358,-0.012219725,9.8536038,15.233788
0.9525659,0.00077702607,1.4803651,0.79920299,0.012450736,-0.012098557,9.5649997,15.416976
0.9532118,0.00091186461,1.4647363,0.82061882,0.012796508,-0.01197543,9.2729857,15.594693
0.95385525,0.0010484079,1.4487065,0.84173626,0.013134631,-0.011850415,8.9776653,15.766874
0.95449624,0.0011866002,1.4322813,0.86254779,0.013465065,-0.011723583,8.6791436,15.933459
0.95513474,0.001326386,1.4154665,0.88304601,0.013787775,-0.011595005,8.3775265,16.094388
0.95577073,0.0014677093,1.3982681,0.90322362,0.014102728,-0.011464751,8.0729213,16.249603
0.95640421,0.0016105145,1.3806923,0.92307345,0.014409896,-0.011332891,7.7654361,16.39905
0.95703515,0.0017547459,1.3627452,0.94258842,0.014709253,-0.011199496,7.4551802,16.542675
0.95766355,0.0019003476,1.3444333,0.96176161,0.015000777,-0.011064636,7.1422638,16.680426
0.9582894,0.002047264,1.3257631,0.98058619,0.015284449,-0.010928379,6.8267981,16.812254
0.95891267,0.0021954394,1.3067411,0.99905546,0.015560253,-0.010790796,6.5088953,16.938113
0.95953337,0.0023448185,1.2873743,1.0171628,0.015828178,-0.010651956,6.1886682,17.057957
0.96015148,0.0024953458,1.2676694,1.0349019,0.016088214,-0.010511928,5.8662307,17.171743
0.960767,0.0026469661,1.2476334,1.0522663,0.016340356,-0.01037078,5.5416973,17.279432
0.96137992,0.0027996242,1.2272735,1.06925,0.0165846,-0.01022858,5.2151835,17.380984
0.96199024,0.0029532652,1.2065969,1.0858467,0.016820947,-0.010085395,4.8868052,17.476362
0.96259795,0.0031078346,1.185611,1.1020507,0.017049402,-0.009941294,4.5566792,17.565534
0.96320305,0.0032632776,1.1643232,1.1178562,0.01726997,-0.0097963428,4.2249228,17.648467
0.96380553,0.0034195402,1.1427411,1.1332575,0.017482661,-0.0096506081,3.891654,17.725131
0.9644054,0.0035765684,1.1208724,1.1482492,0.017687488,-0.0095041557,3.5569911,17.795499
0.96500266,0.0037343084,1.0987248,1.1628259,0.017884466,-0.0093570512,3.2210532,17.859545
0.96559731,0.0038927068,1.0763062,1.1769825,0.018073614,-0.0092093593,2.8839598,17.917248
0.96618934,0.0040517105,1.0536247,1.1907139,0.018254954,-0.0090611446,2.5458305,17.968585
0.96677877,0.0042112669,1.0306881,1.2040152,0.018428509,-0.0089124707,2.2067857,18.013538
0.9673656,0.0043713236,1.0075048,1.2168817,0.018594306,-0.008763401,1.8669459,18.052092
0.96794983,0.0045318284,0.98408291,1.2293089,0.018752376,-0.0086139981,1.5264318,18.084232
0.96853147,0.0046927298,0.9604308,1.2412922,0.018902749,-0.0084643241,1.1853647,18.109947
0.96911053,0.0048539765,0.93655688,1.2528274,0.019045463,-0.0083144403,0.84386572,18.129228
0.96968701,0.0050155179,0.91246963,1.2639105,0.019180553,-0.0081644074,0.50205631,18.142066
0.97026092,0.0051773034,0.88817762,1.2745374,0.01930806,-0.0080142857,0.16005802,18.148458
0.97083228,0.0053392833,0.8636895,1.2847044,0.019428027,-0.0078641345,-0.18200754,18.148402
0.97140109,0.005501408,0.83901395,1.2944079,0.019540499,-0.0077140124,-0.52401872,18.141896
0.97196737,0.0056636287,0.81415977,1.3036445,0.019645524,-0.0075639776,-0.86585391,18.128943
0.97253113,0.0058258969,0.78913578,1.3124108,0.01974315,-0.0074140873,-1.2073915,18.109547
0.97309238,0.0059881647,0.76395089,1.3207037,0.019833432,-0.007264398,-1.5485101,18.083716
0.97365113,0.0061503846,0.73861404,1.3285202,0.019916422,-0.0071149655,-1.8890884,18.051458
0.97420741,0.00631251,0.71313426,1.3358576,0.019992178,-0.0069658447,-2.2290052,18.012784
0.97476123,0.0064744943,0.68752061,1.3427134,0.020060759,-0.00681709,-2.5681396,17.967708
0.9753126,0.006636292,0.66178218,1.3490849,0.020122225,-0.0066687548,-2.906371,17.916246
0.97586155,0.0067978579,0.63592813,1.35497,0.02017664,-0.0065208916,-3.2435791,17.858416
0.97640808,0.0069591475,0.60996766,1.3603666,0.020224068,-0.0063735523,-3.579644,17.794238
0.97695223,0.0071201168,0.58391,1.3652727,0.020264577,-0.0062267879,-3.9144462,17.723735
0.977494,0.0072807224,0.55776441,1.3696867,0.020298236,-0.0060806485,-4.2478664,17.646931
0.97803343,0.0074409218,0.5315402,1.3736068,0.020325116,-0.0059351834,-4.5797862,17.563855
0.97857052,0.0076006729,0.50524668,1.3770318,0.020345288,-0.005790441,-4.9100874,17.474535
0.97910531,0.0077599342,0.47889321,1.3799604,0.020358829,-0.0056464689,-5.2386526,17.379002
0.97963782,0.0079186651,0.45248916,1.3823916,0.020365813,-0.0055033137,-5.5653649,17.277292
0.98016807,0.0080768254,0.42604392,1.3843245,0.020366319,-0.0053610213,-5.8901079,17.169438
0.98069608,0.0082343758,0.39956689,1.3857584,0.020360425,-0.0052196366,-6.2127663,17.055481
0.98122188,0.0083912776,0.37306749,1.3866928,0.020348214,-0.0050792036,-6.5332252,16.93546
0.98174549,0.0085474927,0.34655515,1.3871274,0.020329768,-0.0049397653,-6.8513706,16.809417
0.98226694,0.0087029839,0.32003929,1.387062,0.02030517,-0.0048013639,-7.1670892,16.677398
0.98278625,0.0088577146,0.29352934,1.3864966,0.020274506,-0.0046640408,-7.4802689,16.539448
0.98330346,0.0090116488,0.26703472,1.3854315,0.020237862,-0.0045278362,-7.790798,16.395618
0.98381859,0.0091647515,0.24056487,1.383867,0.020195327,-0.0043927896,-8.0985662,16.245957
0.98433166,0.0093169882,0.21412919,1.3818036,0.020146991,-0.0042589394,-8.4034639,16.09052
0.98484271,0.0094683252,0.18773708,1.3792422,0.020092942,-0.0041263231,-8.7053826,15.92936
0.98535176,0.0096187296,0.16139793,1.3761836,0.020033274,-0.0039949774,-9.0042149,15.762536
0.98585885,0.0097681692,0.13512111,1.3726289,0.019968079,-0.0038649378,-9.2998544,15.590106
0.98636401,0.0099166125,0.10891596,1.3685793,0.019897451,-0.0037362391,-9.592196,15.412131
0.98686725,0.010064029,0.082791802,1.3640364,0.019821484,-0.003608915,-9.8811355,15.228675
0.98736862,0.010210388,0.056757921,1.3590016,0.019740275,-0.0034829982,-10.16657,15.039803
0.98786815,0.010355662,0.030823577,1.3534769,0.01965392,-0.0033585207,-10.448398,14.845582
0.98836586,0.010499821,0.0049979928,1.3474642,0.019562516,-0.0032355132,-10.72652,14.64608
0.98886179,0.010642838,-0.020709647,1.3409655,0.019466163,-0.0031140057,-11.000836,14.441369
0.98935598,0.010784686,-0.046290202,1.3339833,0.019364958,-0.0029940271,-11.271248,14.231521
0.98984844,0.010925339,-0.071734574,1.32652,0.019259003,-0.0028756055,-11.537661,14.01661
0.99033922,0.011064771,-0.097033716,1.3185782,0.019148397,-0.0027587678,-11.799979,13.796713
0.99082836,0.011202959,-0.12217863,1.3101609,0.019033241,-0.0026435401,-12.05811,13.571909
0.99131587,0.011339878,-0.14716038,1.3012709,0.018913637,-0.0025299476,-12.311961,13.342275
0.9918018,0.011475506,-0.17197007,1.2919114,0.018789688,-0.0024180143,-12.561441,13.107896
0.99228618,0.01160982,-0.19659889,1.2820858,0.018661495,-0.0023077636,-12.806463,12.868852
0.99276904,0.011742799,-0.22103808,1.2717976,0.018529162,-0.0021992177,-13.046939,12.62523
0.99325042,0.011874422,-0.24527895,1.2610503,0.018392792,-0.0020923978,-13.282782,12.377116
0.99373036,0.012004669,-0.26931287,1.2498479,0.018252489,-0.0019873244,-13.513911,12.124597
0.99420888,0.012133522,-0.29313131,1.2381944,0.018108358,-0.0018840169,-13.740241,11.867764
0.99468602,0.012260962,-0.31672579,1.2260938,0.017960501,-0.0017824937,-13.961692,11.606708
0.99516182,0.012386971,-0.34008792,1.2135504,0.017809024,-0.0016827724,-14.178186,11.341522
0.99563631,0.012511533,-0.36320939,1.2005688,0.017654031,-0.0015848697,-14.389645,11.072299
0.99610953,0.012634632,-0.38608199,1.1871536,0.017495627,-0.0014888012,-14.595995,10.799135
0.99658151,0.012756252,-0.40869758,1.1733094,0.017333917,-0.0013945816,-14.797161,10.522128
0.99705229,0.01287638,-0.43104812,1.1590413,0.017169005,-0.0013022249,-14.993072,10.241376
0.9975219,0.012995001,-0.45312566,1.1443543,0.017000996,-0.001211744,-15.183658,9.9569775
0.99799037,0.013112102,-0.47492235,1.1292537,0.016829995,-0.0011231509,-15.368852,9.6690349
0.99845776,0.013227672,-0.49643044,1.1137447,0.016656105,-0.0010364568,-15.548587,9.3776501
0.99892408,0.013341699,-0.51764229,1.097833,0.016479433,-0.00095167191,-15.722799,9.0829266
0.99938937,0.013454173,-0.53855035,1.0815242,0.016300081,-0.00086880563,-15.891426,8.7849691
0.99985368,0.013565082,-0.55914719,1.064824,0.016118154,-0.00078786645,-16.054409,8.4838834
1.000317,0.013674419,-0.57942549,1.0477385,0.015933756,-0.00070886199,-16.211688,8.1797766
1.0007795,0.013782175,-0.59937803,1.0302736,0.015746989,-0.000631799,-16.363209,7.8727566
1.001241,0.013888342,-0.61899772,1.0124356,0.015557957,-0.0005566834,-16.508917,7.5629326
1.0017017,0.013992912,-0.63827758,0.99423094,0.015366762,-0.00048352024,-16.64876,7.2504146
1.0021616,0.014095881,-0.65721077,0.97566595,0.015173508,-0.00041231375,-16.782688,6.9353137
1.0026207,0.014197242,-0.67579055,0.95674729,0.014978294,-0.00034306731,-16.910653,6.6177419
1.0030791,0.01429699,-0.69401031,0.93748168,0.014781224,-0.00027578349,-17.03261,6.297812
1.0035367,0.014395122,-0.71186357,0.91787597,0.014582397,-0.00021046407,-17.148516,5.9756377
1.0039937,0.014491633,-0.729344,0.89793713,0.014381913,-0.00014711,-17.258329,5.6513335
1.0044501,0.014586522,-0.74644537,0.87767226,0.014179873,-8.5721441e-05,-17.36201,5.3250146
1.0049058,0.014679785,-0.76316161,0.85708855,0.013976375,-2.629778e-05,-17.459521,4.9967971
1.005361,0.014771422,-0.77948676,0.83619334,0.013771518,3.1162372e-05,-17.550829,4.6667975
1.0058156,0.014861431,-0.79541504,0.81499403,0.013565399,8.6661168e-05,-17.6359,4.3351331
1.0062698,0.014949813,-0.81094077,0.79349819,0.013358114,0.00014020151,-17.714704,4.0019219
1.0067234,0.015036568,-0.82605844,0.77171345,0.013149761,0.00019178705,-17.787213,3.6672822
1.0071767,0.015121697,-0.84076267,0.74964755,0.012940434,0.00024142215,-17.853401,3.331333
1.0076295,0.015205202,-0.85504823,0.72730834,0.012730228,0.00028911193,-17.913245,2.9941937
1.008082,0.015287086,-0.86891006,0.70470377,0.012519237,0.00033486218,-17.966722,2.6559842
1.0085341,0.015367351,-0.88234321,0.68184188,0.012307553,0.0003786794,-18.013815,2.3168246
1.0089859,0.015446002,-0.89534292,0.65873078,0.012095269,0.0004205708,-18.054505,1.9768355
1.0094375,0.015523042,-0.90790456,0.63537871,0.011882475,0.00046054423,-18.088779,1.6361378
1.0098888,0.015598476,-0.92002367,0.61179395,0.011669262,0.00049860823,-18.116624,1.2948525
1.0103399,0.01567231,-0.93169594,0.58798491,0.011455718,0.00053477198,-18.13803,0.95310103
1.0107908,0.015744549,-0.94291723,0.56396004,0.011241932,0.00056904529,-18.152989,0.61100485
1.0112416,0.015815201,-0.95368353,0.53972789,0.011027991,0.00060143863,-18.161496,0.26868556
1.0116923,0.015884272,-0.96399104,0.51529707,0.01081398,0.00063196306,-18.163548,-0.073735146
1.0121428,0.01595177,-0.97383608,0.49067627,0.010599985,0.00066063024,-18.159144,-0.41613553
1.0125934,0.016017703,-0.98321516,0.46587425,0.01038609,0.00068745244,-18.148285,-0.75839387
1.0130439,0.01608208,-0.99212494,0.44089981,0.010172377,0.00071244249,-18.130975,-1.1003885
1.0134944,0.016144909,-1.0005623,0.41576185,0.0099589284,0.00073561381,-18.10722,-1.4419978
1.0139449,0.016206202,-1.0085241,0.3904693,0.0097458244,0.00075698036,-18.077029,-1.7831003
1.0143955,0.016265967,-1.0160077,0.36503115,0.0095331444,0.00077655663,-18.040412,-2.1235748
1.0148462,0.016324216,-1.0230103,0.33945644,0.0093209666,0.00079435766,-17.997382,-2.4633002
1.0152971,0.01638096,-1.0295294,0.31375428,0.0091093679,0.000810399,-17.947954,-2.8021558
1.015748,0.01643621,-1.0355629,0.28793379,0.0088984242,0.0008246967,-17.892145,-3.1400209
1.0161992,0.016489978,-1.0411084,0.26200416,0.00868821,0.00083726729,-17.829976,-3.4767756
1.0166505,0.016542277,-1.046164,0.2359746,0.0084787985,0.0008481278,-17.761469,-3.8123
1.0171021,0.01659312,-1.050728,0.20985437,0.008270262,0.0008572957,-17.686647,-4.1464749
1.0175539,0.016642521,-1.0547987,0.18365276,0.0080626711,0.00086478894,-17.605537,-4.4791814
1.018006,0.016690492,-1.0583747,0.15737908,0.0078560953,0.00087062589,-17.518167,-4.8103013
1.0184584,0.016737048,-1.0614546,0.13104268,0.0076506029,0.00087482533,-17.42457,-5.1397167
1.0189111,0.016782204,-1.0640375,0.10465291,0.0074462608,0.0008774065,-17.324777,-5.4673107
1.0193642,0.016825975,-1.0661224,0.078219158,0.0072431345,0.00087838899,-17.218825,-5.7929665
1.0198177,0.016868375,-1.0677085,0.051750822,0.0070412883,0.0008777928,-17.106751,-6.1165685
1.0202715,0.016909421,-1.0687953,0.02525731,0.0068407852,0.0008756383,-16.988594,-6.4380016
1.0207258,0.016949129,-1.0693823,-0.001251957,0.0066416867,0.00087194623,-16.864397,-6.7571515
1.0211806,0.016987514,-1.0694695,-0.027767557,0.006444053,0.00086673766,-16.734204,-7.0739046
1.0216358,0.017024594,-1.0690568,-0.054280062,0.0062479431,0.00086003401,-16.59806,-7.3881484
1.0220914,0.017060385,-1.0681443,-0.080780047,0.0060534144,0.00085185701,-16.456015,-7.699771
1.0225476,0.017094905,-1.0667323,-0.10725809,0.0058605231,0.0008422287,-16.308118,-8.0086617
1.0230043,0.017128172,-1.0648213,-0.13370478,0.0056693239,0.00083117143,-16.154422,-8.3147106
1.0234616,0.017160202,-1.0624121,-0.16011072,0.0054798703,0.00081870781,-15.994981,-8.6178088
1.0239195,0.017191015,-1.0595055,-0.18646652,0.0052922141,0.00080486073,-15.829853,-8.9178485
1.0243779,0.017220629,-1.0561024,-0.2127628,0.0051064061,0.00078965336,-15.659096,-9.2147231
1.0248369,0.017249062,-1.0522042,-0.23899022,0.0049224954,0.00077310907,-15.48277,-9.5083269
1.0252966,0.017276333,-1.0478123,-0.26513947,0.0047405298,0.0007552515,-15.300938,-9.7985555
1.0257569,0.017302461,-1.0429281,-0.29120123,0.0045605557,0.00073610449,-15.113664,-10.085306
1.0262179,0.017327465,-1.0375534,-0.31716625,0.0043826183,0.0007156921,-14.921016,-10.368475
1.0266795,0.017351366,-1.0316901,-0.3430253,0.0042067611,0.00069403856,-14.723061,-10.647964
1.0271419,0.017374183,-1.0253404,-0.36876918,0.0040330263,0.00067116832,-14.51987,-10.923672
1.0276049,0.017395935,-1.0185064,-0.39438875,0.0038614548,0.00064710596,-14.311515,-11.195502
1.0280687,0.017416643,-1.0111907,-0.41987489,0.003692086,0.00062187625,-14.09807,-11.463356
1.0285332,0.017436327,-1.0033957,-0.44521856,0.0035249579,0.00059550408,-13.879611,-11.727139
1.0289985,0.017455007,-0.99512432,-0.47041073,0.0033601073,0.0005680145,-13.656215,-11.986758
1.0294646,0.017472704,-0.98637947,-0.49544245,0.0031975694,0.00053943265,-13.427962,-12.242121
1.0299314,0.017489438,-0.97716424,-0.52030483,0.003037378,0.00050978382,-13.194932,-12.493136
1.030399,0.017505231,-0.96748193,-0.54498903,0.0028795656,0.00047909335,-12.95721,-12.739713
1.0308674,0.017520104,-0.95733596,-0.56948627,0.0027241635,0.00044738671,-12.714878,-12.981766
1.0313367,0.017534076,-0.94672996,-0.59378785,0.0025712013,0.00041468941,-12.468024,-13.219209
1.0318068,0.01754717,-0.93566768,-0.61788512,0.0024207074,0.00038102706,-12.216734,-13.451956
1.0322777,0.017559407,-0.92415307,-0.64176953,0.0022727088,0.00034642528,-11.961098,-13.679925
1.0327495,0.017570807,-0.91219022,-0.66543259,0.0021272313,0.00031090978,-11.701208,-13.903035
1.0332222,0.017581393,-0.89978338,-0.68886587,0.0019842992,0.00027450625,-11.437155,-14.121206
1.0336957,0.017591185,-0.88693697,-0.71206106,0.0018439355,0.00023724044,-11.169033,-14.334361
1.0341701,0.017600206,-0.87365555,-0.73500991,0.0017061617,0.00019913808,-10.896937,-14.542424
1.0346454,0.017608476,-0.85994385,-0.75770426,0.0015709983,0.00016022492,-10.620965,-14.745321
1.0351216,0.017616017,-0.84580674,-0.78013604,0.0014384643,0.00012052668,-10.341213,-14.94298
1.0355987,0.017622851,-0.83124924,-0.80229729,0.0013085775,8.0069077e-05,-10.057782,-15.135331
1.0360767,0.017628998,-0.81627654,-0.82418012,0.0011813541,3.8877773e-05,-9.7707729,-15.322304
1.0365557,0.017634482,-0.80089395,-0.84577676,0.0010568095,-3.0216004e-06,-9.4802867,-15.503833
1.0370355,0.017639323,-0.78510695,-0.86707954,0.00093495743,-4.5603466e-05,-9.186427,-15.679855
1.0375164,0.017643543,-0.76892115,-0.88808087,0.00081581053,-8.8842312e-05,-8.8892983,-15.850305
1.0379981,0.017647163,-0.7523423,-0.90877329,0.00069938017,-0.00013271269,-8.5890061,-16.015124
1.0384808,0.017650204,-0.73537629,-0.92914946,0.00058567646,-0.00017718926,-8.2856573,-16.174253
1.0389645,0.017652689,-0.71802917,-0.94920213,0.00047470829,-0.00022224673,-7.9793595,-16.327636
1.0394491,0.017654639,-0.7003071,-0.96892417,0.00036648335,-0.00026785994,-7.6702216,-16.475216
1.0399346,0.017656074,-0.68221637,-0.98830857,0.0002610081,-0.00031400383,-7.3583536,-16.616943
1.0404212,0.017657017,-0.66376342,-1.0073484,0.00015828783,-0.00036065346,-7.0438663,-16.752765
1.0409087,0.017657488,-0.64495481,-1.026037,5.8326642e-05,-0.00040778402,-6.7268714,-16.882635
1.0413971,0.017657509,-0.62579722,-1.0443677,-3.8872509e-05,-0.00045537082,-6.4074817,-17.006505
1.0418865,0.0176571,-0.60629747,-1.0623339,-0.00013330783,-0.00050338933,-6.0858106,-17.124333
1.0423769,0.017656283,-0.58646249,-1.0799292,-0.00022497866,-0.00055181516,-5.7619724,-17.236075
1.0428683,0.017655078,-0.56629933,-1.0971475,-0.00031388544,-0.00060062409,-5.4360824,-17.341693
1.0433607,0.017653506,-0.54581516,-1.1139825,-0.00040002975,-0.00064979206,-5.1082563,-17.441148
1.043854,0.017651588,-0.52501725,-1.1304284,-0.00048341424,-0.00069929518,-4.7786107,-17.534405
1.0443483,0.017649344,-0.50391301,-1.1464792,-0.00056404262,-0.00074910976,-4.4472627,-17.621431
1.0448436,0.017646794,-0.48250994,-1.1621293,-0.00064191968,-0.00079921228,-4.1143301,-17.702195
1.0453398,0.01764396,-0.46081564,-1.1773731,-0.00071705125,-0.00084957943,-3.7799313,-17.776668
1.0458371,0.01764086,-0.43883782,-1.1922052,-0.00078944417,-0.0009001881,-3.4441852,-17.844823
1.0463352,0.017637515,-0.4165843,-1.2066202,-0.00085910632,-0.00095101539,-3.1072111,-17.906636
1.0468344,0.017633944,-0.394063,-1.2206132,-0.00092604654,-0.0010020386,-2.7691287,-17.962086
1.0473345,0.017630168,-0.37128191,-1.2341791,-0.00099027467,-0.0010532353,-2.4300583,-18.011152
1.0478356,0.017626205,-0.34824913,-1.247313,-0.0010518015,-0.0011045833,-2.0901204,-18.053817
1.0483377,0.017622075,-0.32497285,-1.2600104,-0.0011106388,-0.0011560604,-1.7494359,-18.090066
1.0488407,0.017617798,-0.30146135,-1.2722667,-0.0011667991,-0.0012076451,-1.4081259,-18.119885
1.0493447,0.017613391,-0.27772298,-1.2840776,-0.0012202962,-0.0012593158,-1.0663117,-18.143264
1.0498496,0.017608874,-0.25376618,-1.2954388,-0.0012711443,-0.0013110513,-0.72411478,-18.160195
1.0503555,0.017604265,-0.22959947,-1.3063463,-0.001319359,-0.0013628305,-0.38165688,-18.170671
1.0508623,0.017599582,-0.20523143,-1.3167963,-0.0013649562,-0.0014146327,-0.039059709,-18.174689
1.0513701,0.017594845,-0.18067074,-1.326785,-0.0014079532,-0.0014664374,0.30355492,-18.172248
1.0518788,0.01759007,-0.15592611,-1.3363089,-0.0014483677,-0.0015182246,0.6460652,-18.163347
1.0523884,0.017585275,-0.13100635,-1.3453646,-0.0014862183,-0.0015699742,0.98834936,-18.147991
1.052899,0.017580478,-0.10592032,-1.3539488,-0.0015215246,-0.0016216666,1.3302857,-18.126184
1.0534104,0.017575697,-0.080676919,-1.3620586,-0.0015543066,-0.0016732826,1.6717527,-18.097934
1.0539228,0.017570947,-0.055285135,-1.3696911,-0.0015845853,-0.001724803,2.0126289,-18.063251
1.0544361,0.017566247,-0.02975399,-1.3768435,-0.0016123825,-0.0017762091,2.3527931,-18.022148
1.0549502,0.017561612,-0.0040925595,-1.3835133,-0.0016377204,-0.0018274824,2.6921243,-17.974639
1.0554653,0.017557059,0.021690036,-1.3896981,-0.0016606222,-0.0018786048,3.030502,-17.92074
1.0559812,0.017552604,0.047584631,-1.3953957,-0.0016811115,-0.0019295584,3.3678058,-17.860472
1.0564981,0.017548263,0.073582022,-1.4006041,-0.0016992128,-0.0019803258,3.7039158,-17.793854
1.0570158,0.017544051,0.099672969,-1.4053215,-0.0017149511,-0.0020308896,4.0387125,-17.720912
1.0575343,0.017539985,0.1258482,-1.4095462,-0.001728352,-0.002081233,4.3720768,-17.64167
1.0580537,0.017536078,0.1520984,-1.4132766,-0.0017394418,-0.0021313393,4.7038902,-17.556157
1.0585739,0.017532347,0.17841425,-1.4165115,-0.0017482472,-0.0021811923,5.0340347,-17.464404
1.059095,0.017528804,0.2047864,-1.4192497,-0.0017547957,-0.002230776,5.362393,-17.366442
1.0596169,0.017525466,0.23120546,-1.4214902,-0.0017591151,-0.0022800749,5.6888482,-17.262307
1.0601396,0.017522345,0.25766205,-1.4232323,-0.0017612339,-0.0023290736,6.0132843,-17.152035
1.0606631,0.017519456,0.28414677,-1.4244752,-0.0017611811,-0.0023777571,6.335586,-17.035666
1.0611874,0.017516812,0.3106502,-1.4252187,-0.001758986,-0.0024261108,6.6556386,-16.91324
1.0617125,0.017514427,0.33716291,-1.4254623,-0.0017546786,-0.0024741204,6.9733283,-16.784802
1.0622384,0.017512313,0.3636755,-1.4252061,-0.0017482891,-0.0025217718,7.2885422,-16.650398
1.062765,0.017510483,0.39017853,-1.4244501,-0.0017398484,-0.0025690516,7.6011681,-16.510073
1.0632924,0.01750895,0.41666258,-1.4231946,-0.0017293875,-0.0026159463,7.9110949,-16.36388
1.0638206,0.017507726,0.44311824,-1.42144,-0.0017169382,-0.002662443,8.2182125,-16.211869
1.0643494,0.017506822,0.46953611,-1.419187,-0.0017025323,-0.0027085291,8.5224114,-16.054094
1.064879,0.017506251,0.49590679,-1.4164363,-0.0016862021,-0.0027541923,8.8235837,-15.890612
1.0654093,0.017506023,0.52222092,-1.413189,-0.0016679802,-0.0027994205,9.1216222,-15.72148
1.0659403,0.017506149,0.54846913,-1.4094461,-0.0016478996,-0.0028442023,9.416421,-15.546759
1.066472,0.017506641,0.57464211,-1.4052091,-0.0016259936,-0.0028885263,9.7078751,-15.366511
1.0670044,0.017507508,0.60073055,-1.4004794,-0.0016022957,-0.0029323816,9.9958809,-15.180799
1.0675374,0.017508762,0.62672517,-1.3952587,-0.0015768397,-0.0029757576,10.280336,-14.98969
1.0680711,0.017510411,0.65261673,-1.3895489,-0.0015496596,-0.003018644,10.561139,-14.793252
1.0686055,0.017512466,0.67839604,-1.383352,-0.0015207898,-0.003061031,10.838191,-14.591554
1.0691404,0.017514936,0.70405393,-1.3766702,-0.0014902647,-0.0031029088,11.111392,-14.384668
1.069676,0.017517829,0.72958128,-1.3695058,-0.001458119,-0.0031442684,11.380646,-14.172668
1.0702122,0.017521155,0.75496902,-1.3618615,-0.0014243877,-0.0031851007,11.645857,-13.955628
1.070749,0.017524922,0.78020812,-1.3537399,-0.0013891057,-0.0032253973,11.90693,-13.733626
1.0712864,0.017529139,0.80528961,-1.345144,-0.0013523082,-0.0032651498,12.163773,-13.506742
1.0718243,0.017533812,0.83020459,-1.3360767,-0.0013140305,-0.0033043504,12.416295,-13.275054
1.0723628,0.01753895,0.85494418,-1.3265413,-0.0012743082,-0.0033429916,12.664405,-13.038647
1.0729018,0.01754456,0.8794996,-1.3165413,-0.0012331766,-0.0033810659,12.908015,-12.797603
1.0734414,0.017550649,0.90386213,-1.3060801,-0.0011906714,-0.0034185667,13.147039,-12.552009
1.0739815,0.017557224,0.92802309,-1.2951614,-0.0011468284,-0.0034554872,13.381391,-12.301951
1.0745221,0.017564291,0.95197392,-1.2837892,-0.0011016831,-0.0034918212,13.610989,-12.047519
1.0750632,0.017571857,0.97570608,-1.2719675,-0.0010552714,-0.0035275628,13.83575,-11.788803
1.0756048,0.017579926,0.99921115,-1.2597005,-0.0010076291,-0.0035627063,14.055595,-11.525895
1.0761468,0.017588506,1.0224808,-1.2469925,-0.00095879184,-0.0035972466,14.270445,-11.258888
1.0766893,0.017597602,1.0455067,-1.2338481,-0.00090879554,-0.0036311785,14.480225,-10.987878
1.0772323,0.017607218,1.0682807,-1.220272,-0.0008576759,-0.0036644976,14.684859,-10.71296
1.0777757,0.017617359,1.0907947,-1.2062689,-0.00080546862,-0.0036971993,14.884274,-10.434232
1.0783195,0.017628029,1.1130407,-1.1918439,-0.00075220936,-0.0037292797,15.078401,-10.151794
1.0788637,0.017639234,1.1350108,-1.177002,-0.00069793372,-0.003760735,15.267169,-9.8657449
1.0794083,0.017650977,1.1566972,-1.1617486,-0.0006426772,-0.0037915619,15.450511,-9.5761875
1.0799533,0.017663261,1.1780921,-1.1460891,-0.00058647521,-0.0038217572,15.628363,-9.2832242
1.0804986,0.017676091,1.199188,-1.130029,-0.00052936306,-0.0038513181,15.80066,-8.9869594
1.0810443,0.017689469,1.2199774,-1.1135741,-0.00047137593,-0.0038802421,15.967343,-8.6874982
1.0815904,0.017703399,1.2404529,-1.0967301,-0.00041254888,-0.0039085269,16.128351,-8.3849471
1.0821368,0.017717882,1.2606072,-1.0795032,-0.0003529168,-0.0039361706,16.283627,-8.0794136
1.0826835,0.017732922,1.2804332,-1.0618993,-0.00029251444,-0.0039631716,16.433115,-7.7710063
1.0832305,0.01774852,1.2999237,-1.0439248,-0.00023137638,-0.0039895285,16.576764,-7.4598349
1.0837777,0.017764679,1.3190719,-1.0255861,-0.000169537,-0.0040152403,16.714521,-7.1460099
1.0843253,0.017781399,1.337871,-1.0068896,-0.0001070305,-0.004040306,16.846338,-6.8296428
1.0848732,0.017798684,1.3563142,-0.98784204,-4.3890874e-05,-0.0040647252,16.972167,-6.5108462
1.0854213,0.017816533,1.3743951,-0.96845017,1.9848116e-05,-0.0040884977,17.091965,-6.1897333
1.0859696,0.017834947,1.3921071,-0.94872088,8.4152921e-05,-0.0041116234,17.205687,-5.8664183
1.0865182,0.017853928,1.4094441,-0.92866119,0.00014899024,-0.0041341025,17.313295,-5.541016
1.0870669,0.017873476,1.4263998,-0.90827821,0.00021432701,-0.0041559357,17.414749,-5.2136422
1.0876159,0.01789359,1.4429683,-0.8875792,0.00028013045,-0.0041771237,17.510013,-4.8844132
1.0881651,0.017914271,1.4591435,-0.86657152,0.00034636803,-0.0041976675,17.599054,-4.553446
1.0887145,0.017935519,1.4749198,-0.84526263,0.0004130075,-0.0042175685,17.68184,-4.2208583
1.089264,0.017957334,1.4902916,-0.8236601,0.0004800169,-0.004236828,17.758341,-3.8867683
1.0898137,0.017979713,1.5052534,-0.80177162,0.00054736458,-0.004255448,17.82853,-3.5512948
1.0903636,0.018002658,1.5197999,-0.77960496,0.00061501918,-0.0042734304,17.892382,-3.2145569
1.0909135,0.018026165,1.5339259,-0.757168,0.00068294968,-0.0042907775,17.949874,-2.8766745
1.0914636,0.018050235,1.5476264,-0.73446873,0.00075112535,-0.0043074916,18.000987,-2.5377676
1.0920138,0.018074865,1.5608966,-0.71151519,0.00081951582,-0.0043235755,18.045701,-2.1979566
1.0925642,0.018100054,1.5737316,-0.68831557,0.00088809105,-0.0043390321,18.084001,-1.8573624
1.0931146,0.0181258,1.586127,-0.66487809,0.00095682135,-0.0043538645,18.115872,-1.516106
1.093665,0.018152101,1.5980783,-0.6412111,0.0010256774,-0.0043680761,18.141305,-1.1743088
1.0942156,0.018178954,1.6095813,-0.617323,0.0010946302,-0.0043816703,18.160289,-0.83209228
1.0947662,0.018206357,1.6206319,-0.59322228,0.0011636512,-0.0043946509,18.172818,-0.48957802
1.0953169,0.018234307,1.6312262,-0.56891751,0.001232712,-0.0044070218,18.178887,-0.14688781
1.0958675,0.018262801,1.6413604,-0.54441734,0.001301785,-0.0044187871,18.178495,0.19585651
1.0964183,0.018291836,1.651031,-0.51973046,0.0013708427,-0.0044299513,18.17164,0.53853312
1.096969,0.018321409,1.6602343,-0.49486566,0.0014398579,-0.0044405187,18.158327,0.8810202
1.0975197,0.018351517,1.6689673,-0.46983177,0.001508804,-0.004450494,18.138558,1.223196
1.0980705,0.018382155,1.6772268,-0.44463768,0.0015776548,-0.0044598821,18.112342,1.5649388
1.0986212,0.01841332,1.6850098,-0.41929237,0.0016463844,-0.0044686881,18.079688,1.9061273
1.0991719,0.018445008,1.6923136,-0.39380482,0.0017149674,-0.004476917,18.040607,2.24664
1.0997225,0.018477215,1.6991357,-0.36818411,0.0017833788,-0.0044845743,17.995112,2.586356
1.1002731,0.018509937,1.7054735,-0.34243934,0.0018515941,-0.0044916655,17.943221,2.9251545
1.1008237,0.018543169,1.7113248,-0.31657965,0.001919589,-0.0044981962,17.884952,3.262915
1.1013742,0.018576907,1.7166875,-0.29061425,0.0019873399,-0.0045041722,17.820324,3.5995174
1.1019246,0.018611146,1.7215598,-0.26455236,0.0020548234,-0.0045095996,17.749362,3.9348421
1.102475,0.018645881,1.7259399,-0.23840325,0.0021220168,-0.0045144843,17.672091,4.26877
1.1030252,0.018681107,1.7298262,-0.2121762,0.0021888976,-0.0045188326,17.588537,4.6011822
1.1035754,0.01871682,1.7332174,-0.18588055,0.0022554439,-0.0045226509,17.498731,4.9319605
1.1041254,0.018753014,1.7361122,-0.15952563,0.0023216342,-0.0045259457,17.402704,5.2609875
1.1046753,0.018789683,1.7385097,-0.13312082,0.0023874475,-0.0045287235,17.30049,5.5881461
1.1052252,0.018826822,1.7404089,-0.10667551,0.0024528632,-0.0045309911,17.192127,5.91332
1.1057748,0.018864426,1.7418093,-0.080199083,0.0025178611,-0.0045327553,17.077651,6.2363936
1.1063244,0.018902488,1.7427102,-0.05370096,0.0025824215,-0.0045340231,16.957105,6.5572521
1.1068738,0.018941004,1.7431114,-0.02719056,0.0026465253,-0.0045348015,16.83053,6.8757814
1.107423,0.018979967,1.7430128,-0.00067730332,0.0027101538,-0.0045350976,16.697972,7.1918681
1.1079721,0.019019371,1.7424143,0.025829384,0.0027732885,-0.0045349188,16.559478,7.5054001
1.108521,0.01905921,1.7413162,0.052320081,0.0028359117,-0.0045342723,16.415097,7.8162657
1.1090698,0.019099478,1.7397189,0.078785371,0.0028980061,-0.0045331655,16.26488,8.1243545
1.1096183,0.019140168,1.7376229,0.10521585,0.0029595547,-0.004531606,16.108881,8.4295569
1.1101667,0.019181274,1.735029,0.13160211,0.0030205411,-0.0045296012,15.947155,8.7317644
1.1107149,0.01922279,1.7319381,0.15793479,0.0030809494,-0.004527159,15.77976,9.0308696
1.1112629,0.01926471,1.7283514,0.18420453,0.0031407641,-0.004524287,15.606755,9.3267662
1.1118106,0.019307025,1.72427,0.21040197,0.0031999701,-0.0045209929,15.428201,9.6193488
1.1123582,0.019349731,1.7196954,0.23651782,0.0032585528,-0.0045172846,15.244163,9.9085136
1.1129055,0.01939282,1.7146293,0.26254279,0.0033164983,-0.0045131701,15.054704,10.194158
1.1134526,0.019436285,1.7090735,0.28846763,0.0033737928,-0.0045086573,14.859894,10.47618
1.1139995,0.01948012,1.7030298,0.31428312,0.0034304232,-0.0045037541,14.6598,10.754479
1.1145462,0.019524317,1.6965006,0.33998009,0.0034863768,-0.0044984687,14.454495,11.028957
1.1150926,0.019568869,1.6894881,0.3655494,0.0035416413,-0.004492809,14.24405,11.299515
1.1156387,0.01961377,1.6819947,0.39098196,0.0035962049,-0.0044867833,14.028541,11.566059
1.1161846,0.019659013,1.6740233,0.41626874,0.0036500564,-0.0044803997,13.808045,11.828492
1.1167303,0.01970459,1.6655765,0.44140075,0.0037031848,-0.0044736664,13.58264,12.086722
1.1172757,0.019750494,1.6566574,0.46636905,0.0037555798,-0.0044665916,13.352405,12.340657
1.1178208,0.019796718,1.6472691,0.49116476,0.0038072314,-0.0044591835,13.117423,12.590207
1.1183657,0.019843255,1.6374151,0.51577908,0.00385813,-0.0044514503,12.877777,12.835282
1.1189103,0.019890097,1.6270987,0.54020325,0.0039082665,-0.0044434004,12.633553,13.075796
1.1194546,0.019937238,1.6163238,0.5644286,0.0039576325,-0.004435042,12.384837,13.311663
1.1199986,0.019984669,1.605094,0.5884465,0.0040062196,-0.0044263834,12.131717,13.542799
1.1205424,0.020032385,1.5934134,0.61224843,0.0040540202,-0.0044174329,11.874284,13.769123
1.1210859,0.020080376,1.5812862,0.63582592,0.0041010269,-0.0044081987,11.61263,13.990553
1.1216291,0.020128637,1.5687166,0.65917059,0.0041472328,-0.0043986891,11.346846,14.207011
1.1221719,0.020177159,1.5557091,0.68227415,0.0041926316,-0.0043889124,11.077027,14.41842
1.1227145,0.020225936,1.5422684,0.70512837,0.0042372172,-0.0043788768,10.80327,14.624704
1.1232568,0.02027496,1.5283991,0.72772514,0.0042809839,-0.0043685907,10.525672,14.825791
1.1237988,0.020324223,1.5141064,0.75005643,0.0043239267,-0.0043580622,10.244331,15.021609
1.1243405,0.020373719,1.4993951,0.77211429,0.0043660407,-0.0043472995,9.9593477,15.212089
1.1248819,0.020423439,1.4842707,0.79389089,0.0044073216,-0.0043363108,9.6708229,15.397161
1.125423,0.020473378,1.4687383,0.81537848,0.0044477654,-0.0043251043,9.3788594,15.576762
1.1259638,0.020523526,1.4528036,0.83656943,0.0044873686,-0.0043136881,9.0835608,15.750826
1.1265042,0.020573878,1.4364723,0.85745621,0.0045261281,-0.0043020702,8.7850323,15.919292
1.1270444,0.020624425,1.41975,0.87803138,0.004564041,-0.0042902589,8.4833798,16.082101
1.1275842,0.020675161,1.4026428,0.89828764,0.0046011051,-0.004278262,8.1787107,16.239193
1.1281238,0.020726079,1.3851568,0.91821778,0.0046373183,-0.0042660875,7.8711331,16.390514
1.128663,0.02077717,1.3672981,0.93781472,0.004672679,-0.0042537434,7.5607565,16.536009
1.1292019,0.020828428,1.3490732,0.9570715,0.004707186,-0.0042412376,7.2476912,16.675627
1.1297404,0.020879846,1.3304884,0.97598126,0.0047408385,-0.0042285779,6.9320484,16.809318
1.1302787,0.020931417,1.3115504,0.99453729,0.0047736359,-0.0042157721,6.6139404,16.937034
1.1308166,0.020983134,1.292266,1.012733,0.0048055781,-0.004202828,6.2934802,17.058731
1.1313543,0.021034989,1.2726419,1.0305619,0.0048366653,-0.0041897531,5.9707817,17.174364
1.1318916,0.021086975,1.2526852,1.0480177,0.0048668981,-0.0041765551,5.6459597,17.283893
1.1324285,0.021139087,1.232403,1.0650941,0.0048962774,-0.0041632417,5.3191296,17.387279
1.1329652,0.021191316,1.2118024,1.0817851,0.0049248045,-0.0041498202,4.9904075,17.484484
1.1335015,0.021243656,1.1908907,1.0980848,0.0049524809,-0.0041362981,4.6599105,17.575476
1.1340376,0.0212961,1.1696755,1.1139873,0.0049793085,-0.0041226827,4.3277558,17.66022
1.1345733,0.021348642,1.1481643,1.129487,0.0050052896,-0.0041089814,3.9940616,17.738687
1.1351086,0.021401274,1.1263647,1.1445785,0.0050304267,-0.0040952013,3.6589466,17.810848
1.1356437,0.02145399,1.1042844,1.1592562,0.0050547226,-0.0040813496,3.3225298,17.87668
1.1361785,0.021506784,1.0819313,1.1735151,0.0050781806,-0.0040674334,2.9849308,17.936157
1.1367129,0.021559649,1.0593133,1.1873501,0.0051008041,-0.0040534596,2.6462697,17.989258
1.137247,0.021612579,1.0364386,1.2007561,0.0051225968,-0.0040394352,2.3066668,18.035966
1.1377808,0.021665566,1.0133151,1.2137285,0.0051435628,-0.0040253669,1.9662428,18.076262
1.1383143,0.021718606,0.98995122,1.2262627,0.0051637065,-0.0040112616,1.6251188,18.110133
1.1388475,0.021771691,0.96635516,1.2383542,0.0051830323,-0.0039971258,1.2834161,18.137568
1.1393804,0.021824816,0.94253532,1.2499987,0.0052015451,-0.0039829662,0.941256,18.158555
1.1399129,0.021877974,0.91850018,1.261192,0.0052192502,-0.0039687892,0.59876028,18.173087
1.1404452,0.021931159,0.89425827,1.2719302,0.0052361529,-0.0039546012,0.25605064,18.18116
1.1409771,0.021984366,0.86981823,1.2822095,0.0052522588,-0.0039404086,-0.086751081,18.18277
1.1415088,0.022037588,0.84518872,1.2920261,0.0052675738,-0.0039262175,-0.42952302,18.177917
1.1420401,0.02209082,0.82037852,1.3013767,0.005282104,-0.003912034,-0.77214333,18.166603
1.1425712,0.022144056,0.79539643,1.3102579,0.0052958558,-0.0038978642,-1.1144902,18.148831
1.1431019,0.02219729,0.77025134,1.3186665,0.0053088358,-0.0038837141,-1.456442,18.124608
1.1436324,0.022250517,0.74495218,1.3265996,0.0053210507,-0.0038695893,-1.797877,18.093942
1.1441625,0.022303731,0.71950796,1.3340543,0.0053325076,-0.0038554958,-2.138674,18.056845
1.1446924,0.022356927,0.6939277,1.3410279,0.0053432138,-0.003841439,-2.4787117,18.013329
1.145222,0.0224101,0.66822052,1.3475181,0.0053531766,-0.0038274246,-2.8178694,17.96341
1.1457513,0.022463244,0.64239554,1.3535225,0.0053624036,-0.003813458,-3.1560264,17.907105
1.1462803,0.022516354,0.61646194,1.3590389,0.0053709028,-0.0037995445,-3.4930624,17.844436
1.146809,0.022569426,0.59042895,1.3640654,0.005378682,-0.0037856893,-3.8288578,17.775423
1.1473375,0.022622453,0.56430581,1.3686002,0.0053857495,-0.0037718976,-4.1632931,17.700091
1.1478657,0.022675432,0.53810181,1.3726417,0.0053921136,-0.0037581745,-4.4962494,17.618468
1.1483936,0.022728357,0.51182628,1.3761884,0.0053977828,-0.0037445247,-4.8276084,17.530582
1.1489212,0.022781225,0.48548854,1.3792392,0.0054027659,-0.0037309533,-5.1572522,17.436464
1.1494486,0.022834029,0.45909796,1.3817928,0.0054070715,-0.0037174647,-5.4850637,17.336148
1.1499757,0.022886766,0.43266392,1.3838485,0.0054107088,-0.0037040638,-5.8109264,17.229669
1.1505025,0.022939432,0.40619581,1.3854054,0.0054136868,-0.0036907549,-6.1347243,17.117066
1.1510291,0.022992021,0.37970306,1.3864631,0.0054160148,-0.0036775425,-6.4563424,16.998378
1.1515555,0.023044531,0.35319507,1.3870211,0.0054177022,-0.0036644309,-6.7756663,16.873647
1.1520816,0.023096955,0.32668126,1.3870792,0.0054187584,-0.0036514242,-7.0925825,16.742919
1.1526074,0.023149292,0.30017106,1.3866375,0.0054191932,-0.0036385266,-7.4069784,16.606238
1.153133,0.023201536,0.2736739,1.3856961,0.0054190162,-0.0036257419,-7.7187421,16.463655
1.1536584,0.023253684,0.2471992,1.3842552,0.0054182373,-0.0036130742,-8.0277629,16.315218
1.1541836,0.023305732,0.22075636,1.3823155,0.0054168664,-0.003600527,-8.3339309,16.160982
1.1547085,0.023357676,0.19435478,1.3798776,0.0054149136,-0.0035881041,-8.6371372,16.001002
1.1552331,0.023409513,0.16800385,1.3769424,0.0054123891,-0.0035758091,-8.937274,15.835333
1.1557576,0.023461239,0.14171294,1.3735109,0.0054093029,-0.0035636453,-9.2342347,15.664034
1.1562818,0.023512851,0.1154914,1.3695843,0.0054056655,-0.0035516161,-9.5279136,15.487168
1.1568058,0.023564346,0.089348531,1.3651641,0.0054014872,-0.0035397247,-9.8182064,15.304796
1.1573296,0.023615721,0.063293644,1.3602518,0.0053967785,-0.0035279743,-10.10501,15.116983
1.1578532,0.023666971,0.037335995,1.3548492,0.0053915497,-0.0035163678,-10.388222,14.923797
1.1583766,0.023718096,0.011484813,1.3489581,0.0053858115,-0.0035049082,-10.667742,14.725305
1.1588998,0.02376909,-0.014250715,1.3425807,0.0053795746,-0.0034935982,-10.943471,14.521578
1.1594228,0.023819953,-0.039861438,1.3357192,0.0053728494,-0.0034824406,-11.21531,14.31269
1.1599456,0.02387068,-0.065338254,1.3283761,0.0053656468,-0.0034714379,-11.483163,14.098713
1.1604682,0.02392127,-0.090672106,1.320554,0.0053579774,-0.0034605927,-11.746935,13.879724
1.1609906,0.02397172,-0.11585399,1.3122557,0.0053498521,-0.0034499074,-12.006532,13.655801
1.1615129,0.024022027,-0.14087495,1.3034841,0.0053412816,-0.0034393841,-12.261862,13.427023
1.1620349,0.024072189,-0.16572609,1.2942423,0.0053322766,-0.0034290251,-12.512833,13.193472
1.1625568,0.024122204,-0.19039859,1.2845336,0.0053228481,-0.0034188325,-12.759357,12.955231
1.1630785,0.02417207,-0.21488366,1.2743615,0.0053130069,-0.0034088083,-13.001346,12.712384
1.1636001,0.024221785,-0.23917261,1.2637296,0.0053027637,-0.0033989543,-13.238714,12.465018
1.1641215,0.024271346,-0.2632568,1.2526417,0.0052921295,-0.0033892723,-13.471377,12.213221
1.1646427,0.024320753,-0.28712767,1.2411016,0.0052811151,-0.003379764,-13.699251,11.957081
1.1651638,0.024370002,-0.31077674,1.2291136,0.0052697313,-0.003370431,-13.922257,11.696691
1.1656847,0.024419093,-0.33419559,1.2166818,0.0052579889,-0.0033612747,-14.140314,11.432143
1.1662055,0.024468024,-0.35737591,1.2038107,0.0052458987,-0.0033522966,-14.353344,11.16353
1.1667262,0.024516793,-0.38030945,1.1905049,0.0052334715,-0.003343498,-14.561274,10.890949
1.1672467,0.024565399,-0.40298806,1.1767691,0.0052207181,-0.00333488,-14.764027,10.614496
1.1677671,0.024613841,-0.42540368,1.1626082,0.0052076492,-0.0033264437,-14.961533,10.334269
1.1682873,0.024662117,-0.44754834,1.1480271,0.0051942754,-0.0033181902,-15.153721,10.050369
1.1688075,0.024710227,-0.46941416,1.1330312,0.0051806075,-0.0033101204,-15.340522,9.7628948
1.1693275,0.024758169,-0.49099338,1.1176257,0.0051666561,-0.0033022351,-15.521871,9.4719501
1.1698474,0.024805942,-0.51227833,1.1018161,0.0051524317,-0.0032945351,-15.697702,9.177638
1.1703672,0.024853545,-0.53326143,1.085608,0.0051379448,-0.003287021,-15.867954,8.880063
1.1708868,0.024900977,-0.55393524,1.0690071,0.005123206,-0.0032796934,-16.032566,8.5793309
1.1714064,0.024948239,-0.57429239,1.0520195,0.0051082256,-0.0032725527,-16.191479,8.2755486
1.1719259,0.024995329,-0.59432566,1.0346511,0.005093014,-0.0032655994,-16.344637,7.9688241
1.1724453,0.025042246,-0.61402791,1.0169081,0.0050775814,-0.0032588337,-16.491985,7.6592665
1.1729645,0.02508899,-0.63339216,0.99879674,0.0050619382,-0.0032522559,-16.63347,7.3469857
1.1734837,0.025135561,-0.65241151,0.98032356,0.0050460944,-0.0032458662,-16.769044,7.0320927
1.1740028,0.025181958,-0.6710792,0.96149508,0.0050300602,-0.0032396645,-16.898656,6.7146996
1.1745219,0.025228182,-0.6893886,0.942318,0.0050138455,-0.0032336509,-17.022262,6.3949191
1.1750408,0.025274231,-0.7073332,0.92279914,0.0049974602,-0.0032278253,-17.139818,6.0728648
1.1755597,0.025320106,-0.72490661,0.90294543,0.0049809143,-0.0032221876,-17.251281,5.7486513
1.1760785,0.025365807,-0.7421026,0.88276393,0.0049642175,-0.0032167373,-17.356611,5.4223939
1.1765973,0.025411334,-0.75891505,0.86226182,0.0049473794,-0.0032114744,-17.455773,5.0942084
1.177116,0.025456687,-0.77533799,0.84144638,0.0049304096,-0.0032063982,-17.548729,4.7642115
1.1776346,0.025501865,-0.79136556,0.82032501,0.0049133176,-0.0032015085,-17.635448,4.4325206
1.1781532,0.025546871,-0.80699209,0.79890523,0.0048961129,-0.0031968046,-17.715897,4.0992535
1.1786717,0.025591703,-0.82221201,0.77719464,0.0048788046,-0.0031922859,-17.79005,3.7645288
1.1791902,0.025636362,-0.8370199,0.75520096,0.004861402,-0.0031879518,-17.857878,3.4284654
1.1797086,0.025680848,-0.85141052,0.73293202,0.0048439141,-0.0031838016,-17.919359,3.0911827
1.180227,0.025725163,-0.86537874,0.71039572,0.0048263501,-0.0031798343,-17.974471,2.7528006
1.1807454,0.025769306,-0.8789196,0.68760008,0.0048087186,-0.0031760492,-18.023193,2.4134396
1.1812637,0.025813279,-0.89202828,0.6645532,0.0047910285,-0.0031724453,-18.065508,2.07322
1.181782,0.025857082,-0.90470012,0.64126327,0.0047732885,-0.0031690216,-18.101401,1.732263
1.1823003,0.025900715,-0.91693062,0.61773858,0.004755507,-0.0031657771,-18.130861,1.3906897
1.1828185,0.02594418,-0.92871544,0.59398748,0.0047376926,-0.0031627107,-18.153875,1.0486216
1.1833367,0.025987478,-0.94005037,0.57001842,0.0047198534,-0.0031598211,-18.170436,0.70618016
1.183855,0.026030609,-0.9509314,0.54583992,0.0047019978,-0.0031571072,-18.180538,0.36348719
1.1843732,0.026073575,-0.96135465,0.52146057,0.0046841336,-0.0031545676,-18.184177,0.020664505
1.1848914,0.026116375,-0.97131642,0.49688904,0.004666269,-0.0031522011,-18.181353,-0.32216604
1.1854095,0.026159013,-0.98081317,0.47213407,0.0046484117,-0.0031500063,-18.172065,-0.66488257
1.1859277,0.026201488,-0.98984152,0.44720445,0.0046305694,-0.0031479817,-18.156318,-1.0073633
1.1864459,0.026243802,-0.99839826,0.42210904,0.0046127497,-0.0031461258,-18.134117,-1.3494864
1.1869641,0.026285957,-1.0064804,0.39685678,0.00459496,-0.0031444371,-18.10547,-1.6911303
1.1874823,0.026327953,-1.0140849,0.37145662,0.0045772077,-0.0031429141,-18.070386,-2.0321735
1.1880005,0.026369791,-1.0212093,0.34591761,0.0045594998,-0.0031415551,-18.028879,-2.3724949
1.1885187,0.026411474,-1.0278509,0.32024882,0.0045418435,-0.0031403584,-17.980964,-2.7119734
1.189037,0.026453003,-1.0340073,0.29445937,0.0045242456,-0.0031393223,-17.926656,-3.0504883
1.1895552,0.026494379,-1.0396765,0.26855844,0.004506713,-0.0031384452,-17.865976,-3.3879194
1.1900735,0.026535603,-1.0448563,0.24255523,0.0044892523,-0.0031377251,-17.798945,-3.7241467
1.1905918,0.026576678,-1.049545,0.21645899,0.00447187,-0.0031371604,-17.725587,-4.0590506
1.1911101,0.026617604,-1.0537408,0.19027898,0.0044545725,-0.003136749,-17.645928,-4.3925121
1.1916284,0.026658384,-1.0574423,0.16402452,0.004437366,-0.0031364892,-17.559996,-4.7244127
1.1921468,0.026699019,-1.0606482,0.13770494,0.0044202567,-0.0031363789,-17.467822,-5.0546343
1.1926652,0.026739511,-1.0633573,0.1113296,0.0044032504,-0.0031364163,-17.369439,-5.3830596
1.1931837,0.026779861,-1.0655687,0.084907864,0.0043863531,-0.0031365994,-17.264881,-5.7095719
1.1937022,0.026820071,-1.0672815,0.058449136,0.0043695705,-0.003136926,-17.154186,-6.034055
1.1942207,0.026860144,-1.0684952,0.031962818,0.004352908,-0.0031373942,-17.037392,-6.3563936
1.1947393,0.026900081,-1.0692093,0.0054583242,0.0043363712,-0.0031380019,-16.914543,-6.6764732
1.1952579,0.026939883,-1.0694236,-0.021054923,0.0043199652,-0.0031387469,-16.78568,-6.9941799
1.1957765,0.026979554,-1.069138,-0.047567499,0.0043036953,-0.0031396272,-16.650851,-7.3094008
1.1962953,0.027019093,-1.0683526,-0.074069979,0.0042875664,-0.0031406406,-16.510102,-7.6220238
1.196814,0.027058505,-1.0670677,-0.10055294,0.0042715834,-0.003141785,-16.363484,-7.9319379
1.1973328,0.02709779,-1.0652838,-0.12700697,0.004255751,-0.003143058,-16.21105,-8.2390328
1.1978517,0.02713695,-1.0630014,-0.15342267,0.0042400738,-0.0031444576,-16.052852,-8.5431994
1.1983706,0.027175988,-1.0602214,-0.17979064,0.0042245563,-0.0031459814,-15.888949,-8.8443295
1.1988896,0.027214905,-1.0569447,-0.20610152,0.0042092027,-0.0031476273,-15.719396,-9.1423161
1.1994087,0.027253704,-1.0531726,-0.23234594,0.0041940173,-0.003149393,-15.544256,-9.4370532
1.1999278,0.027292387,-1.0489064,-0.25851458,0.0041790041,-0.0031512762,-15.36359,-9.7284362
1.2004469,0.027330956,-1.0441476,-0.28459814,0.004164167,-0.0031532745,-15.177463,-10.016361
1.2009662,0.027369412,-1.0388978,-0.31058735,0.0041495097,-0.0031553858,-14.98594,-10.300726
1.2014855,0.027407758,-1.033159,-0.33647296,0.0041350359,-0.0031576076,-14.789089,-10.58143
1.2020048,0.027445996,-1.0269332,-0.36224577,0.0041207491,-0.0031599377,-14.586982,-10.858373
1.2025243,0.027484129,-1.0202227,-0.38789663,0.0041066526,-0.0031623737,-14.379689,-11.131456
1.2030438,0.027522158,-1.0130297,-0.41341642,0.0040927497,-0.0031649133,-14.167284,-11.400583
1.2035634,0.027560085,-1.0053568,-0.43879605,0.0040790434,-0.0031675542,-13.949842,-11.665657
1.2040831,0.027597913,-0.99720684,-0.46402652,0.0040655368,-0.0031702939,-13.727442,-11.926585
1.2046028,0.027635644,-0.98858263,-0.48909885,0.0040522326,-0.0031731302,-13.500162,-12.183274
1.2051226,0.02767328,-0.97948727,-0.51400413,0.0040391335,-0.0031760606,-13.268082,-12.435632
1.2056425,0.027710824,-0.96992398,-0.53873351,0.0040262422,-0.0031790828,-13.031286,-12.68357
1.2061625,0.027748276,-0.95989616,-0.56327819,0.004013561,-0.0031821945,-12.789857,-12.927
1.2066825,0.027785641,-0.94940738,-0.58762946,0.0040010923,-0.0031853933,-12.543882,-13.165835
1.2072027,0.027822919,-0.93846136,-0.61177865,0.0039888382,-0.0031886767,-12.293447,-13.39999
1.2077229,0.027860113,-0.927062,-0.63571717,0.0039768009,-0.0031920426,-12.038642,-13.629382
1.2082432,0.027897226,-0.91521335,-0.65943653,0.0039649822,-0.0031954885,-11.779557,-13.853929
1.2087636,0.027934258,-0.90291961,-0.68292829,0.003953384,-0.003199012,-11.516285,-14.073552
1.209284,0.027971214,-0.89018517,-0.7061841,0.0039420079,-0.0032026108,-11.248919,-14.288173
1.2098046,0.028008095,-0.87701454,-0.72919568,0.0039308556,-0.0032062826,-10.977553,-14.497715
1.2103252,0.028044902,-0.86341241,-0.75195487,0.0039199284,-0.003210025,-10.702285,-14.702103
1.210846,0.028081639,-0.84938362,-0.77445357,0.0039092278,-0.0032138357,-10.423213,-14.901266
1.2113668,0.028118307,-0.83493315,-0.79668378,0.0038987549,-0.0032177125,-10.140435,-15.095132
1.2118877,0.028154909,-0.82006613,-0.81863761,0.0038885109,-0.0032216529,-9.8540519,-15.283632
1.2124087,0.028191447,-0.80478786,-0.84030724,0.0038784966,-0.0032256547,-9.5641659,-15.4667
1.2129298,0.028227922,-0.78910376,-0.86168497,0.0038687131,-0.0032297155,-9.2708796,-15.64427
1.2134509,0.028264338,-0.77301941,-0.88276321,0.003859161,-0.0032338332,-8.9742976,-15.816278
1.2139722,0.028300696,-0.75654052,-0.90353446,0.003849841,-0.0032380055,-8.6745251,-15.982665
1.2144935,0.028336999,-0.73967296,-0.92399133,0.0038407536,-0.0032422301,-8.3716687,-16.143371
1.215015,0.028373248,-0.72242272,-0.94412657,0.0038318994,-0.0032465047,-8.0658362,-16.298339
1.2155365,0.028409446,-0.70479594,-0.963933,0.0038232785,-0.0032508272,-7.7571361,-16.447513
1.2160581,0.028445595,-0.68679887,-0.98340359,0.0038148913,-0.0032551953,-7.4456782,-16.59084
1.2165799,0.028481697,-0.66843792,-1.0025314,0.0038067378,-0.003259607,-7.1315733,-16.72827
1.2171017,0.028517753,-0.64971961,-1.0213097,0.0037988182,-0.0032640598,-6.814933,-16.859754
1.2176236,0.028553767,-0.6306506,-1.0397317,0.0037911322,-0.0032685519,-6.4958699,-16.985245
1.2181456,0.02858974,-0.61123766,-1.0577909,0.0037836797,-0.0032730809,-6.1744973,-17.104699
1.2186676,0.028625674,-0.5914877,-1.075481,0.0037764606,-0.0032776448,-5.8509296,-17.218072
1.2191898,0.028661572,-0.57140774,-1.0927955,0.0037694743,-0.0032822415,-5.5252817,-17.325325
1.2197121,0.028697435,-0.55100491,-1.1097284,0.0037627204,-0.0032868689,-5.1976694,-17.426419
1.2202344,0.028733265,-0.53028647,-1.1262736,0.0037561985,-0.003291525,-4.8682091,-17.521319
1.2207569,0.028769064,-0.50925978,-1.1424253,0.0037499078,-0.0032962076,-4.537018,-17.609991
1.2212794,0.028804834,-0.48793232,-1.1581777,0.0037438476,-0.0033009149,-4.2042138,-17.692402
1.2218021,0.028840578,-0.46631167,-1.1735252,0.0037380172,-0.0033056448,-3.8699147,-17.768525
1.2223248,0.028876297,-0.44440551,-1.1884623,0.0037324156,-0.0033103954,-3.5342398,-17.838332
1.2228476,0.028911992,-0.42222164,-1.2029838,0.0037270418,-0.0033151646,-3.1973081,-17.901798
1.2233705,0.028947667,-0.39976793,-1.2170844,0.0037218948,-0.0033199506,-2.8592396,-17.9589
1.2238935,0.028983322,-0.37705237,-1.2307593,0.0037169734,-0.0033247516,-2.5201544,-18.009619
1.2244166,0.02901896,-0.35408303,-1.2440034,0.0037122765,-0.0033295655,-2.1801731,-18.053936
1.2249398,0.029054582,-0.33086808,-1.2568122,0.0037078028,-0.0033343906,-1.8394164,-18.091835
1.225463,0.02909019,-0.30741578,-1.269181,0.0037035508,-0.003339225,-1.4980055,-18.123303
1.2259864,0.029125786,-0.28373445,-1.2811054,0.0036995191,-0.003344067,-1.1560619,-18.148329
1.2265098,0.029161372,-0.25983252,-1.2925812,0.0036957063,-0.0033489148,-0.81370696,-18.166903
1.2270334,0.029196949,-0.23571848,-1.3036044,0.0036921108,-0.0033537666,-0.47106248,-18.17902
1.227557,0.02923252,-0.2114009,-1.314171,0.0036887309,-0.0033586207,-0.12825025,-18.184675
1.2280807,0.029268085,-0.18688844,-1.3242773,0.0036855649,-0.0033634754,0.21460788,-18.183866
1.2286045,0.029303647,-0.16218979,-1.3339196,0.0036826111,-0.0033683292,0.55739002,-18.176593
1.2291283,0.029339207,-0.13731375,-1.3430946,0.0036798676,-0.0033731802,0.89997433,-18.162859
1.2296523,0.029374766,-0.11226916,-1.3517989,0.0036773326,-0.003378027,1.242239,-18.142668
1.2301763,0.029410327,-0.087064907,-1.3600295,0.003675004,-0.0033828679,1.5840624,-18.116028
1.2307004,0.029445891,-0.061709966,-1.3677835,0.0036728799,-0.0033877014,1.9253231,-18.082948
1.2312246,0.029481459,-0.036213345,-1.3750581,0.0036709583,-0.003392526,2.2658996,-18.043441
1.2317489,0.029517033,-0.010584108,-1.3818506,0.003669237,-0.0033973402,2.6056709,-17.997519
1.2322733,0.029552614,0.015168635,-1.3881588,0.0036677139,-0.0034021425,2.9445163,-17.9452
1.2327977,0.029588204,0.041035729,-1.3939804,0.0036663867,-0.0034069315,3.2823152,-17.886502
1.2333223,0.029623804,0.067007979,-1.3993132,0.0036652533,-0.0034117057,3.6189477,-17.821446
1.2338469,0.029659416,0.093076153,-1.4041554,0.0036643112,-0.0034164639,3.954294,-17.750054
1.2343716,0.029695041,0.11923098,-1.4085053,0.0036635583,-0.0034212046,4.288235,-17.672353
1.2348963,0.029730681,0.14546317,-1.4123613,0.003662992,-0.0034259266,4.6206518,-17.58837
1.2354212,0.029766336,0.1717634,-1.4157221,0.00366261,-0.0034306285,4.9514265,-17.498135
1.2359461,0.029802008,0.19812231,-1.4185865,0.0036624097,-0.0034353091,5.2804413,-17.40168
1.236471,0.029837698,0.22453054,-1.4209533,0.0036623888,-0.0034399672,5.6075793,-17.299039
1.2369961,0.029873407,0.25097869,-1.4228219,0.0036625446,-0.0034446015,5.9327242,-17.190248
1.2375212,0.029909137,0.27745738,-1.4241915,0.0036628746,-0.003449211,6.2557605,-17.075347
1.2380464,0.02994489,0.30395717,-1.4250617,0.0036633762,-0.0034537944,6.5765733,-16.954376
1.2385717,0.029980665,0.33046866,-1.4254321,0.0036640468,-0.0034583506,6.8950486,-16.827378
1.239097,0.030016464,0.35698242,-1.4253026,0.0036648837,-0.0034628787,7.211073,-16.694398
1.2396224,0.030052288,0.38348903,-1.4246733,0.0036658842,-0.0034673774,7.5245344,-16.555484
1.2401479,0.030088138,0.40997906,-1.4235443,0.0036670455,-0.0034718459,7.8353213,-16.410684
1.2406734,0.030124016,0.43644309,-1.4219161,0.0036683651,-0.0034762831,8.1433232,-16.260052
1.2411991,0.030159922,0.46287173,-1.4197893,0.0036698401,-0.0034806881,8.4484306,-16.103639
1.2417247,0.030195858,0.48925556,-1.4171646,0.0036714677,-0.0034850599,8.750535,-15.941501
1.2422504,0.030231823,0.51558523,-1.4140429,0.0036732452,-0.0034893976,9.0495291,-15.773697
1.2427762,0.03026782,0.54185136,-1.4104254,0.0036751697,-0.0034937005,9.3453065,-15.600286
1.2433021,0.030303849,0.56804462,-1.4063134,0.0036772384,-0.0034979675,9.6377622,-15.421329
1.243828,0.030339911,0.59415569,-1.4017082,0.0036794484,-0.0035021979,9.9267921,-15.23689
1.244354,0.030376006,0.62017531,-1.3966116,0.0036817969,-0.003506391,10.212294,-15.047034
1.24488,0.030412136,0.64609421,-1.3910254,0.0036842811,-0.0035105459,10.494165,-14.85183
1.2454061,0.030448302,0.67190318,-1.3849515,0.003686898,-0.003514662,10.772306,-14.651346
1.2459322,0.030484503,0.69759305,-1.378392,0.0036896448,-0.0035187385,11.046619,-14.445654
1.2464584,0.030520741,0.72315469,-1.3713495,0.0036925186,-0.0035227749,11.317004,-14.234827
1.2469847,0.030557017,0.74857901,-1.3638262,0.0036955164,-0.0035267703,11.583367,-14.01894
1.2475109,0.030593331,0.77385698,-1.355825,0.0036986354,-0.0035307244,11.845613,-13.798069
1.2480373,0.030629684,0.7989796,-1.3473486,0.0037018726,-0.0035346363,12.103648,-13.572294
1.2485637,0.030666077,0.82393795,-1.3384,0.0037052252,-0.0035385057,12.35738,-13.341693
1.2490901,0.030702509,0.84872315,-1.3289826,0.0037086902,-0.0035423319,12.60672,-13.10635
1.2496166,0.030738982,0.8733264,-1.3190995,0.0037122647,-0.0035461145,12.851579,-12.866348
1.2501432,0.030775497,0.89773894,-1.3087543,0.0037159459,-0.003549853,13.09187,-12.621772
1.2506697,0.030812053,0.92195211,-1.2979507,0.0037197307,-0.0035535469,13.327507,-12.372709
1.2511964,0.030848651,0.94595729,-1.2866925,0.0037236164,-0.0035571959,13.558407,-12.119248
1.251723,0.030885292,0.96974595,-1.2749838,0.0037276,-0.0035607995,13.784487,-11.861479
1.2522497,0.030921976,0.99330964,-1.2628287,0.0037316786,-0.0035643574,14.005668,-11.599494
1.2527765,0.030958703,1.01664,-1.2502314,0.0037358493,-0.0035678691,14.22187,-11.333384
1.2533033,0.030995475,1.0397287,-1.2371966,0.0037401093,-0.0035713345,14.433016,-11.063246
1.2538301,0.03103229,1.0625675,-1.2237288,0.0037444557,-0.0035747532,14.639032,-10.789176
1.254357,0.03106915,1.0851484,-1.2098327,0.0037488856,-0.003578125,14.839845,-10.511269
1.2548839,0.031106055,1.1074632,-1.1955135,0.0037533963,-0.0035814495,15.035382,-10.229627
1.2554108,0.031143006,1.1295042,-1.1807761,0.0037579849,-0.0035847267,15.225575,-9.9443472
1.2559378,0.031180001,1.1512633,-1.1656257,0.0037626485,-0.0035879562,15.410356,-9.6555328
1.2564648,0.031217043,1.172733,-1.1500678,0.0037673844,-0.0035911379,15.589659,-9.363286
1.2569918,0.03125413,1.1939055,-1.1341079,0.0037721898,-0.0035942717,15.763421,-9.0677107
1.2575188,0.031291264,1.2147734,-1.1177517,0.0037770619,-0.0035973575,15.931579,-8.7689119
1.2580459,0.031328443,1.2353292,-1.101005,0.0037819981,-0.0036003951,16.094074,-8.4669959
1.258573,0.03136567,1.2555656,-1.0838737,0.0037869955,-0.0036033845,16.250848,-8.1620699
1.2591002,0.031402942,1.2754755,-1.0663639,0.0037920514,-0.0036063256,16.401845,-7.8542424
1.2596273,0.031440262,1.2950517,-1.0484819,0.0037971633,-0.0036092184,16.547012,-7.5436227
1.2601545,0.031477628,1.3142873,-1.030234,0.0038023283,-0.0036120629,16.686298,-7.2303214
1.2606818,0.031515041,1.3331754,-1.0116266,0.0038075439,-0.003614859,16.819652,-6.9144498
1.261209,0.031552501,1.3517094,-0.99266653,0.0038128074,-0.0036176068,16.947027,-6.59612
1.2617362,0.031590007,1.3698826,-0.97336035,0.0038181163,-0.0036203063,17.068377,-6.2754454
1.2622635,0.031627561,1.3876886,-0.95371499,0.003823468,-0.0036229577,17.183661,-5.95254
1.2627908,0.031665161,1.405121,-0.93373742,0.0038288599,-0.003625561,17.292836,-5.6275183
1.2633181,0.031702809,1.4221737,-0.91343475,0.0038342895,-0.0036281163,17.395865,-5.3004961
1.2638455,0.031740503,1.4388406,-0.89281418,0.0038397543,-0.0036306237,17.492709,-4.9715896
1.2643728,0.031778243,1.4551158,-0.87188306,0.0038452519,-0.0036330834,17.583336,-4.6409157
1.2649002,0.031816031,1.4709935,-0.85064882,0.0038507798,-0.0036354955,17.667712,-4.3085919
1.2654275,0.031853865,1.486468,-0.82911901,0.0038563355,-0.0036378602,17.745808,-3.9747363
1.2659549,0.031891745,1.5015339,-0.80730129,0.0038619168,-0.0036401778,17.817596,-3.6394677
1.2664823,0.031929671,1.5161858,-0.7852034,0.0038675213,-0.0036424484,17.88305,-3.3029052
1.2670097,0.031967643,1.5304184,-0.76283321,0.0038731466,-0.0036446722,17.942148,-2.9651684
1.2675372,0.032005662,1.5442268,-0.74019867,0.0038787905,-0.0036468496,17.994867,-2.6263775
1.2680646,0.032043725,1.5576059,-0.71730782,0.0038844507,-0.0036489807,18.04119,-2.2866528
1.268592,0.032081835,1.5705512,-0.69416879,0.0038901249,-0.0036510658,18.0811,-1.9461151
1.2691195,0.032119989,1.5830578,-0.67078983,0.003895811,-0.0036531053,18.114582,-1.6048855
1.2696469,0.032158189,1.5951215,-0.64717923,0.0039015069,-0.0036550995,18.141625,-1.2630852
1.2701744,0.032196433,1.6067379,-0.62334539,0.0039072102,-0.0036570486,18.16222,-0.92083576
1.2707019,0.032234721,1.617903,-0.59929677,0.0039129191,-0.003658953,18.176358,-0.57825884
1.2712293,0.032273054,1.6286126,-0.57504194,0.0039186314,-0.0036608131,18.184035,-0.23547622
1.2717568,0.03231143,1.638863,-0.55058951,0.003924345,-0.0036626291,18.185248,0.10739026
1.2722843,0.03234985,1.6486507,-0.52594818,0.0039300581,-0.0036644016,18.179997,0.45021871
1.2728117,0.032388313,1.657972,-0.50112669,0.0039357685,-0.0036661308,18.168284,0.79288727
1.2733392,0.032426819,1.6668237,-0.47613389,0.0039414745,-0.0036678172,18.150112,1.1352741
1.2738667,0.032465368,1.6752026,-0.45097864,0.003947174,-0.0036694612,18.125488,1.4772576
1.2743942,0.032503958,1.6831058,-0.4256699,0.0039528653,-0.0036710632,18.094421,1.8187161
1.2749216,0.032542591,1.6905304,-0.40021665,0.0039585465,-0.0036726237,18.056922,2.1595282
1.2754491,0.032581264,1.6974738,-0.37462795,0.0039642159,-0.003674143,18.013005,2.4995728
1.2759766,0.032619979,1.7039336,-0.3489129,0.0039698716,-0.0036756217,17.962684,2.8387291
1.276504,0.032658734,1.7099074,-0.32308063,0.003975512,-0.0036770601,17.905978,3.1768764
1.2770315,0.032697529,1.7153931,-0.29714033,0.0039811353,-0.0036784589,17.842907,3.5138945
1.2775589,0.032736363,1.7203888,-0.27110121,0.0039867401,-0.0036798184,17.773493,3.8496637
1.2780864,0.032775237,1.7248927,-0.24497254,0.0039923245,-0.0036811391,17.697762,4.1840646
1.2786138,0.03281415,1.7289032,-0.2187636,0.0039978871,-0.0036824216,17.615739,4.5169783
1.2791412,0.032853101,1.7324189,-0.19248371,0.0040034264,-0.0036836663,17.527454,4.8482865
1.2796686,0.032892089,1.7354384,-0.16614221,0.0040089408,-0.0036848738,17.432939,5.1778714
1.2801961,0.032931115,1.7379609,-0.13974846,0.0040144289,-0.0036860446,17.332227,5.5056158
1.2807235,0.032970178,1.7399852,-0.11331185,0.0040198892,-0.0036871792,17.225354,5.8314033
1.2812508,0.033009277,1.7415108,-0.086841779,0.0040253204,-0.0036882781,17.112357,6.155118
1.2817782,0.033048412,1.7425371,-0.060347646,0.0040307211,-0.0036893419,16.993278,6.4766449
1.2823056,0.033087583,1.7430637,-0.033838875,0.00403609,-0.0036903712,16.868157,6.7958696
1.2828329,0.033126788,1.7430904,-0.0073248886,0.0040414259,-0.0036913665,16.737041,7.1126787
1.2833603,0.033166027,1.7426172,0.019184889,0.0040467274,-0.0036923283,16.599975,7.4269596
1.2838876,0.033205301,1.7416444,0.045681033,0.0040519934,-0.0036932572,16.457009,7.7386006
1.2844149,0.033244607,1.7401721,0.072154127,0.0040572227,-0.0036941538,16.308192,8.0474908
1.2849422,0.033283946,1.7382011,0.098594758,0.0040624142,-0.0036950186,16.153578,8.3535205
1.2854695,0.033323317,1.7357319,0.12499353,0.0040675667,-0.0036958523,15.993222,8.6565808
1.2859968,0.03336272,1.7327654,0.15134105,0.0040726793,-0.0036966553,15.82718,8.9565641
1.2865241,0.033402154,1.7293027,0.17762797,0.0040777508,-0.0036974283,15.655513,9.2533638
1.2870513,0.033441618,1.7253451,0.20384493,0.0040827804,-0.0036981719,15.47828,9.5468742
1.2875785,0.033481113,1.7208939,0.22998261,0.004087767,-0.0036988867,15.295546,9.836991
1.2881057,0.033520636,1.7159507,0.25603174,0.0040927097,-0.0036995732,15.107374,10.123611
1.2886329,0.033560189,1.7105172,0.28198303,0.0040976077,-0.003700232,14.913831,10.406633
1.2891601,0.033599769,1.7045955,0.30782727,0.0041024601,-0.0037008637,14.714988,10.685955
1.2896873,0.033639378,1.6981876,0.33355528,0.004107266,-0.003701469,14.510913,10.96148
1.2902144,0.033679013,1.6912958,0.35915791,0.0041120248,-0.0037020484,14.30168,11.233107
1.2907415,0.033718675,1.6839225,0.38462605,0.0041167356,-0.0037026025,14.087364,11.500742
1.2912686,0.033758362,1.6760703,0.40995065,0.0041213977,-0.0037031319,13.868039,11.764289
1.2917957,0.033798075,1.6677421,0.43512272,0.0041260105,-0.0037036372,13.643785,12.023653
1.2923228,0.033837813,1.6589408,0.4601333,0.0041305733,-0.003704119,13.414681,12.278744
1.2928498,0.033877575,1.6496696,0.4849735,0.0041350855,-0.0037045779,13.180808,12.529471
1.2933768,0.033917361,1.6399317,0.50963449,0.0041395465,-0.0037050145,12.94225,12.775743
1.2939038,0.033957169,1.6297305,0.53410751,0.0041439558,-0.0037054294,12.699091,13.017474
1.2944308,0.033997,1.6190698,0.55838386,0.0041483128,-0.0037058232,12.451418,13.254578
1.2949578,0.034036853,1.6079533,0.5824549,0.0041526171,-0.0037061964,12.199318,13.48697
1.2954847,0.034076727,1.596385,0.60631208,0.0041568682,-0.0037065498,11.942883,13.714568
1.2960116,0.034116622,1.5843689,0.62994693,0.0041610657,-0.0037068837,11.682201,13.937292
1.2965385,0.034156537,1.5719094,0.65335103,0.0041652092,-0.003707199,11.417367,14.15506
1.2970654,0.034196471,1.5590109,0.67651607,0.0041692984,-0.0037074961,11.148474,14.367798
1.2975922,0.034236424,1.5456779,0.69943381,0.0041733329,-0.0037077756,10.875619,14.575428
1.2981191,0.034276396,1.5319152,0.72209612,0.0041773123,-0.0037080381,10.598897,14.777877
1.2986459,0.034316385,1.5177277,0.74449492,0.0041812365,-0.0037082842,10.318407,14.975072
1.2991726,0.034356392,1.5031205,0.76662227,0.0041851052,-0.0037085144,10.03425,15.166945
1.2996994,0.034396415,1.4880986,0.78847028,0.0041889182,-0.0037087294,9.7465257,15.353426
1.3002261,0.034436455,1.4726676,0.81003121,0.0041926753,-0.0037089296,9.4553367,15.53445
1.3007529,0.03447651,1.4568327,0.83129738,0.0041963763,-0.0037091158,9.1607865,15.709952
1.3012796,0.03451658,1.4405998,0.85226124,0.004200021,-0.0037092883,8.8629798,15.879869
1.3018062,0.034556664,1.4239745,0.87291532,0.0042036095,-0.0037094479,8.5620225,16.044142
1.3023329,0.034596762,1.4069628,0.8932523,0.0042071416,-0.0037095949,8.2580216,16.202711
1.3028595,0.034636873,1.3895707,0.91326493,0.0042106172,-0.0037097301,7.9510851,16.355521
1.3033861,0.034676997,1.3718044,0.93294612,0.0042140364,-0.0037098539,7.6413222,16.502517
1.3039127,0.034717134,1.3536701,0.95228885,0.0042173991,-0.0037099668,7.328843,16.643647
1.3044392,0.034757282,1.3351745,0.97128626,0.0042207054,-0.0037100695,7.0137585,16.77886
1.3049658,0.034797441,1.3163239,0.98993159,0.0042239552,-0.0037101623,6.6961807,16.908109
1.3054923,0.034837611,1.2971252,1.0082182,0.0042271487,-0.003710246,6.3762226,17.031348
1.3060188,0.03487779,1.2775852,1.0261396,0.004230286,-0.0037103209,6.0539978,17.148533
1.3065452,0.03491798,1.2577107,1.0436895,0.0042333671,-0.0037103876,5.729621,17.259622
1.3070717,0.034958178,1.2375089,1.0608615,0.0042363923,-0.0037104466,5.4032074,17.364576
1.3075981,0.034998385,1.2169869,1.0776496,0.0042393616,-0.0037104984,5.074873,17.463357
1.3081245,0.0350386,1.1961521,1.0940478,0.0042422752,-0.0037105435,4.7447346,17.55593
1.3086508,0.035078822,1.1750119,1.1100503,0.0042451335,-0.0037105825,4.4129095,17.642263
1.3091772,0.035119052,1.1535737,1.1256514,0.0042479365,-0.0037106156,4.0795157,17.722325
1.3097035,0.035159287,1.1318451,1.1408456,0.0042506845,-0.0037106436,3.7446717,17.796087
1.3102298,0.035199529,1.109834,1.1556274,0.0042533778,-0.0037106668,3.4084965,17.863523
1.3107561,0.035239777,1.0875481,1.1699916,0.0042560167,-0.0037106856,3.0711096,17.924608
1.3112823,0.035280029,1.0649954,1.183933,0.0042586014,-0.0037107007,2.7326309,17.979323
1.3118086,0.035320287,1.0421838,1.1974469,0.0042611324,-0.0037107123,2.3931809,18.027646
1.3123348,0.035360548,1.0191215,1.2105282,0.0042636098,-0.003710721,2.05288,18.069561
1.312861,0.035400813,0.99581665,1.2231724,0.0042660342,-0.0037107272,1.7118494,18.105052
1.3133871,0.035441081,0.97227759,1.235375,0.0042684058,-0.0037107313,1.3702102,18.134108
1.3139133,0.035481353,0.94851265,1.2471317,0.004270725,-0.0037107338,1.0280839,18.156718
1.3144394,0.035521626,0.92453028,1.2584382,0.0042729922,-0.0037107351,0.68559205,18.172873
1.3149655,0.035561902,0.90033902,1.2692905,0.004275208,-0.0037107355,0.34285646,18.182569
1.3154916,0.035602179,0.87594745,1.2796849,0.0042773726,-0.0037107356,-1.0588063e-06,18.185801
